date,market,variety,origin,method,unit_kg,qty_kg,qty_total_kg,high_yen,mid_yen,low_yen,high_yen_per_kg,mid_yen_per_kg,low_yen_per_kg
2025-05-10,大田,デラウェア,各地,相対,2.0,997.0,997.0,7560.0,7560.0,,3780,3780,
2025-05-10,淀橋,デラウェア,各地,相対,2.0,271.0,271.0,8640.0,,6480.0,4320,,3240
2025-05-10,葛西,デラウェア,大阪,相対,0.3,1800.0,1800.0,,1296.0,,,4320,
2025-05-10,豊洲,デラウェア,各地,相対,2.0,32.0,32.0,,7560.0,,,3780,
2025-05-12,葛西,デラウェア,大阪,相対,0.3,900.0,900.0,,1296.0,,,4320,
2025-05-13,大田,デラウェア,各地,相対,2.0,1480.0,1525.0,8640.0,8640.0,4860.0,4320,4320,2430
2025-05-13,淀橋,デラウェア,各地,相対,2.0,728.0,728.0,8100.0,,,4050,,
2025-05-13,葛西,デラウェア,大阪,相対,0.3,1000.0,1000.0,,1296.0,,,4320,
2025-05-13,豊洲,デラウェア,各地,相対,2.0,68.0,68.0,10800.0,,7560.0,5400,,3780
2025-05-15,大田,デラウェア,各地,相対,2.0,1433.0,1448.0,8640.0,,5400.0,4320,,2700
2025-05-15,板橋,デラウェア,大阪,相対,0.3,100.0,100.0,,432.0,,,1440,
2025-05-15,淀橋,デラウェア,各地,相対,2.0,353.0,353.0,7560.0,,,3780,,
2025-05-15,葛西,デラウェア,大阪,相対,0.3,100.0,100.0,,1296.0,,,4320,
2025-05-15,豊洲,デラウェア,各地,相対,2.0,109.0,109.0,8100.0,,7560.0,4050,,3780
2025-05-17,大田,デラウェア,各地,相対,2.0,1774.0,1781.0,8640.0,7020.0,5400.0,4320,3510,2700
2025-05-17,淀橋,デラウェア,各地,相対,2.0,461.0,461.0,7560.0,,,3780,,
2025-05-17,葛西,デラウェア,島根,せり・入札,2.0,1700.0,1700.0,1404.0,,,702,,
2025-05-17,豊洲,デラウェア,各地,相対,2.0,40.0,40.0,7560.0,,6480.0,3780,,3240
2025-05-19,大田,デラウェア,島根,相対,2.0,1362.0,1374.0,5184.0,,,2592,,
2025-05-19,葛西,デラウェア,大阪,相対,0.3,2800.0,2800.0,,1404.0,,,4680,
2025-05-20,大田,デラウェア,各地,相対,2.0,2116.0,2178.0,7560.0,6912.0,5400.0,3780,3456,2700
2025-05-20,大田,デラウェア,島根,相対,2.0,2116.0,2178.0,5184.0,5162.0,5076.0,2592,2581,2538
2025-05-20,板橋,デラウェア,各地,相対,2.0,100.0,100.0,,1620.0,,,810,
2025-05-20,淀橋,デラウェア,各地,相対,2.0,303.0,303.0,8640.0,,6480.0,4320,,3240
2025-05-20,葛西,デラウェア,大阪,相対,0.3,1100.0,1100.0,,1404.0,,,4680,
2025-05-20,豊洲,デラウェア,各地,相対,2.0,62.0,62.0,8640.0,,7560.0,4320,,3780
2025-05-22,大田,デラウェア,各地,相対,2.0,2472.0,2510.0,7560.0,6912.0,5400.0,3780,3456,2700
2025-05-22,大田,デラウェア,島根,相対,2.0,2472.0,2510.0,4860.0,4666.0,4644.0,2430,2333,2322
2025-05-22,板橋,デラウェア,島根,相対,2.0,100.0,100.0,,1620.0,,,810,
2025-05-22,淀橋,デラウェア,各地,相対,2.0,506.0,506.0,8640.0,,6480.0,4320,,3240
2025-05-22,豊洲,デラウェア,各地,相対,2.0,216.0,216.0,8100.0,7560.0,7020.0,4050,3780,3510
2025-05-22,豊洲,デラウェア,大阪,相対,0.3,216.0,216.0,864.0,,702.0,2880,,2340
2025-05-23,大田,デラウェア,島根,相対,2.0,1514.0,1514.0,4860.0,4698.0,4644.0,2430,2349,2322
2025-05-23,葛西,デラウェア,大阪,相対,0.3,1000.0,1000.0,,1404.0,,,4680,
2025-05-24,多摩NT,デラウェア,各地,相対,2.0,30.0,30.0,7560.0,7020.0,6480.0,3780,3510,3240
2025-05-24,大田,デラウェア,各地,相対,2.0,2776.0,2776.0,6480.0,6480.0,,3240,3240,
2025-05-24,大田,デラウェア,大阪,相対,0.3,2776.0,2776.0,810.0,810.0,670.0,2700,2700,2233
2025-05-24,大田,デラウェア,島根,相対,2.0,2776.0,2776.0,4644.0,4590.0,4536.0,2322,2295,2268
2025-05-24,板橋,デラウェア,大阪,相対,0.3,200.0,200.0,2160.0,2160.0,432.0,7200,7200,1440
2025-05-24,葛西,デラウェア,大阪,相対,0.3,700.0,700.0,,1296.0,,,4320,
2025-05-24,豊島,デラウェア,大阪,相対,0.3,200.0,200.0,810.0,756.0,702.0,2700,2520,2340
2025-05-24,豊洲,デラウェア,各地,相対,2.0,220.0,220.0,8100.0,,7020.0,4050,,3510
2025-05-24,豊洲,デラウェア,大阪,相対,0.3,220.0,220.0,810.0,,702.0,2700,,2340
2025-05-26,大田,デラウェア,島根,相対,2.0,2059.0,2065.0,4320.0,4039.0,3888.0,2160,2020,1944
2025-05-26,葛西,デラウェア,大阪,相対,0.3,2000.0,2000.0,,1404.0,,,4680,
2025-05-27,北足立,デラウェア,大阪,相対,0.3,300.0,300.0,756.0,,,2520,,
2025-05-27,大田,デラウェア,各地,相対,2.0,2682.0,2706.0,6480.0,6372.0,5400.0,3240,3186,2700
2025-05-27,大田,デラウェア,大阪,相対,0.3,2682.0,2706.0,756.0,,,2520,,
2025-05-27,大田,デラウェア,島根,相対,2.0,2682.0,2706.0,4320.0,4028.0,3888.0,2160,2014,1944
2025-05-27,板橋,デラウェア,大阪,相対,0.3,194.0,200.0,594.0,540.0,432.0,1980,1800,1440
2025-05-27,板橋,デラウェア,大阪,第三者販売,0.3,6.0,200.0,,540.0,,,1800,
2025-05-27,淀橋,デラウェア,大阪,相対,0.3,547.0,547.0,756.0,,,2520,,
2025-05-27,葛西,デラウェア,大阪,相対,0.3,1300.0,1300.0,,1404.0,,,4680,
2025-05-27,豊島,デラウェア,大阪,相対,0.3,100.0,100.0,756.0,702.0,648.0,2520,2340,2160
2025-05-27,豊洲,デラウェア,各地,相対,2.0,575.0,575.0,7560.0,7020.0,6480.0,3780,3510,3240
2025-05-27,豊洲,デラウェア,大阪,相対,0.3,575.0,575.0,756.0,648.0,594.0,2520,2160,1980
2025-05-29,大田,デラウェア,各地,相対,2.0,3608.0,3608.0,7020.0,5940.0,,3510,2970,
2025-05-29,大田,デラウェア,大阪,相対,0.3,3608.0,3608.0,702.0,,,2340,,
2025-05-29,大田,デラウェア,島根,相対,2.0,3608.0,3608.0,4860.0,3899.0,3672.0,2430,1950,1836
2025-05-29,板橋,デラウェア,大阪,相対,0.3,89.0,100.0,594.0,518.0,432.0,1980,1727,1440
2025-05-29,板橋,デラウェア,大阪,第三者販売,0.3,11.0,100.0,594.0,540.0,,1980,1800,
2025-05-29,淀橋,デラウェア,大阪,相対,0.3,665.0,665.0,702.0,,,2340,,
2025-05-29,葛西,デラウェア,大阪,相対,0.3,400.0,400.0,,1404.0,,,4680,
2025-05-29,豊島,デラウェア,大阪,相対,0.3,200.0,200.0,756.0,648.0,540.0,2520,2160,1800
2025-05-29,豊洲,デラウェア,各地,相対,2.0,397.0,397.0,,6480.0,,,3240,
2025-05-29,豊洲,デラウェア,大阪,相対,0.3,397.0,397.0,724.0,,670.0,2413,,2233
2025-05-30,北足立,デラウェア,大阪,相対,0.3,300.0,300.0,702.0,,,2340,,
2025-05-30,大田,デラウェア,大阪,相対,0.3,2811.0,2811.0,702.0,648.0,540.0,2340,2160,1800
2025-05-30,大田,デラウェア,島根,相対,2.0,2811.0,2811.0,3888.0,3791.0,3672.0,1944,1896,1836
2025-05-30,淀橋,デラウェア,大阪,相対,0.3,357.0,357.0,702.0,,,2340,,
2025-05-30,葛西,デラウェア,大阪,相対,0.3,1300.0,1300.0,,1404.0,,,4680,
2025-05-30,豊島,デラウェア,大阪,相対,0.3,100.0,100.0,756.0,702.0,648.0,2520,2340,2160
2025-05-30,豊洲,デラウェア,大阪,相対,0.3,448.0,448.0,702.0,594.0,540.0,2340,1980,1800
2025-05-31,大田,デラウェア,各地,相対,2.0,4055.0,4055.0,5940.0,5940.0,,2970,2970,
2025-05-31,大田,デラウェア,大阪,相対,0.3,4055.0,4055.0,702.0,,,2340,,
2025-05-31,大田,デラウェア,島根,相対,2.0,4055.0,4055.0,4104.0,3845.0,3672.0,2052,1922,1836
2025-05-31,板橋,デラウェア,大阪,相対,0.3,193.0,200.0,594.0,518.0,432.0,1980,1727,1440
2025-05-31,板橋,デラウェア,大阪,第三者販売,0.3,7.0,200.0,594.0,540.0,,1980,1800,
2025-05-31,淀橋,デラウェア,大阪,相対,0.3,881.0,881.0,702.0,,,2340,,
2025-05-31,葛西,デラウェア,大阪,相対,0.3,200.0,200.0,,1404.0,,,4680,
2025-05-31,豊島,デラウェア,大阪,相対,0.3,200.0,200.0,702.0,648.0,540.0,2340,2160,1800
2025-05-31,豊洲,デラウェア,各地,相対,2.0,262.0,262.0,,7020.0,,,3510,
2025-05-31,豊洲,デラウェア,大阪,相対,0.3,262.0,262.0,680.0,,626.0,2267,,2087
2025-06-02,北足立,デラウェア,大阪,相対,0.3,500.0,500.0,648.0,,,2160,,
2025-06-02,大田,デラウェア,大阪,相対,0.3,4779.0,4825.0,648.0,594.0,486.0,2160,1980,1620
2025-06-02,大田,デラウェア,島根,相対,2.0,4779.0,4825.0,4104.0,3672.0,3456.0,2052,1836,1728
2025-06-02,板橋,デラウェア,大阪,相対,0.3,288.0,300.0,594.0,540.0,432.0,1980,1800,1440
2025-06-02,板橋,デラウェア,大阪,第三者販売,0.3,12.0,300.0,594.0,,,1980,,
2025-06-02,淀橋,デラウェア,大阪,相対,0.3,769.0,769.0,702.0,,,2340,,
2025-06-02,葛西,デラウェア,大阪,相対,0.3,1000.0,1000.0,,864.0,,,2880,
2025-06-02,豊島,デラウェア,大阪,相対,0.3,200.0,200.0,648.0,594.0,540.0,2160,1980,1800
2025-06-02,豊洲,デラウェア,大阪,相対,0.3,548.0,548.0,648.0,594.0,540.0,2160,1980,1800
2025-06-03,北足立,デラウェア,各地,相対,0.3,100.0,100.0,756.0,,,2520,,
2025-06-03,大田,デラウェア,各地,相対,2.0,4217.0,4246.0,7560.0,5940.0,5400.0,3780,2970,2700
2025-06-03,大田,デラウェア,大阪,相対,0.3,4217.0,4246.0,648.0,,,2160,,
2025-06-03,大田,デラウェア,島根,相対,2.0,4217.0,4246.0,3888.0,3672.0,3456.0,1944,1836,1728
2025-06-03,淀橋,デラウェア,各地,相対,2.0,527.0,527.0,6480.0,,,3240,,
2025-06-03,淀橋,デラウェア,大阪,相対,0.3,527.0,527.0,702.0,,,2340,,
2025-06-03,葛西,デラウェア,大阪,相対,0.3,1700.0,1700.0,648.0,,594.0,2160,,1980
2025-06-03,豊島,デラウェア,大阪,相対,0.3,300.0,300.0,702.0,648.0,540.0,2340,2160,1800
2025-06-03,豊洲,デラウェア,各地,相対,2.0,392.0,392.0,7560.0,,7020.0,3780,,3510
2025-06-03,豊洲,デラウェア,大阪,相対,0.3,392.0,392.0,648.0,,594.0,2160,,1980
2025-06-05,北足立,デラウェア,大阪,相対,0.3,600.0,600.0,648.0,,,2160,,
2025-06-05,大田,デラウェア,各地,相対,2.0,5837.0,5843.0,7560.0,6048.0,4860.0,3780,3024,2430
2025-06-05,大田,デラウェア,大阪,相対,0.3,5837.0,5843.0,702.0,551.0,432.0,2340,1837,1440
2025-06-05,大田,デラウェア,島根,相対,2.0,5837.0,5843.0,3888.0,3672.0,3456.0,1944,1836,1728
2025-06-05,板橋,デラウェア,大阪,相対,0.3,288.0,300.0,572.0,432.0,378.0,1907,1440,1260
2025-06-05,板橋,デラウェア,大阪,第三者販売,0.3,12.0,300.0,572.0,540.0,,1907,1800,
2025-06-05,淀橋,デラウェア,各地,相対,2.0,1199.0,1199.0,6480.0,,,3240,,
2025-06-05,淀橋,デラウェア,大阪,相対,0.3,1199.0,1199.0,702.0,,,2340,,
2025-06-05,葛西,デラウェア,大阪,相対,0.3,500.0,500.0,648.0,,594.0,2160,,1980
2025-06-05,豊島,デラウェア,大阪,相対,0.3,300.0,300.0,648.0,572.0,432.0,2160,1907,1440
2025-06-05,豊洲,デラウェア,各地,相対,2.0,722.0,722.0,5400.0,,4860.0,2700,,2430
2025-06-05,豊洲,デラウェア,大阪,相対,0.3,722.0,722.0,626.0,,540.0,2087,,1800
2025-06-06,大田,デラウェア,大阪,相対,0.3,4466.0,4484.0,702.0,626.0,486.0,2340,2087,1620
2025-06-06,大田,デラウェア,島根,相対,2.0,4466.0,4484.0,3888.0,3672.0,3456.0,1944,1836,1728
2025-06-06,淀橋,デラウェア,大阪,相対,0.3,633.0,633.0,702.0,,,2340,,
2025-06-06,葛西,デラウェア,大阪,相対,0.3,1200.0,1200.0,648.0,,594.0,2160,,1980
2025-06-06,豊島,デラウェア,大阪,相対,0.3,200.0,200.0,648.0,572.0,518.0,2160,1907,1727
2025-06-06,豊洲,デラウェア,大阪,相対,0.3,204.0,204.0,626.0,,572.0,2087,,1907
2025-06-07,北足立,デラウェア,各地,相対,0.3,600.0,600.0,756.0,,,2520,,
2025-06-07,北足立,デラウェア,大阪,相対,0.3,600.0,600.0,594.0,,,1980,,
2025-06-07,多摩NT,デラウェア,大阪,相対,0.3,30.0,30.0,648.0,594.0,540.0,2160,1980,1800
2025-06-07,大田,デラウェア,各地,相対,2.0,5930.0,5931.0,5400.0,,,2700,,
2025-06-07,大田,デラウェア,大阪,相対,0.3,5930.0,5931.0,626.0,540.0,432.0,2087,1800,1440
2025-06-07,大田,デラウェア,島根,相対,2.0,5930.0,5931.0,3672.0,3564.0,3240.0,1836,1782,1620
2025-06-07,板橋,デラウェア,大阪,相対,0.3,688.0,700.0,594.0,508.0,378.0,1980,1693,1260
2025-06-07,板橋,デラウェア,大阪,第三者販売,0.3,12.0,700.0,530.0,500.0,,1767,1667,
2025-06-07,淀橋,デラウェア,大阪,相対,0.3,944.0,944.0,702.0,,,2340,,
2025-06-07,葛西,デラウェア,大阪,相対,0.3,300.0,300.0,594.0,,540.0,1980,,1800
2025-06-07,豊島,デラウェア,大阪,相対,0.3,300.0,300.0,594.0,518.0,486.0,1980,1727,1620
2025-06-07,豊洲,デラウェア,各地,相対,2.0,768.0,768.0,,5400.0,,,2700,
2025-06-07,豊洲,デラウェア,大阪,相対,0.3,768.0,768.0,594.0,540.0,486.0,1980,1800,1620
2025-06-09,北足立,デラウェア,大阪,相対,0.3,1000.0,1000.0,594.0,,,1980,,
2025-06-09,大田,デラウェア,大阪,相対,0.3,6753.0,6753.0,605.0,508.0,378.0,2017,1693,1260
2025-06-09,大田,デラウェア,島根,相対,2.0,6753.0,6753.0,3672.0,3456.0,3240.0,1836,1728,1620
2025-06-09,板橋,デラウェア,大阪,相対,0.3,682.0,700.0,562.0,497.0,378.0,1873,1657,1260
2025-06-09,板橋,デラウェア,大阪,第三者販売,0.3,18.0,700.0,540.0,,,1800,,
2025-06-09,淀橋,デラウェア,大阪,相対,0.3,681.0,681.0,648.0,,,2160,,
2025-06-09,葛西,デラウェア,大阪,相対,0.3,1100.0,1100.0,594.0,540.0,486.0,1980,1800,1620
2025-06-09,豊島,デラウェア,大阪,相対,0.3,500.0,500.0,572.0,518.0,464.0,1907,1727,1547
2025-06-09,豊洲,デラウェア,大阪,相対,0.3,785.0,785.0,540.0,518.0,486.0,1800,1727,1620
2025-06-10,北足立,デラウェア,各地,相対,0.3,200.0,200.0,756.0,,,2520,,
2025-06-10,大田,デラウェア,各地,相対,2.0,5433.0,5452.0,9720.0,7992.0,5400.0,4860,3996,2700
2025-06-10,大田,デラウェア,大阪,相対,0.3,5433.0,5452.0,626.0,594.0,,2087,1980,
2025-06-10,大田,デラウェア,島根,せり・入札,2.0,19.0,5452.0,3672.0,,,1836,,
2025-06-10,大田,デラウェア,島根,相対,2.0,5433.0,5452.0,3672.0,3456.0,3240.0,1836,1728,1620
2025-06-10,板橋,デラウェア,大阪,相対,0.3,488.0,500.0,562.0,486.0,378.0,1873,1620,1260
2025-06-10,板橋,デラウェア,大阪,第三者販売,0.3,12.0,500.0,540.0,518.0,,1800,1727,
2025-06-10,淀橋,デラウェア,大阪,相対,0.3,636.0,636.0,648.0,,,2160,,
2025-06-10,葛西,デラウェア,大阪,相対,0.3,1100.0,1100.0,594.0,,540.0,1980,,1800
2025-06-10,豊島,デラウェア,大阪,相対,0.3,400.0,400.0,572.0,518.0,378.0,1907,1727,1260
2025-06-10,豊洲,デラウェア,各地,相対,2.0,655.0,655.0,7020.0,,5400.0,3510,,2700
2025-06-10,豊洲,デラウェア,大阪,相対,0.3,655.0,655.0,572.0,,518.0,1907,,1727
2025-06-10,豊洲,デラウェア,島根,相対,2.0,655.0,655.0,,3888.0,,,1944,
2025-06-12,世田谷,デラウェア,大阪,相対,0.3,100.0,100.0,562.0,,,1873,,
2025-06-12,北足立,デラウェア,各地,相対,0.3,1100.0,1100.0,756.0,,,2520,,
2025-06-12,北足立,デラウェア,大阪,相対,0.3,1100.0,1100.0,594.0,,,1980,,
2025-06-12,大田,デラウェア,各地,相対,2.0,8988.0,9012.0,9720.0,8640.0,5400.0,4860,4320,2700
2025-06-12,大田,デラウェア,大阪,相対,0.3,8988.0,9012.0,572.0,486.0,378.0,1907,1620,1260
2025-06-12,大田,デラウェア,島根,相対,2.0,8988.0,9012.0,3672.0,3456.0,3024.0,1836,1728,1512
2025-06-12,板橋,デラウェア,大阪,相対,0.3,588.0,600.0,562.0,508.0,378.0,1873,1693,1260
2025-06-12,板橋,デラウェア,大阪,第三者販売,0.3,12.0,600.0,540.0,,,1800,,
2025-06-12,淀橋,デラウェア,大阪,相対,0.3,844.0,844.0,626.0,,,2087,,
2025-06-12,葛西,デラウェア,大阪,相対,0.3,600.0,600.0,540.0,,486.0,1800,,1620
2025-06-12,豊島,デラウェア,大阪,相対,0.3,400.0,400.0,518.0,464.0,378.0,1727,1547,1260
2025-06-12,豊洲,デラウェア,各地,相対,2.0,973.0,973.0,7020.0,,5400.0,3510,,2700
2025-06-12,豊洲,デラウェア,大阪,相対,0.3,973.0,973.0,540.0,486.0,432.0,1800,1620,1440
2025-06-13,北足立,デラウェア,各地,相対,0.3,100.0,100.0,756.0,,,2520,,
2025-06-13,大田,デラウェア,各地,相対,2.0,5903.0,5931.0,5400.0,5400.0,,2700,2700,
2025-06-13,大田,デラウェア,大阪,相対,0.3,5903.0,5931.0,562.0,,,1873,,
2025-06-13,大田,デラウェア,島根,相対,2.0,5903.0,5931.0,3672.0,3456.0,3024.0,1836,1728,1512
2025-06-13,板橋,デラウェア,大阪,相対,0.3,494.0,500.0,540.0,464.0,356.0,1800,1547,1187
2025-06-13,板橋,デラウェア,大阪,第三者販売,0.3,6.0,500.0,518.0,,,1727,,
2025-06-13,淀橋,デラウェア,大阪,相対,0.3,586.0,586.0,626.0,,,2087,,
2025-06-13,葛西,デラウェア,大阪,相対,0.3,1000.0,1000.0,540.0,,486.0,1800,,1620
2025-06-13,豊島,デラウェア,大阪,相対,0.3,300.0,300.0,572.0,518.0,464.0,1907,1727,1547
2025-06-13,豊洲,デラウェア,大阪,相対,0.3,299.0,299.0,540.0,486.0,432.0,1800,1620,1440
2025-06-14,北足立,デラウェア,各地,相対,0.3,1400.0,1400.0,756.0,,,2520,,
2025-06-14,多摩NT,デラウェア,各地,相対,2.0,18.0,18.0,5400.0,,,2700,,
2025-06-14,多摩NT,デラウェア,大阪,相対,0.3,18.0,18.0,594.0,562.0,432.0,1980,1873,1440
2025-06-14,大田,デラウェア,各地,相対,2.0,8945.0,8966.0,9720.0,8748.0,5400.0,4860,4374,2700
2025-06-14,大田,デラウェア,大阪,相対,0.3,8945.0,8966.0,572.0,464.0,356.0,1907,1547,1187
2025-06-14,大田,デラウェア,島根,相対,2.0,8945.0,8966.0,3672.0,3348.0,3024.0,1836,1674,1512
2025-06-14,板橋,デラウェア,大阪,相対,0.3,594.0,600.0,540.0,497.0,356.0,1800,1657,1187
2025-06-14,板橋,デラウェア,大阪,第三者販売,0.3,6.0,600.0,518.0,,,1727,,
2025-06-14,淀橋,デラウェア,大阪,相対,0.3,806.0,806.0,626.0,,,2087,,
2025-06-14,葛西,デラウェア,大阪,相対,0.3,300.0,300.0,540.0,,486.0,1800,,1620
2025-06-14,豊島,デラウェア,大阪,相対,0.3,500.0,500.0,540.0,464.0,378.0,1800,1547,1260
2025-06-14,豊洲,デラウェア,各地,相対,2.0,841.0,841.0,7020.0,,5940.0,3510,,2970
2025-06-14,豊洲,デラウェア,大阪,相対,0.3,841.0,841.0,540.0,486.0,432.0,1800,1620,1440
2025-06-16,北足立,デラウェア,大阪,相対,0.3,1600.0,1600.0,486.0,,,1620,,
2025-06-16,多摩NT,デラウェア,各地,相対,2.0,30.0,30.0,5400.0,,,2700,,
2025-06-16,多摩NT,デラウェア,大阪,相対,0.3,30.0,30.0,572.0,508.0,378.0,1907,1693,1260
2025-06-16,大田,デラウェア,各地,相対,2.0,10544.0,10544.0,5400.0,,,2700,,
2025-06-16,大田,デラウェア,大阪,相対,0.3,10544.0,10544.0,540.0,432.0,346.0,1800,1440,1153
2025-06-16,大田,デラウェア,島根,相対,2.0,10544.0,10544.0,3456.0,3132.0,2700.0,1728,1566,1350
2025-06-16,板橋,デラウェア,大阪,相対,0.3,588.0,600.0,518.0,464.0,346.0,1727,1547,1153
2025-06-16,板橋,デラウェア,大阪,第三者販売,0.3,12.0,600.0,518.0,508.0,,1727,1693,
2025-06-16,淀橋,デラウェア,大阪,相対,0.3,830.0,830.0,594.0,,,1980,,
2025-06-16,葛西,デラウェア,大阪,相対,0.3,2200.0,2200.0,486.0,464.0,432.0,1620,1547,1440
2025-06-16,豊島,デラウェア,大阪,相対,0.3,400.0,400.0,540.0,518.0,464.0,1800,1727,1547
2025-06-16,豊洲,デラウェア,各地,相対,2.0,1004.0,1004.0,,5400.0,,,2700,
2025-06-16,豊洲,デラウェア,大阪,相対,0.3,1004.0,1004.0,540.0,486.0,432.0,1800,1620,1440
2025-06-17,世田谷,デラウェア,大阪,相対,0.3,140.0,140.0,648.0,,540.0,2160,,1800
2025-06-17,北足立,デラウェア,各地,相対,0.3,1700.0,1700.0,648.0,,,2160,,
2025-06-17,北足立,デラウェア,大阪,相対,0.3,1700.0,1700.0,486.0,,,1620,,
2025-06-17,多摩NT,デラウェア,各地,相対,2.0,30.0,30.0,5400.0,,,2700,,
2025-06-17,多摩NT,デラウェア,大阪,相対,0.3,30.0,30.0,572.0,508.0,378.0,1907,1693,1260
2025-06-17,大田,デラウェア,各地,相対,2.0,8972.0,9049.0,8640.0,,,4320,,
2025-06-17,大田,デラウェア,大阪,相対,0.3,8972.0,9049.0,540.0,432.0,346.0,1800,1440,1153
2025-06-17,大田,デラウェア,島根,相対,2.0,8972.0,9049.0,3456.0,3132.0,2808.0,1728,1566,1404
2025-06-17,板橋,デラウェア,大阪,相対,0.3,488.0,500.0,518.0,454.0,346.0,1727,1513,1153
2025-06-17,板橋,デラウェア,大阪,第三者販売,0.3,12.0,500.0,518.0,508.0,,1727,1693,
2025-06-17,淀橋,デラウェア,大阪,相対,0.3,1124.0,1124.0,594.0,,,1980,,
2025-06-17,葛西,デラウェア,大阪,相対,0.3,1700.0,1700.0,486.0,464.0,432.0,1620,1547,1440
2025-06-17,豊島,デラウェア,大阪,相対,0.3,500.0,500.0,508.0,464.0,378.0,1693,1547,1260
2025-06-17,豊洲,デラウェア,各地,相対,2.0,1114.0,1114.0,,7020.0,,,3510,
2025-06-17,豊洲,デラウェア,大阪,相対,0.3,1114.0,1114.0,540.0,486.0,432.0,1800,1620,1440
2025-06-17,豊洲,デラウェア,島根,相対,2.0,1114.0,1114.0,,3888.0,,,1944,
2025-06-19,世田谷,デラウェア,大阪,相対,0.3,400.0,400.0,,410.0,,,1367,
2025-06-19,北足立,デラウェア,大阪,相対,0.3,2000.0,2000.0,486.0,,,1620,,
2025-06-19,大田,デラウェア,各地,相対,2.0,13311.0,13311.0,8640.0,8316.0,7560.0,4320,4158,3780
2025-06-19,大田,デラウェア,大阪,相対,0.3,13311.0,13311.0,540.0,443.0,346.0,1800,1477,1153
2025-06-19,大田,デラウェア,島根,相対,2.0,13311.0,13311.0,3456.0,3132.0,2808.0,1728,1566,1404
2025-06-19,板橋,デラウェア,大阪,相対,0.3,788.0,800.0,518.0,454.0,346.0,1727,1513,1153
2025-06-19,板橋,デラウェア,大阪,第三者販売,0.3,12.0,800.0,508.0,454.0,,1693,1513,
2025-06-19,淀橋,デラウェア,大阪,相対,0.3,1035.0,1035.0,594.0,,,1980,,
2025-06-19,葛西,デラウェア,大阪,相対,0.3,500.0,500.0,486.0,464.0,432.0,1620,1547,1440
2025-06-19,豊島,デラウェア,大阪,相対,0.3,200.0,200.0,518.0,486.0,432.0,1727,1620,1440
2025-06-19,豊洲,デラウェア,各地,相対,2.0,1215.0,1215.0,,7020.0,,,3510,
2025-06-19,豊洲,デラウェア,大阪,相対,0.3,1215.0,1215.0,508.0,454.0,432.0,1693,1513,1440
2025-06-20,世田谷,デラウェア,大阪,相対,0.3,400.0,400.0,518.0,,,1727,,
2025-06-20,北足立,デラウェア,大阪,相対,0.3,1400.0,1400.0,486.0,,,1620,,
2025-06-20,多摩NT,デラウェア,各地,相対,2.0,150.0,150.0,5400.0,,,2700,,
2025-06-20,多摩NT,デラウェア,大阪,相対,0.3,150.0,150.0,572.0,508.0,378.0,1907,1693,1260
2025-06-20,大田,デラウェア,大阪,相対,0.3,9744.0,9871.0,518.0,443.0,346.0,1727,1477,1153
2025-06-20,大田,デラウェア,島根,相対,2.0,9744.0,9871.0,3456.0,3132.0,2808.0,1728,1566,1404
2025-06-20,板橋,デラウェア,大阪,相対,0.3,494.0,500.0,518.0,454.0,346.0,1727,1513,1153
2025-06-20,板橋,デラウェア,大阪,第三者販売,0.3,6.0,500.0,508.0,,,1693,,
2025-06-20,淀橋,デラウェア,大阪,相対,0.3,670.0,670.0,540.0,,,1800,,
2025-06-20,葛西,デラウェア,大阪,相対,0.3,1900.0,1900.0,464.0,,410.0,1547,,1367
2025-06-20,豊島,デラウェア,大阪,相対,0.3,500.0,500.0,540.0,486.0,378.0,1800,1620,1260
2025-06-20,豊洲,デラウェア,大阪,相対,0.3,1055.0,1055.0,508.0,454.0,432.0,1693,1513,1440
2025-06-21,世田谷,デラウェア,大阪,相対,0.3,200.0,200.0,,432.0,,,1440,
2025-06-21,北足立,デラウェア,大阪,相対,0.3,1400.0,1400.0,486.0,,,1620,,
2025-06-21,多摩NT,デラウェア,各地,相対,2.0,150.0,150.0,5400.0,,,2700,,
2025-06-21,多摩NT,デラウェア,大阪,相対,0.3,150.0,150.0,572.0,508.0,378.0,1907,1693,1260
2025-06-21,大田,デラウェア,各地,相対,2.0,12199.0,12199.0,8640.0,6156.0,4860.0,4320,3078,2430
2025-06-21,大田,デラウェア,大阪,相対,0.3,12199.0,12199.0,518.0,432.0,346.0,1727,1440,1153
2025-06-21,大田,デラウェア,島根,相対,2.0,12199.0,12199.0,3456.0,3132.0,2808.0,1728,1566,1404
2025-06-21,板橋,デラウェア,大阪,相対,0.3,682.0,700.0,1620.0,454.0,346.0,5400,1513,1153
2025-06-21,板橋,デラウェア,大阪,第三者販売,0.3,18.0,700.0,508.0,,464.0,1693,,1547
2025-06-21,淀橋,デラウェア,各地,相対,2.0,1020.0,1020.0,4860.0,,,2430,,
2025-06-21,淀橋,デラウェア,大阪,相対,0.3,1020.0,1020.0,540.0,,,1800,,
2025-06-21,葛西,デラウェア,大阪,相対,0.3,400.0,400.0,486.0,,410.0,1620,,1367
2025-06-21,豊島,デラウェア,大阪,相対,0.3,500.0,500.0,540.0,464.0,378.0,1800,1547,1260
2025-06-21,豊洲,デラウェア,各地,相対,2.0,948.0,948.0,7020.0,,5400.0,3510,,2700
2025-06-21,豊洲,デラウェア,大阪,相対,0.3,948.0,948.0,508.0,454.0,400.0,1693,1513,1333
2025-06-23,世田谷,デラウェア,大阪,相対,0.3,100.0,100.0,464.0,,,1547,,
2025-06-23,北足立,デラウェア,大阪,相対,0.3,2100.0,2100.0,486.0,,,1620,,
2025-06-23,大田,デラウェア,各地,相対,2.0,12635.0,13241.0,4860.0,4860.0,,2430,2430,
2025-06-23,大田,デラウェア,大阪,せり・入札,0.3,36.0,13241.0,400.0,,,1333,,
2025-06-23,大田,デラウェア,大阪,相対,0.3,12635.0,13241.0,486.0,410.0,324.0,1620,1367,1080
2025-06-23,大田,デラウェア,島根,相対,2.0,12635.0,13241.0,3456.0,3024.0,2700.0,1728,1512,1350
2025-06-23,板橋,デラウェア,大阪,相対,0.3,594.0,600.0,518.0,432.0,324.0,1727,1440,1080
2025-06-23,板橋,デラウェア,大阪,第三者販売,0.3,6.0,600.0,497.0,,,1657,,
2025-06-23,淀橋,デラウェア,各地,相対,2.0,1075.0,1075.0,4860.0,,,2430,,
2025-06-23,淀橋,デラウェア,大阪,相対,0.3,1075.0,1075.0,540.0,,,1800,,
2025-06-23,葛西,デラウェア,大阪,相対,0.3,1100.0,1100.0,540.0,,486.0,1800,,1620
2025-06-23,豊島,デラウェア,大阪,相対,0.3,500.0,500.0,486.0,432.0,356.0,1620,1440,1187
2025-06-23,豊洲,デラウェア,各地,相対,2.0,1101.0,1101.0,,4860.0,,,2430,
2025-06-23,豊洲,デラウェア,大阪,相対,0.3,1101.0,1101.0,464.0,432.0,378.0,1547,1440,1260
2025-06-24,北足立,デラウェア,大阪,相対,0.3,1500.0,1500.0,486.0,,,1620,,
2025-06-24,多摩NT,デラウェア,各地,相対,2.0,60.0,60.0,6480.0,5400.0,,3240,2700,
2025-06-24,多摩NT,デラウェア,大阪,相対,0.3,60.0,60.0,518.0,432.0,356.0,1727,1440,1187
2025-06-24,大田,デラウェア,各地,相対,2.0,11355.0,11365.0,8100.0,7776.0,7560.0,4050,3888,3780
2025-06-24,大田,デラウェア,大阪,相対,0.3,11355.0,11365.0,486.0,410.0,324.0,1620,1367,1080
2025-06-24,大田,デラウェア,島根,相対,2.0,11355.0,11365.0,3456.0,3024.0,2808.0,1728,1512,1404
2025-06-24,板橋,デラウェア,大阪,相対,0.3,588.0,600.0,486.0,421.0,324.0,1620,1403,1080
2025-06-24,板橋,デラウェア,大阪,第三者販売,0.3,12.0,600.0,486.0,,,1620,,
2025-06-24,淀橋,デラウェア,各地,相対,2.0,1093.0,1093.0,4860.0,,,2430,,
2025-06-24,淀橋,デラウェア,大阪,相対,0.3,1093.0,1093.0,540.0,,,1800,,
2025-06-24,葛西,デラウェア,大阪,相対,0.3,1000.0,1000.0,432.0,,378.0,1440,,1260
2025-06-24,豊島,デラウェア,大阪,相対,0.3,500.0,500.0,486.0,432.0,378.0,1620,1440,1260
2025-06-24,豊洲,デラウェア,各地,相対,2.0,1046.0,1046.0,,7020.0,,,3510,
2025-06-24,豊洲,デラウェア,大阪,相対,0.3,1046.0,1046.0,464.0,432.0,378.0,1547,1440,1260
2025-06-24,豊洲,デラウェア,島根,相対,2.0,1046.0,1046.0,,3888.0,,,1944,
2025-06-26,北足立,デラウェア,大阪,相対,0.3,2100.0,2100.0,432.0,,,1440,,
2025-06-26,多摩NT,デラウェア,各地,相対,2.0,90.0,90.0,6480.0,5400.0,,3240,2700,
2025-06-26,多摩NT,デラウェア,大阪,相対,0.3,90.0,90.0,518.0,432.0,356.0,1727,1440,1187
2025-06-26,大田,デラウェア,各地,相対,2.0,12762.0,13884.0,8100.0,3672.0,3024.0,4050,1836,1512
2025-06-26,大田,デラウェア,大阪,相対,0.3,12762.0,13884.0,486.0,400.0,302.0,1620,1333,1007
2025-06-26,大田,デラウェア,島根,相対,2.0,12762.0,13884.0,3456.0,2916.0,2592.0,1728,1458,1296
2025-06-26,板橋,デラウェア,大阪,相対,0.3,94.0,100.0,464.0,400.0,302.0,1547,1333,1007
2025-06-26,板橋,デラウェア,大阪,第三者販売,0.3,6.0,100.0,464.0,,,1547,,
2025-06-26,淀橋,デラウェア,各地,相対,2.0,1358.0,1358.0,4860.0,,,2430,,
2025-06-26,淀橋,デラウェア,大阪,相対,0.3,1358.0,1358.0,540.0,,,1800,,
2025-06-26,葛西,デラウェア,大阪,相対,0.3,900.0,900.0,432.0,410.0,378.0,1440,1367,1260
2025-06-26,豊島,デラウェア,大阪,相対,0.3,500.0,500.0,486.0,432.0,367.0,1620,1440,1223
2025-06-26,豊洲,デラウェア,各地,相対,2.0,871.0,871.0,7020.0,,4860.0,3510,,2430
2025-06-26,豊洲,デラウェア,大阪,相対,0.3,871.0,871.0,464.0,432.0,378.0,1547,1440,1260
2025-06-27,北足立,デラウェア,大阪,相対,0.3,1800.0,1800.0,432.0,,,1440,,
2025-06-27,多摩NT,デラウェア,各地,相対,2.0,120.0,120.0,6480.0,5400.0,,3240,2700,
2025-06-27,多摩NT,デラウェア,大阪,相対,0.3,120.0,120.0,518.0,432.0,356.0,1727,1440,1187
2025-06-27,大田,デラウェア,各地,相対,2.0,12274.0,12292.0,4860.0,4428.0,4320.0,2430,2214,2160
2025-06-27,大田,デラウェア,大阪,相対,0.3,12274.0,12292.0,486.0,410.0,302.0,1620,1367,1007
2025-06-27,大田,デラウェア,島根,相対,2.0,12274.0,12292.0,3240.0,2916.0,2700.0,1620,1458,1350
2025-06-27,板橋,デラウェア,大阪,相対,0.3,782.0,800.0,486.0,400.0,302.0,1620,1333,1007
2025-06-27,板橋,デラウェア,大阪,第三者販売,0.3,18.0,800.0,464.0,,,1547,,
2025-06-27,淀橋,デラウェア,各地,相対,2.0,1137.0,1137.0,4860.0,,,2430,,
2025-06-27,淀橋,デラウェア,大阪,相対,0.3,1137.0,1137.0,540.0,,,1800,,
2025-06-27,葛西,デラウェア,大阪,相対,0.3,2100.0,2100.0,432.0,410.0,378.0,1440,1367,1260
2025-06-27,豊島,デラウェア,大阪,相対,0.3,500.0,500.0,464.0,410.0,346.0,1547,1367,1153
2025-06-27,豊洲,デラウェア,各地,相対,2.0,827.0,827.0,,4320.0,,,2160,
2025-06-27,豊洲,デラウェア,大阪,相対,0.3,827.0,827.0,464.0,432.0,378.0,1547,1440,1260
2025-06-28,北足立,デラウェア,大阪,相対,0.3,2200.0,2200.0,432.0,,,1440,,
2025-06-28,多摩NT,デラウェア,各地,相対,2.0,128.0,128.0,6480.0,5400.0,,3240,2700,
2025-06-28,多摩NT,デラウェア,大阪,相対,0.3,128.0,128.0,518.0,432.0,356.0,1727,1440,1187
2025-06-28,大田,デラウェア,各地,相対,2.0,12257.0,12268.0,8100.0,3564.0,2376.0,4050,1782,1188
2025-06-28,大田,デラウェア,大阪,相対,0.3,12257.0,12268.0,486.0,400.0,302.0,1620,1333,1007
2025-06-28,大田,デラウェア,島根,相対,2.0,12257.0,12268.0,3456.0,2916.0,2484.0,1728,1458,1242
2025-06-28,板橋,デラウェア,大阪,相対,0.3,682.0,700.0,454.0,400.0,302.0,1513,1333,1007
2025-06-28,板橋,デラウェア,大阪,第三者販売,0.3,18.0,700.0,484.0,432.0,,1613,1440,
2025-06-28,淀橋,デラウェア,各地,相対,2.0,1348.0,1348.0,4320.0,,3240.0,2160,,1620
2025-06-28,淀橋,デラウェア,大阪,相対,0.3,1348.0,1348.0,540.0,,,1800,,
2025-06-28,葛西,デラウェア,大阪,相対,0.3,800.0,800.0,432.0,410.0,378.0,1440,1367,1260
2025-06-28,豊島,デラウェア,大阪,相対,0.3,500.0,500.0,486.0,432.0,356.0,1620,1440,1187
2025-06-28,豊洲,デラウェア,各地,相対,2.0,757.0,757.0,7020.0,,4320.0,3510,,2160
2025-06-28,豊洲,デラウェア,大阪,相対,0.3,757.0,757.0,464.0,432.0,378.0,1547,1440,1260
2025-06-30,北足立,デラウェア,大阪,相対,0.3,2300.0,2300.0,432.0,,,1440,,
2025-06-30,大田,デラウェア,各地,相対,2.0,11560.0,11616.0,4320.0,4320.0,,2160,2160,
2025-06-30,大田,デラウェア,大阪,相対,0.3,11560.0,11616.0,486.0,400.0,302.0,1620,1333,1007
2025-06-30,大田,デラウェア,島根,相対,2.0,11560.0,11616.0,3024.0,2808.0,2376.0,1512,1404,1188
2025-06-30,板橋,デラウェア,大阪,相対,0.3,988.0,1000.0,486.0,400.0,302.0,1620,1333,1007
2025-06-30,板橋,デラウェア,大阪,第三者販売,0.3,12.0,1000.0,486.0,,464.0,1620,,1547
2025-06-30,淀橋,デラウェア,各地,相対,2.0,1285.0,1285.0,4320.0,,3240.0,2160,,1620
2025-06-30,淀橋,デラウェア,大阪,相対,0.3,1285.0,1285.0,486.0,,,1620,,
2025-06-30,葛西,デラウェア,大阪,相対,0.3,1700.0,1700.0,432.0,410.0,378.0,1440,1367,1260
2025-06-30,豊島,デラウェア,大阪,相対,0.3,500.0,500.0,486.0,432.0,346.0,1620,1440,1153
2025-06-30,豊洲,デラウェア,各地,相対,2.0,995.0,995.0,,4320.0,,,2160,
2025-06-30,豊洲,デラウェア,大阪,相対,0.3,995.0,995.0,464.0,432.0,378.0,1547,1440,1260
2025-07-01,北足立,デラウェア,大阪,相対,0.3,2500.0,2500.0,432.0,,,1440,,
2025-07-01,多摩NT,シャインマスカット,山梨,相対,5.0,32.0,32.0,27000.0,,,5400,,
2025-07-01,多摩NT,巨峰,山梨,相対,0.4,32.0,32.0,1296.0,1080.0,,3240,2700,
2025-07-01,多摩NT,巨峰,福岡,相対,0.35,32.0,32.0,1026.0,886.0,756.0,2931,2531,2160
2025-07-01,大田,アレキサンドリア,岡山,相対,0.75,13509.0,13623.0,5940.0,5508.0,3780.0,7920,7344,5040
2025-07-01,大田,シャインマスカット,各地,相対,5.0,13509.0,13623.0,32400.0,27756.0,17280.0,6480,5551,3456
2025-07-01,大田,シャインマスカット,岡山,相対,5.0,13509.0,13623.0,46440.0,30564.0,19440.0,9288,6113,3888
2025-07-01,大田,シャインマスカット,岡山,第三者販売,5.0,25.0,13623.0,21600.0,,,4320,,
2025-07-01,大田,デラウェア,各地,相対,2.0,13509.0,13623.0,7560.0,3024.0,2376.0,3780,1512,1188
2025-07-01,大田,デラウェア,大阪,相対,0.3,13509.0,13623.0,454.0,410.0,302.0,1513,1367,1007
2025-07-01,大田,デラウェア,山形,相対,2.0,13509.0,13623.0,3240.0,2808.0,2376.0,1620,1404,1188
2025-07-01,大田,巨峰,各地,相対,0.35,13509.0,13623.0,864.0,,,2469,,
2025-07-01,大田,巨峰,山梨,相対,0.4,13509.0,13623.0,1080.0,950.0,864.0,2700,2375,2160
2025-07-01,板橋,シャインマスカット,山梨,相対,3.0,588.0,600.0,12960.0,,,4320,,
2025-07-01,板橋,デラウェア,大阪,相対,0.3,588.0,600.0,464.0,389.0,302.0,1547,1297,1007
2025-07-01,板橋,デラウェア,大阪,第三者販売,0.3,12.0,600.0,464.0,432.0,,1547,1440,
2025-07-01,淀橋,デラウェア,大阪,相対,0.3,1130.0,1130.0,486.0,,,1620,,
2025-07-01,葛西,シャインマスカット,山梨,相対,5.0,800.0,800.0,,16200.0,,,3240,
2025-07-01,葛西,デラウェア,大阪,相対,0.3,800.0,800.0,432.0,410.0,378.0,1440,1367,1260
2025-07-01,葛西,デラウェア,山形,相対,2.0,800.0,800.0,,3240.0,,,1620,
2025-07-01,豊島,デラウェア,大阪,相対,0.3,500.0,500.0,464.0,410.0,346.0,1547,1367,1153
2025-07-01,豊洲,アレキサンドリア,岡山,相対,0.75,2716.0,2716.0,5400.0,,4320.0,7200,,5760
2025-07-01,豊洲,シャインマスカット,各地,相対,5.0,2716.0,2716.0,28080.0,,22680.0,5616,,4536
2025-07-01,豊洲,シャインマスカット,山梨,相対,5.0,2716.0,2716.0,,25920.0,,,5184,
2025-07-01,豊洲,シャインマスカット,岡山,相対,5.0,2716.0,2716.0,34560.0,27000.0,21600.0,6912,5400,4320
2025-07-01,豊洲,デラウェア,各地,相対,2.0,2716.0,2716.0,7020.0,4320.0,3888.0,3510,2160,1944
2025-07-01,豊洲,デラウェア,大阪,相対,0.3,2716.0,2716.0,464.0,432.0,378.0,1547,1440,1260
2025-07-01,豊洲,巨峰,各地,相対,0.35,2716.0,2716.0,918.0,,864.0,2623,,2469
2025-07-01,豊洲,巨峰,山梨,相対,0.4,2716.0,2716.0,1404.0,,1296.0,3510,,3240
2025-07-03,北足立,デラウェア,大阪,相対,0.3,2800.0,2800.0,432.0,,,1440,,
2025-07-03,北足立,デラウェア,山形,相対,2.0,2800.0,2800.0,3240.0,,,1620,,
2025-07-03,多摩NT,シャインマスカット,山梨,相対,5.0,73.0,73.0,2160.0,,,432,,
2025-07-03,多摩NT,デラウェア,各地,相対,2.0,73.0,73.0,4320.0,,,2160,,
2025-07-03,多摩NT,デラウェア,大阪,相対,0.3,73.0,73.0,464.0,410.0,324.0,1547,1367,1080
2025-07-03,多摩NT,巨峰,山梨,相対,0.4,73.0,73.0,1296.0,1080.0,,3240,2700,
2025-07-03,多摩NT,巨峰,福岡,相対,0.35,73.0,73.0,1026.0,886.0,756.0,2931,2531,2160
2025-07-03,大田,アレキサンドリア,岡山,相対,0.75,17928.0,18050.0,6480.0,4968.0,3240.0,8640,6624,4320
2025-07-03,大田,シャインマスカット,各地,相対,5.0,17928.0,18050.0,34560.0,26244.0,17280.0,6912,5249,3456
2025-07-03,大田,シャインマスカット,山梨,相対,5.0,17928.0,18050.0,23760.0,21276.0,14040.0,4752,4255,2808
2025-07-03,大田,シャインマスカット,岡山,相対,5.0,17928.0,18050.0,46440.0,30024.0,19440.0,9288,6005,3888
2025-07-03,大田,シャインマスカット,岡山,第三者販売,5.0,100.0,18050.0,21600.0,20304.0,19440.0,4320,4061,3888
2025-07-03,大田,デラウェア,各地,相対,2.0,17928.0,18050.0,4860.0,2916.0,2376.0,2430,1458,1188
2025-07-03,大田,デラウェア,大阪,相対,0.3,17928.0,18050.0,486.0,400.0,302.0,1620,1333,1007
2025-07-03,大田,デラウェア,山形,相対,2.0,17928.0,18050.0,3024.0,2916.0,2700.0,1512,1458,1350
2025-07-03,大田,巨峰,各地,相対,0.35,17928.0,18050.0,864.0,864.0,648.0,2469,2469,1851
2025-07-03,大田,巨峰,各地,第三者販売,0.35,100.0,18050.0,864.0,,,2469,,
2025-07-03,大田,巨峰,山梨,相対,0.4,17928.0,18050.0,1080.0,950.0,864.0,2700,2375,2160
2025-07-03,板橋,デラウェア,大阪,相対,0.3,694.0,700.0,464.0,389.0,302.0,1547,1297,1007
2025-07-03,板橋,デラウェア,大阪,第三者販売,0.3,6.0,700.0,464.0,,,1547,,
2025-07-03,淀橋,シャインマスカット,山梨,相対,5.0,1677.0,1677.0,23760.0,,,4752,,
2025-07-03,淀橋,デラウェア,各地,相対,2.0,1677.0,1677.0,4320.0,,,2160,,
2025-07-03,淀橋,デラウェア,大阪,相対,0.3,1677.0,1677.0,486.0,,,1620,,
2025-07-03,淀橋,巨峰,山梨,相対,0.3,1677.0,1677.0,972.0,,,3240,,
2025-07-03,淀橋,巨峰,福岡,相対,0.3,1677.0,1677.0,810.0,,,2700,,
2025-07-03,葛西,シャインマスカット,各地,相対,5.0,1000.0,1000.0,,16200.0,,,3240,
2025-07-03,葛西,デラウェア,大阪,相対,0.3,1000.0,1000.0,432.0,410.0,378.0,1440,1367,1260
2025-07-03,葛西,デラウェア,山形,相対,2.0,1000.0,1000.0,,3024.0,,,1512,
2025-07-03,豊島,デラウェア,大阪,相対,0.3,600.0,600.0,464.0,410.0,346.0,1547,1367,1153
2025-07-03,豊洲,アレキサンドリア,岡山,相対,0.75,2680.0,2680.0,,5400.0,,,7200,
2025-07-03,豊洲,シャインマスカット,各地,相対,5.0,2680.0,2680.0,27000.0,,22680.0,5400,,4536
2025-07-03,豊洲,シャインマスカット,山梨,相対,5.0,2680.0,2680.0,24840.0,,23760.0,4968,,4752
2025-07-03,豊洲,シャインマスカット,岡山,相対,5.0,2680.0,2680.0,32400.0,27000.0,24840.0,6480,5400,4968
2025-07-03,豊洲,デラウェア,各地,相対,2.0,2680.0,2680.0,7020.0,4320.0,3240.0,3510,2160,1620
2025-07-03,豊洲,デラウェア,大阪,相対,0.3,2680.0,2680.0,464.0,432.0,378.0,1547,1440,1260
2025-07-03,豊洲,巨峰,各地,相対,0.35,2680.0,2680.0,918.0,,864.0,2623,,2469
2025-07-03,豊洲,巨峰,山梨,相対,0.4,2680.0,2680.0,1404.0,,1296.0,3510,,3240
2025-07-04,北足立,シャインマスカット,山梨,相対,5.0,2600.0,2600.0,23760.0,,,4752,,
2025-07-04,北足立,デラウェア,大阪,相対,0.3,2600.0,2600.0,432.0,,,1440,,
2025-07-04,北足立,デラウェア,山形,相対,2.0,2600.0,2600.0,3024.0,,,1512,,
2025-07-04,多摩NT,シャインマスカット,山梨,相対,5.0,35.0,35.0,2700.0,,,540,,
2025-07-04,多摩NT,デラウェア,各地,相対,2.0,35.0,35.0,4320.0,,,2160,,
2025-07-04,多摩NT,デラウェア,大阪,相対,0.3,35.0,35.0,464.0,410.0,324.0,1547,1367,1080
2025-07-04,多摩NT,巨峰,山梨,相対,0.4,35.0,35.0,1296.0,1080.0,,3240,2700,
2025-07-04,多摩NT,巨峰,福岡,相対,0.35,35.0,35.0,1026.0,886.0,756.0,2931,2531,2160
2025-07-04,大田,アレキサンドリア,岡山,相対,0.75,16216.0,16299.0,6480.0,5184.0,3780.0,8640,6912,5040
2025-07-04,大田,シャインマスカット,各地,相対,5.0,16216.0,16299.0,35640.0,27324.0,17280.0,7128,5465,3456
2025-07-04,大田,シャインマスカット,山梨,相対,5.0,16216.0,16299.0,23760.0,18792.0,14040.0,4752,3758,2808
2025-07-04,大田,シャインマスカット,岡山,せり・入札,5.0,71.0,16299.0,48600.0,,,9720,,
2025-07-04,大田,シャインマスカット,岡山,相対,5.0,16216.0,16299.0,46440.0,26352.0,16200.0,9288,5270,3240
2025-07-04,大田,デラウェア,各地,相対,2.0,16216.0,16299.0,4320.0,2808.0,2376.0,2160,1404,1188
2025-07-04,大田,デラウェア,大阪,相対,0.3,16216.0,16299.0,486.0,400.0,302.0,1620,1333,1007
2025-07-04,大田,デラウェア,山形,相対,2.0,16216.0,16299.0,3240.0,2916.0,2160.0,1620,1458,1080
2025-07-04,大田,巨峰,各地,相対,0.35,16216.0,16299.0,864.0,,,2469,,
2025-07-04,大田,巨峰,山梨,相対,0.4,16216.0,16299.0,1080.0,907.0,864.0,2700,2268,2160
2025-07-04,板橋,デラウェア,大阪,相対,0.3,682.0,700.0,464.0,400.0,302.0,1547,1333,1007
2025-07-04,板橋,デラウェア,大阪,第三者販売,0.3,18.0,700.0,464.0,454.0,,1547,1513,
2025-07-04,淀橋,シャインマスカット,各地,相対,5.0,1427.0,1427.0,32400.0,,27000.0,6480,,5400
2025-07-04,淀橋,シャインマスカット,山梨,相対,5.0,1427.0,1427.0,23760.0,,,4752,,
2025-07-04,淀橋,デラウェア,各地,相対,2.0,1427.0,1427.0,4320.0,,,2160,,
2025-07-04,淀橋,デラウェア,大阪,相対,0.3,1427.0,1427.0,486.0,,,1620,,
2025-07-04,淀橋,巨峰,山梨,相対,0.3,1427.0,1427.0,972.0,,,3240,,
2025-07-04,葛西,シャインマスカット,山梨,相対,5.0,900.0,900.0,,16200.0,,,3240,
2025-07-04,葛西,デラウェア,大阪,相対,0.3,900.0,900.0,432.0,410.0,378.0,1440,1367,1260
2025-07-04,葛西,デラウェア,山形,相対,2.0,900.0,900.0,,3024.0,,,1512,
2025-07-04,豊島,デラウェア,大阪,相対,0.3,500.0,500.0,464.0,410.0,346.0,1547,1367,1153
2025-07-04,豊洲,アレキサンドリア,岡山,相対,0.75,2818.0,2818.0,,4320.0,,,5760,
2025-07-04,豊洲,シャインマスカット,各地,相対,5.0,2818.0,2818.0,27000.0,,24840.0,5400,,4968
2025-07-04,豊洲,シャインマスカット,山梨,相対,5.0,2818.0,2818.0,25920.0,23760.0,18360.0,5184,4752,3672
2025-07-04,豊洲,シャインマスカット,岡山,相対,5.0,2818.0,2818.0,32400.0,24840.0,21600.0,6480,4968,4320
2025-07-04,豊洲,デラウェア,各地,相対,2.0,2818.0,2818.0,,4320.0,,,2160,
2025-07-04,豊洲,デラウェア,大阪,相対,0.3,2818.0,2818.0,464.0,432.0,378.0,1547,1440,1260
2025-07-04,豊洲,巨峰,各地,相対,0.35,2818.0,2818.0,,864.0,,,2469,
2025-07-04,豊洲,巨峰,山梨,相対,0.4,2818.0,2818.0,1404.0,,1296.0,3510,,3240
2025-07-05,北足立,シャインマスカット,山梨,相対,5.0,3100.0,3100.0,,23760.0,,,4752,
2025-07-05,北足立,デラウェア,大阪,相対,0.3,3100.0,3100.0,432.0,,,1440,,
2025-07-05,北足立,デラウェア,山形,相対,2.0,3100.0,3100.0,3240.0,,,1620,,
2025-07-05,多摩NT,シャインマスカット,山梨,相対,5.0,134.0,134.0,2700.0,,,540,,
2025-07-05,多摩NT,デラウェア,各地,相対,2.0,134.0,134.0,4320.0,,,2160,,
2025-07-05,多摩NT,デラウェア,大阪,相対,0.3,134.0,134.0,464.0,410.0,324.0,1547,1367,1080
2025-07-05,多摩NT,巨峰,山梨,相対,0.4,134.0,134.0,1296.0,1080.0,,3240,2700,
2025-07-05,多摩NT,巨峰,福岡,相対,0.35,134.0,134.0,1026.0,886.0,756.0,2931,2531,2160
2025-07-05,大田,アレキサンドリア,岡山,相対,0.75,17677.0,17709.0,5400.0,4860.0,3780.0,7200,6480,5040
2025-07-05,大田,シャインマスカット,各地,相対,5.0,17677.0,17709.0,32400.0,26676.0,17280.0,6480,5335,3456
2025-07-05,大田,シャインマスカット,山梨,相対,5.0,17677.0,17709.0,23760.0,20196.0,16200.0,4752,4039,3240
2025-07-05,大田,シャインマスカット,岡山,相対,5.0,17677.0,17709.0,46440.0,25488.0,12960.0,9288,5098,2592
2025-07-05,大田,デラウェア,各地,相対,2.0,17677.0,17709.0,7020.0,2916.0,2376.0,3510,1458,1188
2025-07-05,大田,デラウェア,大阪,相対,0.3,17677.0,17709.0,454.0,400.0,302.0,1513,1333,1007
2025-07-05,大田,デラウェア,山形,相対,2.0,17677.0,17709.0,3240.0,2808.0,1944.0,1620,1404,972
2025-07-05,大田,巨峰,各地,相対,0.35,17677.0,17709.0,918.0,886.0,864.0,2623,2531,2469
2025-07-05,大田,巨峰,山梨,相対,0.4,17677.0,17709.0,1080.0,,,2700,,
2025-07-05,板橋,シャインマスカット,各地,相対,5.0,1088.0,1100.0,,19440.0,,,3888,
2025-07-05,板橋,デラウェア,大阪,相対,0.3,1088.0,1100.0,464.0,400.0,302.0,1547,1333,1007
2025-07-05,板橋,デラウェア,大阪,第三者販売,0.3,12.0,1100.0,464.0,432.0,,1547,1440,
2025-07-05,淀橋,シャインマスカット,各地,相対,5.0,1661.0,1661.0,32400.0,,27000.0,6480,,5400
2025-07-05,淀橋,シャインマスカット,山梨,相対,5.0,1661.0,1661.0,21600.0,,,4320,,
2025-07-05,淀橋,デラウェア,各地,相対,2.0,1661.0,1661.0,4320.0,,,2160,,
2025-07-05,淀橋,デラウェア,大阪,相対,0.3,1661.0,1661.0,486.0,,,1620,,
2025-07-05,淀橋,巨峰,山梨,相対,0.3,1661.0,1661.0,972.0,,,3240,,
2025-07-05,葛西,シャインマスカット,各地,相対,5.0,400.0,400.0,,16200.0,,,3240,
2025-07-05,葛西,デラウェア,大阪,相対,0.3,400.0,400.0,432.0,410.0,378.0,1440,1367,1260
2025-07-05,葛西,デラウェア,山形,相対,2.0,400.0,400.0,3240.0,3024.0,2700.0,1620,1512,1350
2025-07-05,豊島,シャインマスカット,山梨,相対,3.0,600.0,600.0,12960.0,,8640.0,4320,,2880
2025-07-05,豊島,デラウェア,大阪,相対,0.3,600.0,600.0,486.0,432.0,346.0,1620,1440,1153
2025-07-05,豊島,巨峰,山梨,相対,0.25,600.0,600.0,810.0,,,3240,,
2025-07-05,豊洲,アレキサンドリア,岡山,相対,0.75,2943.0,2948.0,,3780.0,,,5040,
2025-07-05,豊洲,シャインマスカット,各地,相対,5.0,2943.0,2948.0,27000.0,,22680.0,5400,,4536
2025-07-05,豊洲,シャインマスカット,山梨,相対,5.0,2943.0,2948.0,24840.0,,23760.0,4968,,4752
2025-07-05,豊洲,シャインマスカット,岡山,相対,5.0,2943.0,2948.0,30240.0,24840.0,19440.0,6048,4968,3888
2025-07-05,豊洲,シャインマスカット,岡山,第三者販売,5.0,5.0,2948.0,,41040.0,,,8208,
2025-07-05,豊洲,デラウェア,各地,相対,2.0,2943.0,2948.0,,4320.0,,,2160,
2025-07-05,豊洲,デラウェア,大阪,相対,0.3,2943.0,2948.0,464.0,,432.0,1547,,1440
2025-07-05,豊洲,巨峰,各地,相対,0.35,2943.0,2948.0,,864.0,,,2469,
2025-07-05,豊洲,巨峰,山梨,相対,0.4,2943.0,2948.0,1512.0,,1404.0,3780,,3510
2025-07-07,北足立,シャインマスカット,山梨,相対,5.0,3600.0,3600.0,,21600.0,,,4320,
2025-07-07,北足立,デラウェア,大阪,相対,0.3,3600.0,3600.0,432.0,,,1440,,
2025-07-07,北足立,デラウェア,山形,相対,2.0,3600.0,3600.0,3240.0,2916.0,2700.0,1620,1458,1350
2025-07-07,多摩NT,デラウェア,各地,相対,2.0,353.0,353.0,4320.0,3780.0,,2160,1890,
2025-07-07,多摩NT,デラウェア,大阪,相対,0.3,353.0,353.0,432.0,378.0,324.0,1440,1260,1080
2025-07-07,多摩NT,デラウェア,山形,相対,2.0,353.0,353.0,3240.0,3024.0,2700.0,1620,1512,1350
2025-07-07,多摩NT,巨峰,山梨,相対,0.4,353.0,353.0,1080.0,972.0,,2700,2430,
2025-07-07,多摩NT,巨峰,福岡,相対,0.35,353.0,353.0,810.0,756.0,648.0,2314,2160,1851
2025-07-07,大田,アレキサンドリア,岡山,相対,0.75,20212.0,20281.0,5940.0,4968.0,3780.0,7920,6624,5040
2025-07-07,大田,シャインマスカット,各地,相対,5.0,20212.0,20281.0,32400.0,23976.0,16200.0,6480,4795,3240
2025-07-07,大田,シャインマスカット,山梨,相対,5.0,20212.0,20281.0,23760.0,18684.0,14040.0,4752,3737,2808
2025-07-07,大田,シャインマスカット,岡山,相対,5.0,20212.0,20281.0,46440.0,23976.0,16200.0,9288,4795,3240
2025-07-07,大田,デラウェア,各地,相対,2.0,20212.0,20281.0,3780.0,2592.0,2160.0,1890,1296,1080
2025-07-07,大田,デラウェア,大阪,相対,0.3,20212.0,20281.0,454.0,389.0,292.0,1513,1297,973
2025-07-07,大田,デラウェア,山形,相対,2.0,20212.0,20281.0,3024.0,2700.0,1944.0,1512,1350,972
2025-07-07,大田,巨峰,各地,相対,0.35,20212.0,20281.0,918.0,875.0,864.0,2623,2500,2469
2025-07-07,大田,巨峰,山梨,相対,0.4,20212.0,20281.0,1080.0,907.0,756.0,2700,2268,1890
2025-07-07,板橋,シャインマスカット,山梨,相対,3.0,1182.0,1200.0,,8640.0,,,2880,
2025-07-07,板橋,デラウェア,大阪,相対,0.3,1182.0,1200.0,464.0,389.0,302.0,1547,1297,1007
2025-07-07,板橋,デラウェア,大阪,第三者販売,0.3,18.0,1200.0,464.0,,,1547,,
2025-07-07,淀橋,シャインマスカット,各地,相対,5.0,1950.0,1950.0,32400.0,,27000.0,6480,,5400
2025-07-07,淀橋,シャインマスカット,山梨,相対,5.0,1950.0,1950.0,21600.0,,,4320,,
2025-07-07,淀橋,デラウェア,各地,相対,2.0,1950.0,1950.0,3780.0,,,1890,,
2025-07-07,淀橋,デラウェア,大阪,相対,0.3,1950.0,1950.0,486.0,,,1620,,
2025-07-07,淀橋,巨峰,山梨,相対,0.3,1950.0,1950.0,972.0,,,3240,,
2025-07-07,淀橋,巨峰,福岡,相対,0.3,1950.0,1950.0,778.0,,,2593,,
2025-07-07,葛西,シャインマスカット,各地,相対,5.0,1000.0,1000.0,,16200.0,,,3240,
2025-07-07,葛西,デラウェア,大阪,相対,0.3,1000.0,1000.0,432.0,410.0,378.0,1440,1367,1260
2025-07-07,葛西,デラウェア,山形,相対,2.0,1000.0,1000.0,,3024.0,,,1512,
2025-07-07,豊島,シャインマスカット,山梨,相対,3.0,600.0,600.0,15120.0,12960.0,8640.0,5040,4320,2880
2025-07-07,豊島,デラウェア,大阪,相対,0.3,600.0,600.0,486.0,432.0,346.0,1620,1440,1153
2025-07-07,豊島,巨峰,山梨,相対,0.25,600.0,600.0,810.0,,,3240,,
2025-07-07,豊洲,アレキサンドリア,岡山,相対,0.75,3386.0,3401.0,4860.0,,3240.0,6480,,4320
2025-07-07,豊洲,シャインマスカット,各地,相対,5.0,3386.0,3401.0,27000.0,,24840.0,5400,,4968
2025-07-07,豊洲,シャインマスカット,山梨,相対,5.0,3386.0,3401.0,23760.0,,21600.0,4752,,4320
2025-07-07,豊洲,シャインマスカット,岡山,相対,5.0,3386.0,3401.0,30240.0,23760.0,18360.0,6048,4752,3672
2025-07-07,豊洲,シャインマスカット,岡山,第三者販売,5.0,15.0,3401.0,,8640.0,,,1728,
2025-07-07,豊洲,デラウェア,各地,相対,2.0,3386.0,3401.0,,3780.0,,,1890,
2025-07-07,豊洲,デラウェア,大阪,相対,0.3,3386.0,3401.0,464.0,,378.0,1547,,1260
2025-07-07,豊洲,巨峰,山梨,相対,0.4,3386.0,3401.0,1512.0,,1296.0,3780,,3240
2025-07-08,世田谷,デラウェア,大阪,相対,0.3,300.0,300.0,454.0,,,1513,,
2025-07-08,北足立,シャインマスカット,山梨,相対,5.0,4000.0,4000.0,,21600.0,,,4320,
2025-07-08,北足立,デラウェア,大阪,相対,0.3,4000.0,4000.0,432.0,,,1440,,
2025-07-08,北足立,デラウェア,山形,相対,2.0,4000.0,4000.0,3240.0,2916.0,2700.0,1620,1458,1350
2025-07-08,多摩NT,シャインマスカット,各地,相対,5.0,238.0,238.0,23760.0,,,4752,,
2025-07-08,多摩NT,シャインマスカット,山梨,相対,5.0,238.0,238.0,23760.0,21600.0,,4752,4320,
2025-07-08,多摩NT,デラウェア,各地,相対,2.0,238.0,238.0,4320.0,3780.0,,2160,1890,
2025-07-08,多摩NT,デラウェア,大阪,相対,0.3,238.0,238.0,432.0,378.0,324.0,1440,1260,1080
2025-07-08,多摩NT,デラウェア,山形,相対,2.0,238.0,238.0,3240.0,3024.0,2700.0,1620,1512,1350
2025-07-08,多摩NT,巨峰,山梨,相対,0.4,238.0,238.0,1080.0,972.0,,2700,2430,
2025-07-08,多摩NT,巨峰,福岡,相対,0.35,238.0,238.0,810.0,756.0,648.0,2314,2160,1851
2025-07-08,大田,アレキサンドリア,岡山,相対,0.75,19859.0,20052.0,5400.0,4752.0,4320.0,7200,6336,5760
2025-07-08,大田,シャインマスカット,各地,相対,5.0,19859.0,20052.0,32400.0,24408.0,17280.0,6480,4882,3456
2025-07-08,大田,シャインマスカット,各地,第三者販売,5.0,18.0,20052.0,27000.0,,,5400,,
2025-07-08,大田,シャインマスカット,山梨,相対,5.0,19859.0,20052.0,23760.0,19008.0,10800.0,4752,3802,2160
2025-07-08,大田,シャインマスカット,岡山,相対,5.0,19859.0,20052.0,43200.0,23868.0,14040.0,8640,4774,2808
2025-07-08,大田,デラウェア,各地,相対,2.0,19859.0,20052.0,5940.0,2808.0,2160.0,2970,1404,1080
2025-07-08,大田,デラウェア,大阪,相対,0.3,19859.0,20052.0,518.0,389.0,292.0,1727,1297,973
2025-07-08,大田,デラウェア,山形,相対,2.0,19859.0,20052.0,3024.0,2592.0,1944.0,1512,1296,972
2025-07-08,大田,巨峰,各地,相対,0.35,19859.0,20052.0,918.0,918.0,,2623,2623,
2025-07-08,大田,巨峰,山梨,相対,0.4,19859.0,20052.0,1080.0,961.0,864.0,2700,2402,2160
2025-07-08,板橋,シャインマスカット,山梨,相対,3.0,1100.0,1100.0,,9936.0,,,3312,
2025-07-08,板橋,デラウェア,大阪,相対,0.3,1100.0,1100.0,464.0,400.0,302.0,1547,1333,1007
2025-07-08,板橋,デラウェア,山形,相対,2.0,1100.0,1100.0,,2160.0,,,1080,
2025-07-08,淀橋,シャインマスカット,各地,相対,5.0,1847.0,1847.0,30240.0,,23760.0,6048,,4752
2025-07-08,淀橋,シャインマスカット,山梨,相対,5.0,1847.0,1847.0,21600.0,,,4320,,
2025-07-08,淀橋,デラウェア,各地,相対,2.0,1847.0,1847.0,3780.0,,,1890,,
2025-07-08,淀橋,デラウェア,大阪,相対,0.3,1847.0,1847.0,486.0,,,1620,,
2025-07-08,淀橋,デラウェア,山形,相対,2.0,1847.0,1847.0,3240.0,3024.0,,1620,1512,
2025-07-08,淀橋,巨峰,山梨,相対,0.3,1847.0,1847.0,972.0,,,3240,,
2025-07-08,葛西,シャインマスカット,各地,相対,5.0,1200.0,1200.0,,16200.0,,,3240,
2025-07-08,葛西,デラウェア,大阪,相対,0.3,1200.0,1200.0,432.0,410.0,378.0,1440,1367,1260
2025-07-08,葛西,デラウェア,山形,相対,2.0,1200.0,1200.0,,3024.0,,,1512,
2025-07-08,豊島,シャインマスカット,山梨,相対,3.0,600.0,600.0,12960.0,,,4320,,
2025-07-08,豊島,デラウェア,大阪,相対,0.3,600.0,600.0,486.0,432.0,346.0,1620,1440,1153
2025-07-08,豊島,巨峰,山梨,相対,0.25,600.0,600.0,810.0,,,3240,,
2025-07-08,豊洲,アレキサンドリア,岡山,相対,0.75,3364.0,3364.0,,4860.0,,,6480,
2025-07-08,豊洲,シャインマスカット,各地,相対,5.0,3364.0,3364.0,27000.0,,24840.0,5400,,4968
2025-07-08,豊洲,シャインマスカット,山梨,相対,5.0,3364.0,3364.0,24840.0,23760.0,21600.0,4968,4752,4320
2025-07-08,豊洲,シャインマスカット,岡山,相対,5.0,3364.0,3364.0,30240.0,23760.0,21600.0,6048,4752,4320
2025-07-08,豊洲,デラウェア,各地,相対,2.0,3364.0,3364.0,,3780.0,,,1890,
2025-07-08,豊洲,デラウェア,大阪,相対,0.3,3364.0,3364.0,464.0,,378.0,1547,,1260
2025-07-08,豊洲,デラウェア,山形,相対,2.0,3364.0,3364.0,2700.0,,2484.0,1350,,1242
2025-07-08,豊洲,巨峰,各地,相対,0.35,3364.0,3364.0,,918.0,,,2623,
2025-07-08,豊洲,巨峰,山梨,相対,0.4,3364.0,3364.0,1296.0,,1188.0,3240,,2970
2025-07-10,世田谷,シャインマスカット,各地,相対,5.0,300.0,300.0,2160.0,,,432,,
2025-07-10,世田谷,デラウェア,大阪,相対,0.3,300.0,300.0,464.0,,,1547,,
2025-07-10,北足立,シャインマスカット,山梨,相対,5.0,5000.0,5000.0,,21600.0,,,4320,
2025-07-10,北足立,デラウェア,大阪,相対,0.3,5000.0,5000.0,432.0,,,1440,,
2025-07-10,北足立,デラウェア,山形,相対,2.0,5000.0,5000.0,3240.0,2916.0,2700.0,1620,1458,1350
2025-07-10,多摩NT,シャインマスカット,各地,相対,5.0,398.0,398.0,23760.0,,,4752,,
2025-07-10,多摩NT,シャインマスカット,山梨,相対,5.0,398.0,398.0,23760.0,21600.0,,4752,4320,
2025-07-10,多摩NT,デラウェア,各地,相対,2.0,398.0,398.0,4320.0,3780.0,,2160,1890,
2025-07-10,多摩NT,デラウェア,大阪,相対,0.3,398.0,398.0,432.0,378.0,324.0,1440,1260,1080
2025-07-10,多摩NT,デラウェア,山形,相対,2.0,398.0,398.0,3240.0,3024.0,2700.0,1620,1512,1350
2025-07-10,大田,アレキサンドリア,岡山,相対,0.75,22699.0,22798.0,4860.0,3888.0,3240.0,6480,5184,4320
2025-07-10,大田,シャインマスカット,各地,相対,5.0,22699.0,22798.0,30240.0,23328.0,16200.0,6048,4666,3240
2025-07-10,大田,シャインマスカット,各地,第三者販売,5.0,87.0,22798.0,24840.0,,,4968,,
2025-07-10,大田,シャインマスカット,山梨,相対,5.0,22699.0,22798.0,21600.0,17064.0,14040.0,4320,3413,2808
2025-07-10,大田,シャインマスカット,岡山,相対,5.0,22699.0,22798.0,37800.0,18144.0,14040.0,7560,3629,2808
2025-07-10,大田,シャインマスカット,岡山,第三者販売,5.0,87.0,22798.0,24840.0,20520.0,19440.0,4968,4104,3888
2025-07-10,大田,デラウェア,各地,相対,2.0,22699.0,22798.0,5940.0,2808.0,2160.0,2970,1404,1080
2025-07-10,大田,デラウェア,大阪,相対,0.3,22699.0,22798.0,454.0,367.0,270.0,1513,1223,900
2025-07-10,大田,デラウェア,山形,相対,2.0,22699.0,22798.0,3024.0,2592.0,1944.0,1512,1296,972
2025-07-10,大田,巨峰,各地,相対,0.35,22699.0,22798.0,972.0,896.0,864.0,2777,2560,2469
2025-07-10,大田,巨峰,山梨,相対,0.4,22699.0,22798.0,1080.0,1080.0,,2700,2700,
2025-07-10,板橋,デラウェア,大阪,相対,0.3,682.0,700.0,464.0,394.0,302.0,1547,1313,1007
2025-07-10,板橋,デラウェア,大阪,第三者販売,0.3,18.0,700.0,464.0,,,1547,,
2025-07-10,淀橋,シャインマスカット,各地,相対,5.0,2786.0,2786.0,27000.0,,23760.0,5400,,4752
2025-07-10,淀橋,シャインマスカット,山梨,相対,5.0,2786.0,2786.0,21600.0,,,4320,,
2025-07-10,淀橋,デラウェア,各地,相対,2.0,2786.0,2786.0,3780.0,,,1890,,
2025-07-10,淀橋,デラウェア,大阪,相対,0.3,2786.0,2786.0,486.0,,,1620,,
2025-07-10,淀橋,デラウェア,山形,相対,2.0,2786.0,2786.0,3240.0,3024.0,,1620,1512,
2025-07-10,淀橋,巨峰,山梨,相対,0.3,2786.0,2786.0,972.0,,,3240,,
2025-07-10,葛西,シャインマスカット,各地,相対,5.0,900.0,900.0,,16200.0,,,3240,
2025-07-10,葛西,デラウェア,大阪,相対,0.3,900.0,900.0,432.0,418.0,378.0,1440,1393,1260
2025-07-10,葛西,デラウェア,山形,相対,2.0,900.0,900.0,,2700.0,,,1350,
2025-07-10,豊島,シャインマスカット,山梨,相対,3.0,600.0,600.0,21600.0,19440.0,18360.0,7200,6480,6120
2025-07-10,豊島,デラウェア,大阪,相対,0.3,600.0,600.0,464.0,410.0,346.0,1547,1367,1153
2025-07-10,豊島,巨峰,山梨,相対,0.25,600.0,600.0,810.0,,,3240,,
2025-07-10,豊洲,アレキサンドリア,岡山,相対,0.75,3816.0,3841.0,4860.0,,3780.0,6480,,5040
2025-07-10,豊洲,シャインマスカット,各地,相対,5.0,3816.0,3841.0,22680.0,,20520.0,4536,,4104
2025-07-10,豊洲,シャインマスカット,山梨,相対,5.0,3816.0,3841.0,23760.0,,21600.0,4752,,4320
2025-07-10,豊洲,シャインマスカット,岡山,相対,5.0,3816.0,3841.0,23760.0,21600.0,19440.0,4752,4320,3888
2025-07-10,豊洲,シャインマスカット,岡山,第三者販売,5.0,25.0,3841.0,30240.0,,28080.0,6048,,5616
2025-07-10,豊洲,デラウェア,各地,相対,2.0,3816.0,3841.0,5400.0,,3780.0,2700,,1890
2025-07-10,豊洲,デラウェア,大阪,相対,0.3,3816.0,3841.0,464.0,378.0,248.0,1547,1260,827
2025-07-10,豊洲,デラウェア,山形,相対,2.0,3816.0,3841.0,2484.0,,2376.0,1242,,1188
2025-07-10,豊洲,巨峰,各地,相対,0.35,3816.0,3841.0,,864.0,,,2469,
2025-07-10,豊洲,巨峰,山梨,相対,0.4,3816.0,3841.0,1512.0,,1404.0,3780,,3510
2025-07-11,世田谷,デラウェア,大阪,相対,0.3,300.0,300.0,,464.0,,,1547,
2025-07-11,北足立,シャインマスカット,山梨,相対,5.0,4800.0,4800.0,,21600.0,,,4320,
2025-07-11,北足立,デラウェア,大阪,相対,0.3,4800.0,4800.0,432.0,,,1440,,
2025-07-11,北足立,デラウェア,山形,相対,2.0,4800.0,4800.0,3240.0,2916.0,2700.0,1620,1458,1350
2025-07-11,多摩NT,シャインマスカット,各地,相対,5.0,521.0,521.0,23760.0,,,4752,,
2025-07-11,多摩NT,シャインマスカット,山梨,相対,5.0,521.0,521.0,23760.0,21600.0,,4752,4320,
2025-07-11,多摩NT,デラウェア,各地,相対,2.0,521.0,521.0,4320.0,3780.0,,2160,1890,
2025-07-11,多摩NT,デラウェア,大阪,相対,0.3,521.0,521.0,432.0,378.0,324.0,1440,1260,1080
2025-07-11,多摩NT,デラウェア,山形,相対,2.0,521.0,521.0,3240.0,3024.0,2700.0,1620,1512,1350
2025-07-11,多摩NT,巨峰,山梨,相対,0.4,521.0,521.0,1080.0,972.0,,2700,2430,
2025-07-11,多摩NT,巨峰,福岡,相対,0.35,521.0,521.0,810.0,756.0,648.0,2314,2160,1851
2025-07-11,大田,アレキサンドリア,岡山,相対,0.75,20593.0,20765.0,4860.0,4104.0,3240.0,6480,5472,4320
2025-07-11,大田,シャインマスカット,各地,相対,5.0,20593.0,20765.0,27000.0,22464.0,16200.0,5400,4493,3240
2025-07-11,大田,シャインマスカット,各地,第三者販売,5.0,17.0,20765.0,24840.0,,,4968,,
2025-07-11,大田,シャインマスカット,山梨,相対,5.0,20593.0,20765.0,21600.0,18468.0,14040.0,4320,3694,2808
2025-07-11,大田,シャインマスカット,岡山,相対,5.0,20593.0,20765.0,37800.0,22032.0,10800.0,7560,4406,2160
2025-07-11,大田,デラウェア,各地,相対,2.0,20593.0,20765.0,4320.0,2808.0,2160.0,2160,1404,1080
2025-07-11,大田,デラウェア,大阪,相対,0.3,20593.0,20765.0,432.0,367.0,270.0,1440,1223,900
2025-07-11,大田,デラウェア,山形,相対,2.0,20593.0,20765.0,3024.0,2700.0,1620.0,1512,1350,810
2025-07-11,大田,巨峰,各地,相対,0.35,20593.0,20765.0,918.0,886.0,864.0,2623,2531,2469
2025-07-11,大田,巨峰,山梨,相対,0.4,20593.0,20765.0,1080.0,,,2700,,
2025-07-11,板橋,シャインマスカット,山梨,相対,3.0,2682.0,2700.0,10800.0,8640.0,,3600,2880,
2025-07-11,板橋,デラウェア,大阪,相対,0.3,2682.0,2700.0,464.0,389.0,302.0,1547,1297,1007
2025-07-11,板橋,デラウェア,大阪,第三者販売,0.3,18.0,2700.0,464.0,454.0,432.0,1547,1513,1440
2025-07-11,淀橋,シャインマスカット,各地,相対,5.0,2475.0,2475.0,27000.0,,23760.0,5400,,4752
2025-07-11,淀橋,シャインマスカット,山梨,相対,5.0,2475.0,2475.0,21600.0,,,4320,,
2025-07-11,淀橋,デラウェア,各地,相対,2.0,2475.0,2475.0,3780.0,,,1890,,
2025-07-11,淀橋,デラウェア,大阪,相対,0.3,2475.0,2475.0,486.0,,,1620,,
2025-07-11,淀橋,デラウェア,山形,相対,2.0,2475.0,2475.0,3240.0,3024.0,,1620,1512,
2025-07-11,淀橋,巨峰,山梨,相対,0.3,2475.0,2475.0,972.0,,,3240,,
2025-07-11,葛西,シャインマスカット,各地,相対,5.0,1500.0,1500.0,,16200.0,,,3240,
2025-07-11,葛西,デラウェア,大阪,相対,0.3,1500.0,1500.0,432.0,410.0,378.0,1440,1367,1260
2025-07-11,葛西,デラウェア,山形,相対,2.0,1500.0,1500.0,3024.0,2700.0,2484.0,1512,1350,1242
2025-07-11,豊島,シャインマスカット,山梨,相対,3.0,500.0,500.0,19440.0,18360.0,15120.0,6480,6120,5040
2025-07-11,豊島,シャインマスカット,岡山,相対,5.0,500.0,500.0,18900.0,,18360.0,3780,,3672
2025-07-11,豊島,デラウェア,大阪,相対,0.3,500.0,500.0,486.0,432.0,346.0,1620,1440,1153
2025-07-11,豊島,巨峰,山梨,相対,0.25,500.0,500.0,756.0,,,3024,,
2025-07-11,豊洲,アレキサンドリア,岡山,相対,0.75,3116.0,3116.0,,4860.0,,,6480,
2025-07-11,豊洲,シャインマスカット,各地,相対,5.0,3116.0,3116.0,27000.0,,20520.0,5400,,4104
2025-07-11,豊洲,シャインマスカット,山梨,相対,5.0,3116.0,3116.0,24840.0,,21600.0,4968,,4320
2025-07-11,豊洲,シャインマスカット,岡山,相対,5.0,3116.0,3116.0,28080.0,21600.0,17280.0,5616,4320,3456
2025-07-11,豊洲,デラウェア,各地,相対,2.0,3116.0,3116.0,,3780.0,,,1890,
2025-07-11,豊洲,デラウェア,大阪,相対,0.3,3116.0,3116.0,464.0,378.0,248.0,1547,1260,827
2025-07-11,豊洲,デラウェア,山形,相対,2.0,3116.0,3116.0,2592.0,2484.0,2376.0,1296,1242,1188
2025-07-11,豊洲,巨峰,各地,相対,0.35,3116.0,3116.0,,864.0,,,2469,
2025-07-11,豊洲,巨峰,山梨,相対,0.4,3116.0,3116.0,,1404.0,,,3510,
2025-07-12,世田谷,シャインマスカット,各地,相対,5.0,300.0,300.0,22680.0,,,4536,,
2025-07-12,世田谷,デラウェア,大阪,相対,0.3,300.0,300.0,,464.0,,,1547,
2025-07-12,北足立,シャインマスカット,山梨,相対,5.0,5000.0,5000.0,,21600.0,,,4320,
2025-07-12,北足立,デラウェア,大阪,相対,0.3,5000.0,5000.0,432.0,,,1440,,
2025-07-12,北足立,デラウェア,山形,相対,2.0,5000.0,5000.0,3240.0,2916.0,2700.0,1620,1458,1350
2025-07-12,多摩NT,シャインマスカット,各地,相対,5.0,596.0,596.0,23760.0,,,4752,,
2025-07-12,多摩NT,シャインマスカット,山梨,相対,5.0,596.0,596.0,23760.0,21600.0,,4752,4320,
2025-07-12,多摩NT,デラウェア,各地,相対,2.0,596.0,596.0,4320.0,3780.0,,2160,1890,
2025-07-12,多摩NT,デラウェア,大阪,相対,0.3,596.0,596.0,432.0,378.0,324.0,1440,1260,1080
2025-07-12,多摩NT,デラウェア,山形,相対,2.0,596.0,596.0,3240.0,3024.0,2700.0,1620,1512,1350
2025-07-12,多摩NT,巨峰,山梨,相対,0.4,596.0,596.0,1080.0,972.0,,2700,2430,
2025-07-12,多摩NT,巨峰,福岡,相対,0.35,596.0,596.0,810.0,756.0,648.0,2314,2160,1851
2025-07-12,大田,アレキサンドリア,岡山,相対,0.75,22718.0,22741.0,2700.0,,,3600,,
2025-07-12,大田,シャインマスカット,各地,相対,5.0,22718.0,22741.0,27000.0,23976.0,16200.0,5400,4795,3240
2025-07-12,大田,シャインマスカット,各地,第三者販売,5.0,17.0,22741.0,21600.0,,,4320,,
2025-07-12,大田,シャインマスカット,山梨,相対,5.0,22718.0,22741.0,21600.0,19980.0,17280.0,4320,3996,3456
2025-07-12,大田,シャインマスカット,岡山,相対,5.0,22718.0,22741.0,32400.0,19656.0,12960.0,6480,3931,2592
2025-07-12,大田,デラウェア,各地,相対,2.0,22718.0,22741.0,5940.0,3132.0,2160.0,2970,1566,1080
2025-07-12,大田,デラウェア,大阪,相対,0.3,22718.0,22741.0,432.0,356.0,270.0,1440,1187,900
2025-07-12,大田,デラウェア,山形,相対,2.0,22718.0,22741.0,3024.0,2700.0,1620.0,1512,1350,810
2025-07-12,大田,巨峰,各地,相対,0.35,22718.0,22741.0,918.0,,864.0,2623,,2469
2025-07-12,大田,巨峰,山梨,相対,0.4,22718.0,22741.0,1080.0,1080.0,,2700,2700,
2025-07-12,板橋,シャインマスカット,山梨,相対,3.0,982.0,1000.0,10800.0,10800.0,,3600,3600,
2025-07-12,板橋,デラウェア,大阪,相対,0.3,982.0,1000.0,464.0,389.0,302.0,1547,1297,1007
2025-07-12,板橋,デラウェア,大阪,第三者販売,0.3,18.0,1000.0,464.0,,,1547,,
2025-07-12,淀橋,シャインマスカット,各地,相対,5.0,3170.0,3170.0,27000.0,,23760.0,5400,,4752
2025-07-12,淀橋,シャインマスカット,山梨,相対,5.0,3170.0,3170.0,21600.0,,,4320,,
2025-07-12,淀橋,デラウェア,各地,相対,2.0,3170.0,3170.0,3780.0,,,1890,,
2025-07-12,淀橋,デラウェア,大阪,相対,0.3,3170.0,3170.0,486.0,,,1620,,
2025-07-12,淀橋,デラウェア,山形,相対,2.0,3170.0,3170.0,3240.0,3024.0,,1620,1512,
2025-07-12,淀橋,巨峰,山梨,相対,0.3,3170.0,3170.0,972.0,,,3240,,
2025-07-12,葛西,シャインマスカット,山梨,相対,5.0,1000.0,1000.0,27000.0,,,5400,,
2025-07-12,葛西,デラウェア,大阪,相対,0.3,1000.0,1000.0,432.0,410.0,378.0,1440,1367,1260
2025-07-12,葛西,デラウェア,山形,相対,2.0,1000.0,1000.0,3240.0,2700.0,2160.0,1620,1350,1080
2025-07-12,葛西,巨峰,山梨,相対,0.4,1000.0,1000.0,972.0,,,2430,,
2025-07-12,豊島,シャインマスカット,山梨,相対,3.0,500.0,500.0,19440.0,,18360.0,6480,,6120
2025-07-12,豊島,デラウェア,大阪,相対,0.3,500.0,500.0,464.0,432.0,367.0,1547,1440,1223
2025-07-12,豊島,巨峰,山梨,相対,0.25,500.0,500.0,810.0,,,3240,,
2025-07-12,豊洲,アレキサンドリア,岡山,相対,0.75,3565.0,3565.0,4860.0,,3240.0,6480,,4320
2025-07-12,豊洲,シャインマスカット,各地,相対,5.0,3565.0,3565.0,24840.0,,20520.0,4968,,4104
2025-07-12,豊洲,シャインマスカット,山梨,相対,5.0,3565.0,3565.0,23760.0,,21600.0,4752,,4320
2025-07-12,豊洲,シャインマスカット,岡山,相対,5.0,3565.0,3565.0,28080.0,21600.0,16200.0,5616,4320,3240
2025-07-12,豊洲,デラウェア,各地,相対,2.0,3565.0,3565.0,6480.0,,3780.0,3240,,1890
2025-07-12,豊洲,デラウェア,大阪,相対,0.3,3565.0,3565.0,464.0,,432.0,1547,,1440
2025-07-12,豊洲,デラウェア,山形,相対,2.0,3565.0,3565.0,3240.0,,2484.0,1620,,1242
2025-07-12,豊洲,巨峰,各地,相対,0.35,3565.0,3565.0,,864.0,,,2469,
2025-07-12,豊洲,巨峰,山梨,相対,0.4,3565.0,3565.0,,1404.0,,,3510,
2025-07-14,世田谷,デラウェア,大阪,相対,0.3,600.0,600.0,464.0,,,1547,,
2025-07-14,北足立,シャインマスカット,山梨,相対,5.0,5600.0,5600.0,,21600.0,,,4320,
2025-07-14,北足立,デラウェア,大阪,相対,0.3,5600.0,5600.0,432.0,,,1440,,
2025-07-14,北足立,デラウェア,山形,相対,2.0,5600.0,5600.0,2916.0,2700.0,2160.0,1458,1350,1080
2025-07-14,多摩NT,デラウェア,各地,相対,2.0,639.0,639.0,3780.0,3240.0,,1890,1620,
2025-07-14,多摩NT,デラウェア,大阪,相対,0.3,639.0,639.0,432.0,389.0,302.0,1440,1297,1007
2025-07-14,多摩NT,デラウェア,山形,相対,2.0,639.0,639.0,3024.0,2808.0,2592.0,1512,1404,1296
2025-07-14,大田,シャインマスカット,各地,相対,5.0,26647.0,26859.0,27000.0,20628.0,15120.0,5400,4126,3024
2025-07-14,大田,シャインマスカット,各地,第三者販売,5.0,72.0,26859.0,19440.0,,,3888,,
2025-07-14,大田,シャインマスカット,山梨,相対,5.0,26647.0,26859.0,20520.0,18360.0,15120.0,4104,3672,3024
2025-07-14,大田,シャインマスカット,岡山,相対,5.0,26647.0,26859.0,21600.0,16632.0,12960.0,4320,3326,2592
2025-07-14,大田,シャインマスカット,岡山,第三者販売,5.0,72.0,26859.0,21600.0,17280.0,16200.0,4320,3456,3240
2025-07-14,大田,デラウェア,各地,相対,2.0,26647.0,26859.0,3780.0,3132.0,2376.0,1890,1566,1188
2025-07-14,大田,デラウェア,大阪,相対,0.3,26647.0,26859.0,454.0,367.0,270.0,1513,1223,900
2025-07-14,大田,デラウェア,山形,相対,2.0,26647.0,26859.0,3024.0,2592.0,1620.0,1512,1296,810
2025-07-14,大田,巨峰,各地,せり・入札,0.35,113.0,26859.0,1080.0,,,3086,,
2025-07-14,大田,巨峰,各地,相対,0.35,26647.0,26859.0,1080.0,961.0,864.0,3086,2746,2469
2025-07-14,大田,巨峰,山梨,相対,0.4,26647.0,26859.0,1080.0,1080.0,540.0,2700,2700,1350
2025-07-14,板橋,シャインマスカット,山梨,相対,3.0,976.0,1000.0,10800.0,10800.0,,3600,3600,
2025-07-14,板橋,デラウェア,大阪,相対,0.3,976.0,1000.0,464.0,389.0,302.0,1547,1297,1007
2025-07-14,板橋,デラウェア,大阪,第三者販売,0.3,24.0,1000.0,464.0,,,1547,,
2025-07-14,淀橋,シャインマスカット,各地,相対,5.0,3492.0,3492.0,27000.0,,23760.0,5400,,4752
2025-07-14,淀橋,シャインマスカット,山梨,相対,5.0,3492.0,3492.0,21600.0,,,4320,,
2025-07-14,淀橋,デラウェア,各地,相対,2.0,3492.0,3492.0,3780.0,,,1890,,
2025-07-14,淀橋,デラウェア,大阪,相対,0.3,3492.0,3492.0,486.0,,,1620,,
2025-07-14,淀橋,デラウェア,山形,相対,2.0,3492.0,3492.0,3240.0,3024.0,,1620,1512,
2025-07-14,淀橋,巨峰,山梨,相対,0.3,3492.0,3492.0,972.0,,,3240,,
2025-07-14,葛西,シャインマスカット,各地,相対,5.0,1800.0,1800.0,,1620.0,,,324,
2025-07-14,葛西,デラウェア,大阪,相対,0.3,1800.0,1800.0,378.0,,324.0,1260,,1080
2025-07-14,葛西,デラウェア,山形,相対,2.0,1800.0,1800.0,3024.0,2700.0,2484.0,1512,1350,1242
2025-07-14,豊島,デラウェア,大阪,相対,0.3,600.0,600.0,464.0,410.0,346.0,1547,1367,1153
2025-07-14,豊洲,アレキサンドリア,岡山,相対,0.75,3889.0,3889.0,4860.0,,3240.0,6480,,4320
2025-07-14,豊洲,シャインマスカット,各地,相対,5.0,3889.0,3889.0,21600.0,19440.0,18360.0,4320,3888,3672
2025-07-14,豊洲,シャインマスカット,山梨,相対,5.0,3889.0,3889.0,24840.0,21600.0,19440.0,4968,4320,3888
2025-07-14,豊洲,シャインマスカット,岡山,相対,5.0,3889.0,3889.0,24840.0,19440.0,16200.0,4968,3888,3240
2025-07-14,豊洲,デラウェア,各地,相対,2.0,3889.0,3889.0,,3780.0,,,1890,
2025-07-14,豊洲,デラウェア,大阪,相対,0.3,3889.0,3889.0,464.0,,432.0,1547,,1440
2025-07-14,豊洲,デラウェア,山形,相対,2.0,3889.0,3889.0,2700.0,2484.0,2160.0,1350,1242,1080
2025-07-14,豊洲,巨峰,各地,相対,0.35,3889.0,3889.0,1350.0,,1188.0,3857,,3394
2025-07-14,豊洲,巨峰,山梨,相対,0.4,3889.0,3889.0,,1296.0,,,3240,
2025-07-15,世田谷,シャインマスカット,岡山,相対,5.0,400.0,400.0,21600.0,,,4320,,
2025-07-15,北足立,シャインマスカット,山梨,相対,5.0,6500.0,6500.0,,21600.0,,,4320,
2025-07-15,北足立,シャインマスカット,岡山,相対,5.0,6500.0,6500.0,23760.0,,,4752,,
2025-07-15,北足立,デラウェア,大阪,相対,0.3,6500.0,6500.0,432.0,,,1440,,
2025-07-15,北足立,デラウェア,山形,相対,2.0,6500.0,6500.0,2916.0,2700.0,2160.0,1458,1350,1080
2025-07-15,多摩NT,シャインマスカット,各地,相対,5.0,661.0,661.0,21600.0,,,4320,,
2025-07-15,多摩NT,シャインマスカット,山梨,相対,5.0,661.0,661.0,19440.0,,,3888,,
2025-07-15,多摩NT,デラウェア,各地,相対,2.0,661.0,661.0,3780.0,3240.0,,1890,1620,
2025-07-15,多摩NT,デラウェア,大阪,相対,0.3,661.0,661.0,432.0,389.0,302.0,1440,1297,1007
2025-07-15,多摩NT,デラウェア,山形,相対,2.0,661.0,661.0,3024.0,2808.0,2592.0,1512,1404,1296
2025-07-15,多摩NT,巨峰,各地,相対,0.35,661.0,661.0,1188.0,,,3394,,
2025-07-15,多摩NT,巨峰,山梨,相対,0.4,661.0,661.0,1080.0,,,2700,,
2025-07-15,多摩NT,巨峰,福岡,相対,0.35,661.0,661.0,918.0,,,2623,,
2025-07-15,大田,シャインマスカット,各地,相対,5.0,22351.0,22449.0,27000.0,21924.0,16200.0,5400,4385,3240
2025-07-15,大田,シャインマスカット,各地,第三者販売,5.0,92.0,22449.0,19440.0,,,3888,,
2025-07-15,大田,シャインマスカット,山梨,相対,5.0,22351.0,22449.0,20520.0,17496.0,15120.0,4104,3499,3024
2025-07-15,大田,シャインマスカット,岡山,相対,5.0,22351.0,22449.0,21600.0,14580.0,12960.0,4320,2916,2592
2025-07-15,大田,シャインマスカット,岡山,第三者販売,5.0,92.0,22449.0,19440.0,17820.0,16200.0,3888,3564,3240
2025-07-15,大田,デラウェア,各地,相対,2.0,22351.0,22449.0,4320.0,3780.0,3564.0,2160,1890,1782
2025-07-15,大田,デラウェア,大阪,相対,0.3,22351.0,22449.0,518.0,356.0,270.0,1727,1187,900
2025-07-15,大田,デラウェア,山形,相対,2.0,22351.0,22449.0,3024.0,2592.0,1620.0,1512,1296,810
2025-07-15,大田,巨峰,各地,相対,0.35,22351.0,22449.0,1080.0,972.0,864.0,3086,2777,2469
2025-07-15,大田,巨峰,山梨,相対,0.4,22351.0,22449.0,1080.0,1037.0,972.0,2700,2592,2430
2025-07-15,板橋,シャインマスカット,山梨,相対,3.0,1082.0,1100.0,,6480.0,,,2160,
2025-07-15,板橋,デラウェア,大阪,相対,0.3,1082.0,1100.0,464.0,389.0,302.0,1547,1297,1007
2025-07-15,板橋,デラウェア,大阪,第三者販売,0.3,18.0,1100.0,464.0,,,1547,,
2025-07-15,板橋,巨峰,山梨,相対,0.35,1082.0,1100.0,810.0,,,2314,,
2025-07-15,淀橋,シャインマスカット,各地,相対,5.0,3255.0,3255.0,27000.0,,23760.0,5400,,4752
2025-07-15,淀橋,シャインマスカット,山梨,相対,5.0,3255.0,3255.0,21600.0,,,4320,,
2025-07-15,淀橋,デラウェア,各地,相対,2.0,3255.0,3255.0,3780.0,,,1890,,
2025-07-15,淀橋,デラウェア,山形,相対,2.0,3255.0,3255.0,3024.0,2916.0,2700.0,1512,1458,1350
2025-07-15,淀橋,巨峰,山梨,相対,0.3,3255.0,3255.0,972.0,,,3240,,
2025-07-15,葛西,シャインマスカット,各地,相対,5.0,1800.0,1800.0,,16200.0,,,3240,
2025-07-15,葛西,デラウェア,大阪,相対,0.3,1800.0,1800.0,432.0,418.0,378.0,1440,1393,1260
2025-07-15,葛西,デラウェア,山形,相対,2.0,1800.0,1800.0,3024.0,2700.0,2160.0,1512,1350,1080
2025-07-15,豊島,デラウェア,大阪,相対,0.3,600.0,600.0,486.0,432.0,346.0,1620,1440,1153
2025-07-15,豊島,デラウェア,山形,相対,0.35,600.0,600.0,518.0,,,1480,,
2025-07-15,豊洲,アレキサンドリア,岡山,相対,0.75,3867.0,3867.0,4320.0,3240.0,3024.0,5760,4320,4032
2025-07-15,豊洲,シャインマスカット,各地,相対,5.0,3867.0,3867.0,23760.0,,19440.0,4752,,3888
2025-07-15,豊洲,シャインマスカット,山梨,相対,5.0,3867.0,3867.0,21600.0,,19440.0,4320,,3888
2025-07-15,豊洲,シャインマスカット,岡山,相対,5.0,3867.0,3867.0,37800.0,19440.0,16200.0,7560,3888,3240
2025-07-15,豊洲,デラウェア,各地,相対,2.0,3867.0,3867.0,,3780.0,,,1890,
2025-07-15,豊洲,デラウェア,大阪,相対,0.3,3867.0,3867.0,464.0,,432.0,1547,,1440
2025-07-15,豊洲,デラウェア,山形,相対,2.0,3867.0,3867.0,3348.0,,2484.0,1674,,1242
2025-07-15,豊洲,巨峰,各地,相対,0.35,3867.0,3867.0,1404.0,1296.0,918.0,4011,3703,2623
2025-07-15,豊洲,巨峰,山梨,相対,0.4,3867.0,3867.0,1404.0,,1296.0,3510,,3240
2025-07-17,世田谷,デラウェア,大阪,相対,0.3,400.0,400.0,464.0,,,1547,,
2025-07-17,北足立,シャインマスカット,山梨,相対,5.0,7200.0,7200.0,,19440.0,,,3888,
2025-07-17,北足立,シャインマスカット,岡山,相対,5.0,7200.0,7200.0,25920.0,,,5184,,
2025-07-17,北足立,デラウェア,大阪,相対,0.3,7200.0,7200.0,432.0,,,1440,,
2025-07-17,北足立,デラウェア,山形,相対,2.0,7200.0,7200.0,2916.0,2160.0,1944.0,1458,1080,972
2025-07-17,多摩NT,デラウェア,各地,相対,2.0,305.0,305.0,3780.0,3240.0,,1890,1620,
2025-07-17,多摩NT,デラウェア,大阪,相対,0.3,305.0,305.0,432.0,389.0,302.0,1440,1297,1007
2025-07-17,多摩NT,デラウェア,山形,相対,2.0,305.0,305.0,3024.0,2808.0,2592.0,1512,1404,1296
2025-07-17,多摩NT,巨峰,各地,相対,0.35,305.0,305.0,1188.0,,,3394,,
2025-07-17,多摩NT,巨峰,山梨,相対,0.4,305.0,305.0,1080.0,,,2700,,
2025-07-17,多摩NT,巨峰,福岡,相対,0.35,305.0,305.0,918.0,,,2623,,
2025-07-17,大田,アレキサンドリア,岡山,相対,0.75,28580.0,28694.0,5400.0,,,7200,,
2025-07-17,大田,シャインマスカット,各地,相対,5.0,28580.0,28694.0,24840.0,20412.0,15120.0,4968,4082,3024
2025-07-17,大田,シャインマスカット,山梨,相対,5.0,28580.0,28694.0,19440.0,16308.0,9720.0,3888,3262,1944
2025-07-17,大田,シャインマスカット,岡山,相対,5.0,28580.0,28694.0,24840.0,15660.0,10800.0,4968,3132,2160
2025-07-17,大田,シャインマスカット,岡山,第三者販売,5.0,77.0,28694.0,16200.0,,,3240,,
2025-07-17,大田,デラウェア,各地,相対,2.0,28580.0,28694.0,3780.0,2700.0,1944.0,1890,1350,972
2025-07-17,大田,デラウェア,大阪,相対,0.3,28580.0,28694.0,518.0,346.0,238.0,1727,1153,793
2025-07-17,大田,デラウェア,山形,相対,2.0,28580.0,28694.0,3024.0,2484.0,1620.0,1512,1242,810
2025-07-17,大田,巨峰,各地,相対,0.35,28580.0,28694.0,1080.0,940.0,432.0,3086,2686,1234
2025-07-17,大田,巨峰,山梨,相対,0.4,28580.0,28694.0,1080.0,756.0,702.0,2700,1890,1755
2025-07-17,板橋,デラウェア,大阪,相対,0.3,982.0,1000.0,454.0,378.0,292.0,1513,1260,973
2025-07-17,板橋,デラウェア,大阪,第三者販売,0.3,18.0,1000.0,454.0,,,1513,,
2025-07-17,淀橋,シャインマスカット,各地,相対,5.0,5423.0,5423.0,27000.0,,23760.0,5400,,4752
2025-07-17,淀橋,シャインマスカット,山梨,相対,5.0,5423.0,5423.0,21600.0,,,4320,,
2025-07-17,淀橋,デラウェア,各地,相対,2.0,5423.0,5423.0,3780.0,,,1890,,
2025-07-17,淀橋,デラウェア,山形,相対,2.0,5423.0,5423.0,3024.0,2916.0,2700.0,1512,1458,1350
2025-07-17,淀橋,巨峰,山梨,相対,0.3,5423.0,5423.0,972.0,,,3240,,
2025-07-17,葛西,シャインマスカット,山梨,相対,5.0,1100.0,1100.0,,19420.0,,,3884,
2025-07-17,葛西,デラウェア,山形,相対,2.0,1100.0,1100.0,,2484.0,,,1242,
2025-07-17,葛西,巨峰,山梨,相対,0.4,1100.0,1100.0,,1080.0,,,2700,
2025-07-17,豊島,シャインマスカット,山梨,相対,5.0,500.0,500.0,19440.0,,16200.0,3888,,3240
2025-07-17,豊島,デラウェア,大阪,相対,0.3,500.0,500.0,486.0,410.0,346.0,1620,1367,1153
2025-07-17,豊島,デラウェア,山形,相対,0.35,500.0,500.0,540.0,,486.0,1543,,1389
2025-07-17,豊島,巨峰,山梨,相対,0.3,500.0,500.0,810.0,,,2700,,
2025-07-17,豊洲,アレキサンドリア,岡山,相対,0.75,5225.0,5225.0,4320.0,,3024.0,5760,,4032
2025-07-17,豊洲,シャインマスカット,各地,相対,5.0,5225.0,5225.0,23760.0,21600.0,19440.0,4752,4320,3888
2025-07-17,豊洲,シャインマスカット,山梨,相対,5.0,5225.0,5225.0,23760.0,19440.0,17280.0,4752,3888,3456
2025-07-17,豊洲,シャインマスカット,岡山,相対,5.0,5225.0,5225.0,32400.0,19440.0,14040.0,6480,3888,2808
2025-07-17,豊洲,デラウェア,各地,相対,2.0,5225.0,5225.0,3780.0,3564.0,3240.0,1890,1782,1620
2025-07-17,豊洲,デラウェア,大阪,相対,0.3,5225.0,5225.0,464.0,,432.0,1547,,1440
2025-07-17,豊洲,デラウェア,山形,相対,2.0,5225.0,5225.0,2916.0,2700.0,2484.0,1458,1350,1242
2025-07-17,豊洲,巨峰,各地,相対,0.35,5225.0,5225.0,,1188.0,,,3394,
2025-07-17,豊洲,巨峰,山梨,相対,0.4,5225.0,5225.0,1512.0,1404.0,1296.0,3780,3510,3240
2025-07-18,北足立,シャインマスカット,山梨,相対,5.0,7200.0,7200.0,,21600.0,,,4320,
2025-07-18,北足立,デラウェア,大阪,相対,0.3,7200.0,7200.0,432.0,,,1440,,
2025-07-18,北足立,デラウェア,山形,相対,2.0,7200.0,7200.0,2916.0,2160.0,1944.0,1458,1080,972
2025-07-18,多摩NT,シャインマスカット,各地,相対,5.0,329.0,329.0,21600.0,,,4320,,
2025-07-18,多摩NT,シャインマスカット,山梨,相対,5.0,329.0,329.0,19440.0,,,3888,,
2025-07-18,多摩NT,デラウェア,各地,相対,2.0,329.0,329.0,3780.0,3240.0,,1890,1620,
2025-07-18,多摩NT,デラウェア,大阪,相対,0.3,329.0,329.0,432.0,389.0,302.0,1440,1297,1007
2025-07-18,多摩NT,デラウェア,山形,相対,2.0,329.0,329.0,3024.0,2808.0,2592.0,1512,1404,1296
2025-07-18,大田,アレキサンドリア,岡山,相対,0.75,25698.0,25768.0,4860.0,3996.0,3240.0,6480,5328,4320
2025-07-18,大田,シャインマスカット,各地,せり・入札,5.0,5.0,25768.0,30240.0,,,6048,,
2025-07-18,大田,シャインマスカット,各地,相対,5.0,25698.0,25768.0,24840.0,19764.0,15120.0,4968,3953,3024
2025-07-18,大田,シャインマスカット,山梨,相対,5.0,25698.0,25768.0,20520.0,17928.0,15120.0,4104,3586,3024
2025-07-18,大田,シャインマスカット,岡山,相対,5.0,25698.0,25768.0,32400.0,18036.0,10800.0,6480,3607,2160
2025-07-18,大田,シャインマスカット,岡山,第三者販売,5.0,65.0,25768.0,16200.0,,,3240,,
2025-07-18,大田,デラウェア,各地,相対,2.0,25698.0,25768.0,3780.0,3672.0,3564.0,1890,1836,1782
2025-07-18,大田,デラウェア,大阪,相対,0.3,25698.0,25768.0,410.0,335.0,238.0,1367,1117,793
2025-07-18,大田,デラウェア,山形,相対,2.0,25698.0,25768.0,3024.0,2484.0,1620.0,1512,1242,810
2025-07-18,大田,巨峰,各地,相対,0.35,25698.0,25768.0,1080.0,929.0,864.0,3086,2654,2469
2025-07-18,大田,巨峰,山梨,相対,0.4,25698.0,25768.0,972.0,734.0,702.0,2430,1835,1755
2025-07-18,板橋,デラウェア,大阪,相対,0.3,1188.0,1200.0,454.0,356.0,302.0,1513,1187,1007
2025-07-18,板橋,デラウェア,大阪,第三者販売,0.3,12.0,1200.0,454.0,,,1513,,
2025-07-18,板橋,デラウェア,山形,相対,2.0,1188.0,1200.0,,2160.0,,,1080,
2025-07-18,淀橋,シャインマスカット,各地,相対,5.0,3847.0,3847.0,27000.0,,21600.0,5400,,4320
2025-07-18,淀橋,シャインマスカット,山梨,相対,5.0,3847.0,3847.0,21600.0,,,4320,,
2025-07-18,淀橋,デラウェア,各地,相対,2.0,3847.0,3847.0,3780.0,,,1890,,
2025-07-18,淀橋,デラウェア,山形,相対,2.0,3847.0,3847.0,3024.0,2916.0,2700.0,1512,1458,1350
2025-07-18,淀橋,巨峰,山梨,相対,0.3,3847.0,3847.0,972.0,,,3240,,
2025-07-18,葛西,シャインマスカット,各地,相対,5.0,1700.0,1700.0,,16200.0,,,3240,
2025-07-18,葛西,デラウェア,大阪,相対,0.3,1700.0,1700.0,432.0,410.0,378.0,1440,1367,1260
2025-07-18,葛西,デラウェア,山形,相対,2.0,1700.0,1700.0,,3024.0,,,1512,
2025-07-18,豊島,シャインマスカット,山梨,相対,5.0,400.0,400.0,19440.0,,18360.0,3888,,3672
2025-07-18,豊島,デラウェア,大阪,相対,0.3,400.0,400.0,464.0,410.0,356.0,1547,1367,1187
2025-07-18,豊島,デラウェア,山形,相対,0.35,400.0,400.0,540.0,,,1543,,
2025-07-18,豊洲,アレキサンドリア,岡山,相対,0.75,4982.0,4982.0,4320.0,,2700.0,5760,,3600
2025-07-18,豊洲,シャインマスカット,各地,相対,5.0,4982.0,4982.0,21600.0,19440.0,17820.0,4320,3888,3564
2025-07-18,豊洲,シャインマスカット,山梨,相対,5.0,4982.0,4982.0,19440.0,,17280.0,3888,,3456
2025-07-18,豊洲,シャインマスカット,岡山,相対,5.0,4982.0,4982.0,27000.0,17280.0,14040.0,5400,3456,2808
2025-07-18,豊洲,デラウェア,各地,相対,2.0,4982.0,4982.0,3240.0,,3024.0,1620,,1512
2025-07-18,豊洲,デラウェア,大阪,相対,0.3,4982.0,4982.0,464.0,,432.0,1547,,1440
2025-07-18,豊洲,デラウェア,山形,相対,2.0,4982.0,4982.0,2916.0,2700.0,2484.0,1458,1350,1242
2025-07-18,豊洲,巨峰,山梨,相対,0.4,4982.0,4982.0,1404.0,,756.0,3510,,1890
2025-07-19,世田谷,シャインマスカット,各地,相対,5.0,800.0,800.0,21600.0,,,4320,,
2025-07-19,北足立,シャインマスカット,山梨,相対,5.0,7100.0,7100.0,,19440.0,,,3888,
2025-07-19,北足立,デラウェア,大阪,相対,0.3,7100.0,7100.0,432.0,,,1440,,
2025-07-19,北足立,デラウェア,山形,相対,2.0,7100.0,7100.0,2700.0,2160.0,1836.0,1350,1080,918
2025-07-19,多摩NT,シャインマスカット,各地,相対,5.0,1004.0,1004.0,21600.0,,,4320,,
2025-07-19,多摩NT,シャインマスカット,山梨,相対,5.0,1004.0,1004.0,19440.0,,,3888,,
2025-07-19,多摩NT,デラウェア,各地,相対,2.0,1004.0,1004.0,3780.0,3240.0,,1890,1620,
2025-07-19,多摩NT,デラウェア,大阪,相対,0.3,1004.0,1004.0,432.0,389.0,302.0,1440,1297,1007
2025-07-19,多摩NT,デラウェア,山形,相対,2.0,1004.0,1004.0,3024.0,2808.0,2592.0,1512,1404,1296
2025-07-19,多摩NT,巨峰,各地,相対,0.35,1004.0,1004.0,1188.0,,,3394,,
2025-07-19,多摩NT,巨峰,山梨,相対,0.4,1004.0,1004.0,1080.0,,,2700,,
2025-07-19,多摩NT,巨峰,福岡,相対,0.35,1004.0,1004.0,918.0,,,2623,,
2025-07-19,大田,アレキサンドリア,岡山,相対,0.75,37460.0,37522.0,3780.0,3240.0,2700.0,5040,4320,3600
2025-07-19,大田,シャインマスカット,各地,相対,5.0,37460.0,37522.0,24840.0,20304.0,11880.0,4968,4061,2376
2025-07-19,大田,シャインマスカット,山梨,相対,5.0,37460.0,37522.0,20520.0,16848.0,12960.0,4104,3370,2592
2025-07-19,大田,シャインマスカット,岡山,相対,5.0,37460.0,37522.0,32400.0,17712.0,10800.0,6480,3542,2160
2025-07-19,大田,シャインマスカット,岡山,第三者販売,5.0,50.0,37522.0,19440.0,16524.0,16200.0,3888,3305,3240
2025-07-19,大田,デラウェア,各地,相対,2.0,37460.0,37522.0,3780.0,3780.0,,1890,1890,
2025-07-19,大田,デラウェア,大阪,相対,0.3,37460.0,37522.0,410.0,335.0,238.0,1367,1117,793
2025-07-19,大田,デラウェア,山形,相対,2.0,37460.0,37522.0,3024.0,2376.0,1620.0,1512,1188,810
2025-07-19,大田,巨峰,各地,相対,0.35,37460.0,37522.0,1080.0,961.0,788.0,3086,2746,2251
2025-07-19,大田,巨峰,山梨,相対,0.4,37460.0,37522.0,972.0,745.0,702.0,2430,1862,1755
2025-07-19,板橋,シャインマスカット,山梨,相対,3.0,900.0,900.0,10800.0,,,3600,,
2025-07-19,板橋,デラウェア,大阪,相対,0.3,900.0,900.0,454.0,356.0,292.0,1513,1187,973
2025-07-19,板橋,巨峰,山梨,相対,0.35,900.0,900.0,788.0,,,2251,,
2025-07-19,淀橋,シャインマスカット,各地,相対,5.0,5111.0,5111.0,27000.0,,21600.0,5400,,4320
2025-07-19,淀橋,シャインマスカット,山梨,相対,5.0,5111.0,5111.0,19440.0,,,3888,,
2025-07-19,淀橋,デラウェア,各地,相対,2.0,5111.0,5111.0,3780.0,,,1890,,
2025-07-19,淀橋,デラウェア,山形,相対,2.0,5111.0,5111.0,3024.0,2916.0,2700.0,1512,1458,1350
2025-07-19,淀橋,巨峰,山梨,相対,0.3,5111.0,5111.0,972.0,,,3240,,
2025-07-19,葛西,シャインマスカット,各地,相対,5.0,1300.0,1300.0,,16200.0,,,3240,
2025-07-19,葛西,デラウェア,大阪,相対,0.3,1300.0,1300.0,410.0,,378.0,1367,,1260
2025-07-19,葛西,デラウェア,山形,相対,2.0,1300.0,1300.0,2700.0,2484.0,2160.0,1350,1242,1080
2025-07-19,豊島,シャインマスカット,山梨,相対,5.0,500.0,500.0,19440.0,,18360.0,3888,,3672
2025-07-19,豊島,デラウェア,大阪,相対,0.3,500.0,500.0,464.0,410.0,356.0,1547,1367,1187
2025-07-19,豊島,デラウェア,山形,相対,0.35,500.0,500.0,540.0,,486.0,1543,,1389
2025-07-19,豊洲,アレキサンドリア,岡山,相対,0.75,5292.0,5292.0,3780.0,,3024.0,5040,,4032
2025-07-19,豊洲,シャインマスカット,各地,相対,5.0,5292.0,5292.0,22680.0,21600.0,19440.0,4536,4320,3888
2025-07-19,豊洲,シャインマスカット,山梨,相対,5.0,5292.0,5292.0,19440.0,,17280.0,3888,,3456
2025-07-19,豊洲,シャインマスカット,岡山,相対,5.0,5292.0,5292.0,27000.0,17280.0,14040.0,5400,3456,2808
2025-07-19,豊洲,デラウェア,各地,相対,2.0,5292.0,5292.0,3024.0,,2700.0,1512,,1350
2025-07-19,豊洲,デラウェア,大阪,相対,0.3,5292.0,5292.0,464.0,432.0,378.0,1547,1440,1260
2025-07-19,豊洲,デラウェア,山形,相対,2.0,5292.0,5292.0,2808.0,2376.0,1728.0,1404,1188,864
2025-07-19,豊洲,巨峰,各地,相対,0.35,5292.0,5292.0,,1350.0,,,3857,
2025-07-19,豊洲,巨峰,山梨,相対,0.4,5292.0,5292.0,810.0,,756.0,2025,,1890
2025-07-22,世田谷,シャインマスカット,各地,相対,5.0,900.0,900.0,21600.0,,,4320,,
2025-07-22,北足立,シャインマスカット,山梨,相対,5.0,8700.0,8700.0,,18360.0,,,3672,
2025-07-22,北足立,シャインマスカット,岡山,相対,5.0,8700.0,8700.0,,21600.0,,,4320,
2025-07-22,北足立,デラウェア,大阪,相対,0.3,8700.0,8700.0,432.0,,,1440,,
2025-07-22,北足立,デラウェア,山形,相対,2.0,8700.0,8700.0,2484.0,2160.0,1944.0,1242,1080,972
2025-07-22,多摩NT,シャインマスカット,山梨,相対,5.0,970.0,970.0,19440.0,17280.0,,3888,3456,
2025-07-22,多摩NT,シャインマスカット,岡山,相対,5.0,970.0,970.0,10800.0,8640.0,,2160,1728,
2025-07-22,多摩NT,デラウェア,各地,相対,2.0,970.0,970.0,3240.0,,,1620,,
2025-07-22,多摩NT,デラウェア,大阪,相対,0.3,970.0,970.0,410.0,378.0,324.0,1367,1260,1080
2025-07-22,多摩NT,デラウェア,山形,相対,2.0,970.0,970.0,2808.0,2592.0,2160.0,1404,1296,1080
2025-07-22,多摩NT,巨峰,各地,相対,0.35,970.0,970.0,5400.0,,,15429,,
2025-07-22,多摩NT,巨峰,山梨,相対,0.4,970.0,970.0,5940.0,5400.0,,14850,13500,
2025-07-22,大田,シャインマスカット,各地,相対,5.0,39090.0,40326.0,21600.0,19656.0,14040.0,4320,3931,2808
2025-07-22,大田,シャインマスカット,山梨,相対,5.0,39090.0,40326.0,20520.0,16848.0,10800.0,4104,3370,2160
2025-07-22,大田,シャインマスカット,岡山,相対,5.0,39090.0,40326.0,31398.0,17928.0,10800.0,6280,3586,2160
2025-07-22,大田,デラウェア,各地,相対,2.0,39090.0,40326.0,3780.0,3780.0,,1890,1890,
2025-07-22,大田,デラウェア,大阪,相対,0.3,39090.0,40326.0,400.0,324.0,270.0,1333,1080,900
2025-07-22,大田,デラウェア,山形,相対,2.0,39090.0,40326.0,2700.0,2268.0,1620.0,1350,1134,810
2025-07-22,大田,巨峰,各地,相対,0.35,39090.0,40326.0,1080.0,961.0,756.0,3086,2746,2160
2025-07-22,大田,巨峰,山梨,相対,0.4,39090.0,40326.0,972.0,724.0,702.0,2430,1810,1755
2025-07-22,板橋,シャインマスカット,山梨,相対,3.0,1191.0,1200.0,9720.0,,,3240,,
2025-07-22,板橋,デラウェア,大阪,相対,0.3,1191.0,1200.0,454.0,367.0,270.0,1513,1223,900
2025-07-22,板橋,デラウェア,大阪,第三者販売,0.3,9.0,1200.0,454.0,,,1513,,
2025-07-22,板橋,巨峰,山梨,相対,0.35,1191.0,1200.0,788.0,788.0,,2251,2251,
2025-07-22,淀橋,シャインマスカット,各地,相対,5.0,7340.0,7340.0,27000.0,,21600.0,5400,,4320
2025-07-22,淀橋,シャインマスカット,山梨,相対,5.0,7340.0,7340.0,19440.0,,,3888,,
2025-07-22,淀橋,デラウェア,各地,相対,2.0,7340.0,7340.0,3780.0,,,1890,,
2025-07-22,淀橋,デラウェア,山形,相対,2.0,7340.0,7340.0,3024.0,2916.0,2700.0,1512,1458,1350
2025-07-22,淀橋,巨峰,山梨,相対,0.3,7340.0,7340.0,972.0,,,3240,,
2025-07-22,葛西,シャインマスカット,各地,相対,5.0,1600.0,1600.0,,16200.0,,,3240,
2025-07-22,葛西,デラウェア,大阪,相対,0.3,1600.0,1600.0,410.0,,378.0,1367,,1260
2025-07-22,葛西,デラウェア,山形,相対,2.0,1600.0,1600.0,2700.0,2484.0,2160.0,1350,1242,1080
2025-07-22,豊島,シャインマスカット,山梨,相対,5.0,600.0,600.0,19440.0,,18360.0,3888,,3672
2025-07-22,豊島,デラウェア,大阪,相対,0.3,600.0,600.0,432.0,378.0,324.0,1440,1260,1080
2025-07-22,豊島,デラウェア,山形,相対,0.35,600.0,600.0,486.0,,464.0,1389,,1326
2025-07-22,豊洲,アレキサンドリア,岡山,相対,0.75,9445.0,9445.0,3240.0,,2916.0,4320,,3888
2025-07-22,豊洲,シャインマスカット,各地,相対,5.0,9445.0,9445.0,19440.0,18360.0,16200.0,3888,3672,3240
2025-07-22,豊洲,シャインマスカット,山梨,相対,5.0,9445.0,9445.0,21600.0,19440.0,16200.0,4320,3888,3240
2025-07-22,豊洲,シャインマスカット,岡山,相対,5.0,9445.0,9445.0,29160.0,17280.0,12960.0,5832,3456,2592
2025-07-22,豊洲,デラウェア,各地,相対,2.0,9445.0,9445.0,3024.0,2700.0,2484.0,1512,1350,1242
2025-07-22,豊洲,デラウェア,大阪,相対,0.3,9445.0,9445.0,356.0,,324.0,1187,,1080
2025-07-22,豊洲,デラウェア,山形,相対,2.0,9445.0,9445.0,2592.0,2376.0,2160.0,1296,1188,1080
2025-07-22,豊洲,巨峰,各地,相対,0.35,9445.0,9445.0,1080.0,,918.0,3086,,2623
2025-07-22,豊洲,巨峰,山梨,相対,0.4,9445.0,9445.0,756.0,702.0,626.0,1890,1755,1565
2025-07-24,世田谷,シャインマスカット,各地,相対,5.0,1200.0,1200.0,19440.0,,,3888,,
2025-07-24,北足立,シャインマスカット,山梨,相対,5.0,7600.0,7600.0,,18360.0,,,3672,
2025-07-24,北足立,シャインマスカット,岡山,相対,5.0,7600.0,7600.0,24840.0,,,4968,,
2025-07-24,北足立,デラウェア,各地,相対,2.0,7600.0,7600.0,2484.0,,,1242,,
2025-07-24,北足立,デラウェア,山形,相対,2.0,7600.0,7600.0,2484.0,2160.0,1944.0,1242,1080,972
2025-07-24,多摩NT,シャインマスカット,山梨,相対,5.0,1121.0,1121.0,19440.0,1720.0,,3888,344,
2025-07-24,多摩NT,シャインマスカット,岡山,相対,5.0,1121.0,1121.0,10800.0,8640.0,,2160,1728,
2025-07-24,多摩NT,デラウェア,各地,相対,2.0,1121.0,1121.0,3240.0,,,1620,,
2025-07-24,多摩NT,デラウェア,大阪,相対,0.3,1121.0,1121.0,410.0,378.0,324.0,1367,1260,1080
2025-07-24,多摩NT,デラウェア,山形,相対,2.0,1121.0,1121.0,2808.0,2592.0,2160.0,1404,1296,1080
2025-07-24,大田,シャインマスカット,各地,商物分離,5.0,50.0,42366.0,19440.0,,,3888,,
2025-07-24,大田,シャインマスカット,各地,相対,5.0,42114.0,42366.0,21600.0,20736.0,16200.0,4320,4147,3240
2025-07-24,大田,シャインマスカット,山梨,相対,5.0,42114.0,42366.0,20520.0,18792.0,14040.0,4104,3758,2808
2025-07-24,大田,シャインマスカット,岡山,相対,5.0,42114.0,42366.0,18360.0,12960.0,10800.0,3672,2592,2160
2025-07-24,大田,デラウェア,各地,相対,2.0,42114.0,42366.0,3780.0,3780.0,,1890,1890,
2025-07-24,大田,デラウェア,大阪,相対,0.3,42114.0,42366.0,378.0,324.0,270.0,1260,1080,900
2025-07-24,大田,デラウェア,山形,相対,2.0,42114.0,42366.0,2700.0,2160.0,1404.0,1350,1080,702
2025-07-24,大田,巨峰,各地,相対,0.35,42114.0,42366.0,1080.0,940.0,702.0,3086,2686,2006
2025-07-24,大田,巨峰,山梨,相対,0.4,42114.0,42366.0,864.0,691.0,648.0,2160,1728,1620
2025-07-24,板橋,シャインマスカット,山梨,相対,3.0,1488.0,1500.0,9720.0,,,3240,,
2025-07-24,板橋,デラウェア,大阪,相対,0.3,1488.0,1500.0,454.0,356.0,270.0,1513,1187,900
2025-07-24,板橋,デラウェア,大阪,第三者販売,0.3,12.0,1500.0,454.0,,,1513,,
2025-07-24,板橋,デラウェア,山形,相対,2.0,1488.0,1500.0,,2160.0,,,1080,
2025-07-24,板橋,巨峰,山梨,相対,0.35,1488.0,1500.0,702.0,,648.0,2006,,1851
2025-07-24,淀橋,シャインマスカット,各地,相対,5.0,7326.0,7326.0,27000.0,,21600.0,5400,,4320
2025-07-24,淀橋,シャインマスカット,山梨,相対,5.0,7326.0,7326.0,19440.0,,,3888,,
2025-07-24,淀橋,デラウェア,各地,相対,2.0,7326.0,7326.0,3780.0,,,1890,,
2025-07-24,淀橋,デラウェア,山形,相対,2.0,7326.0,7326.0,3024.0,2916.0,2700.0,1512,1458,1350
2025-07-24,淀橋,巨峰,山梨,相対,0.3,7326.0,7326.0,972.0,,,3240,,
2025-07-24,葛西,シャインマスカット,各地,相対,5.0,2200.0,2200.0,,16200.0,,,3240,
2025-07-24,葛西,デラウェア,大阪,相対,0.3,2200.0,2200.0,432.0,410.0,378.0,1440,1367,1260
2025-07-24,葛西,デラウェア,山形,相対,2.0,2200.0,2200.0,2700.0,2486.0,2160.0,1350,1243,1080
2025-07-24,豊島,シャインマスカット,山梨,相対,5.0,600.0,600.0,17280.0,,16200.0,3456,,3240
2025-07-24,豊島,デラウェア,各地,相対,0.4,600.0,600.0,486.0,432.0,367.0,1215,1080,918
2025-07-24,豊島,巨峰,山梨,相対,0.25,600.0,600.0,810.0,,,3240,,
2025-07-24,豊洲,アレキサンドリア,岡山,相対,0.75,9853.0,9853.0,4320.0,,2916.0,5760,,3888
2025-07-24,豊洲,シャインマスカット,各地,相対,5.0,9853.0,9853.0,21600.0,18360.0,17820.0,4320,3672,3564
2025-07-24,豊洲,シャインマスカット,山梨,相対,5.0,9853.0,9853.0,18360.0,,16200.0,3672,,3240
2025-07-24,豊洲,シャインマスカット,岡山,相対,5.0,9853.0,9853.0,29160.0,17280.0,12960.0,5832,3456,2592
2025-07-24,豊洲,デラウェア,各地,相対,2.0,9853.0,9853.0,3024.0,2700.0,2484.0,1512,1350,1242
2025-07-24,豊洲,デラウェア,山形,相対,2.0,9853.0,9853.0,2592.0,2376.0,1944.0,1296,1188,972
2025-07-24,豊洲,巨峰,各地,相対,0.35,9853.0,9853.0,1080.0,918.0,864.0,3086,2623,2469
2025-07-24,豊洲,巨峰,山梨,相対,0.4,9853.0,9853.0,756.0,702.0,648.0,1890,1755,1620
2025-07-25,世田谷,シャインマスカット,岡山,相対,5.0,800.0,800.0,20520.0,,,4104,,
2025-07-25,北足立,シャインマスカット,山梨,相対,5.0,7600.0,7600.0,,18360.0,,,3672,
2025-07-25,北足立,デラウェア,各地,相対,2.0,7600.0,7600.0,2484.0,,,1242,,
2025-07-25,北足立,デラウェア,山形,相対,2.0,7600.0,7600.0,2484.0,2160.0,1944.0,1242,1080,972
2025-07-25,多摩NT,シャインマスカット,山梨,相対,5.0,64.0,64.0,19440.0,17280.0,,3888,3456,
2025-07-25,多摩NT,シャインマスカット,岡山,相対,5.0,64.0,64.0,10800.0,8640.0,,2160,1728,
2025-07-25,多摩NT,デラウェア,各地,相対,2.0,64.0,64.0,3240.0,,,1620,,
2025-07-25,多摩NT,デラウェア,大阪,相対,0.3,64.0,64.0,410.0,378.0,324.0,1367,1260,1080
2025-07-25,多摩NT,デラウェア,山形,相対,2.0,64.0,64.0,2808.0,2592.0,2160.0,1404,1296,1080
2025-07-25,多摩NT,巨峰,各地,相対,0.35,64.0,64.0,5400.0,,,15429,,
2025-07-25,多摩NT,巨峰,山梨,相対,0.4,64.0,64.0,5940.0,5400.0,,14850,13500,
2025-07-25,大田,シャインマスカット,各地,商物分離,5.0,359.0,32721.0,19440.0,,,3888,,
2025-07-25,大田,シャインマスカット,各地,相対,5.0,31890.0,32721.0,21600.0,16848.0,16200.0,4320,3370,3240
2025-07-25,大田,シャインマスカット,山梨,相対,5.0,31890.0,32721.0,19440.0,17064.0,10800.0,3888,3413,2160
2025-07-25,大田,シャインマスカット,岡山,相対,5.0,31890.0,32721.0,27000.0,14796.0,10800.0,5400,2959,2160
2025-07-25,大田,デラウェア,各地,相対,2.0,31890.0,32721.0,3780.0,2592.0,2376.0,1890,1296,1188
2025-07-25,大田,デラウェア,大阪,相対,0.3,31890.0,32721.0,324.0,,302.0,1080,,1007
2025-07-25,大田,デラウェア,山形,相対,2.0,31890.0,32721.0,2700.0,2052.0,1404.0,1350,1026,702
2025-07-25,大田,巨峰,各地,相対,0.35,31890.0,32721.0,1080.0,886.0,702.0,3086,2531,2006
2025-07-25,大田,巨峰,山梨,相対,0.4,31890.0,32721.0,810.0,702.0,648.0,2025,1755,1620
2025-07-25,板橋,シャインマスカット,山梨,相対,3.0,1800.0,1800.0,10800.0,,,3600,,
2025-07-25,板橋,デラウェア,大阪,相対,0.3,1800.0,1800.0,454.0,356.0,270.0,1513,1187,900
2025-07-25,板橋,デラウェア,山形,相対,2.0,1800.0,1800.0,,1944.0,,,972,
2025-07-25,板橋,巨峰,山梨,相対,0.35,1800.0,1800.0,702.0,,680.0,2006,,1943
2025-07-25,板橋,巨峰,福岡,相対,0.35,1800.0,1800.0,,540.0,,,1543,
2025-07-25,淀橋,シャインマスカット,各地,相対,5.0,5771.0,5771.0,24840.0,,19440.0,4968,,3888
2025-07-25,淀橋,シャインマスカット,山梨,相対,5.0,5771.0,5771.0,19440.0,,,3888,,
2025-07-25,淀橋,デラウェア,各地,相対,2.0,5771.0,5771.0,3780.0,,,1890,,
2025-07-25,淀橋,デラウェア,山形,相対,2.0,5771.0,5771.0,2700.0,2484.0,2160.0,1350,1242,1080
2025-07-25,淀橋,巨峰,山梨,相対,0.3,5771.0,5771.0,972.0,,,3240,,
2025-07-25,葛西,シャインマスカット,各地,相対,5.0,2300.0,2300.0,,16200.0,,,3240,
2025-07-25,葛西,デラウェア,山形,相対,2.0,2300.0,2300.0,2484.0,2160.0,3024.0,1242,1080,1512
2025-07-25,葛西,巨峰,山梨,相対,0.4,2300.0,2300.0,,648.0,,,1620,
2025-07-25,豊島,シャインマスカット,山梨,相対,5.0,300.0,300.0,17280.0,,16200.0,3456,,3240
2025-07-25,豊島,デラウェア,各地,相対,0.4,300.0,300.0,454.0,,432.0,1135,,1080
2025-07-25,豊島,デラウェア,山形,相対,0.35,300.0,300.0,486.0,,,1389,,
2025-07-25,豊島,巨峰,山梨,相対,0.25,300.0,300.0,810.0,,,3240,,
2025-07-25,豊洲,アレキサンドリア,岡山,相対,0.75,8471.0,8471.0,3780.0,,2700.0,5040,,3600
2025-07-25,豊洲,シャインマスカット,各地,相対,5.0,8471.0,8471.0,19440.0,18360.0,17604.0,3888,3672,3521
2025-07-25,豊洲,シャインマスカット,山梨,相対,5.0,8471.0,8471.0,21600.0,18360.0,16200.0,4320,3672,3240
2025-07-25,豊洲,シャインマスカット,岡山,相対,5.0,8471.0,8471.0,19440.0,16200.0,14040.0,3888,3240,2808
2025-07-25,豊洲,デラウェア,各地,相対,2.0,8471.0,8471.0,3024.0,2700.0,2484.0,1512,1350,1242
2025-07-25,豊洲,デラウェア,山形,相対,2.0,8471.0,8471.0,2376.0,1620.0,1296.0,1188,810,648
2025-07-25,豊洲,巨峰,各地,相対,0.35,8471.0,8471.0,,918.0,,,2623,
2025-07-25,豊洲,巨峰,山梨,相対,0.4,8471.0,8471.0,756.0,702.0,540.0,1890,1755,1350
2025-07-26,世田谷,シャインマスカット,各地,相対,5.0,700.0,700.0,20520.0,,,4104,,
2025-07-26,北足立,シャインマスカット,山梨,相対,5.0,7500.0,7500.0,,18360.0,,,3672,
2025-07-26,北足立,デラウェア,各地,相対,2.0,7500.0,7500.0,2484.0,,,1242,,
2025-07-26,北足立,デラウェア,山形,相対,2.0,7500.0,7500.0,2484.0,2160.0,1944.0,1242,1080,972
2025-07-26,多摩NT,シャインマスカット,山梨,相対,5.0,990.0,990.0,19440.0,17280.0,,3888,3456,
2025-07-26,多摩NT,シャインマスカット,岡山,相対,5.0,990.0,990.0,10800.0,8640.0,,2160,1728,
2025-07-26,多摩NT,デラウェア,各地,相対,2.0,990.0,990.0,3240.0,,,1620,,
2025-07-26,多摩NT,デラウェア,大阪,相対,0.3,990.0,990.0,410.0,378.0,324.0,1367,1260,1080
2025-07-26,多摩NT,デラウェア,山形,相対,2.0,990.0,990.0,2808.0,2592.0,2160.0,1404,1296,1080
2025-07-26,多摩NT,巨峰,各地,相対,0.35,990.0,990.0,5400.0,,,15429,,
2025-07-26,多摩NT,巨峰,山梨,相対,0.4,990.0,990.0,5940.0,5400.0,,14850,13500,
2025-07-26,大田,シャインマスカット,各地,せり・入札,5.0,435.0,38803.0,21600.0,,,4320,,
2025-07-26,大田,シャインマスカット,各地,商物分離,5.0,50.0,38803.0,19440.0,,,3888,,
2025-07-26,大田,シャインマスカット,各地,相対,5.0,38178.0,38803.0,21600.0,18792.0,14040.0,4320,3758,2808
2025-07-26,大田,シャインマスカット,山梨,相対,5.0,38178.0,38803.0,20520.0,17064.0,8640.0,4104,3413,1728
2025-07-26,大田,シャインマスカット,岡山,相対,5.0,38178.0,38803.0,27000.0,15336.0,10800.0,5400,3067,2160
2025-07-26,大田,シャインマスカット,岡山,第三者販売,5.0,140.0,38803.0,19440.0,14472.0,10800.0,3888,2894,2160
2025-07-26,大田,デラウェア,各地,相対,2.0,38178.0,38803.0,3780.0,2592.0,2376.0,1890,1296,1188
2025-07-26,大田,デラウェア,大阪,相対,0.3,38178.0,38803.0,356.0,313.0,270.0,1187,1043,900
2025-07-26,大田,デラウェア,山形,相対,2.0,38178.0,38803.0,2700.0,2700.0,1404.0,1350,1350,702
2025-07-26,大田,巨峰,各地,相対,0.35,38178.0,38803.0,1080.0,940.0,702.0,3086,2686,2006
2025-07-26,大田,巨峰,山梨,相対,0.4,38178.0,38803.0,810.0,691.0,648.0,2025,1728,1620
2025-07-26,板橋,デラウェア,大阪,相対,0.3,1600.0,1600.0,454.0,356.0,270.0,1513,1187,900
2025-07-26,板橋,デラウェア,山形,相対,2.0,1600.0,1600.0,,1944.0,,,972,
2025-07-26,板橋,巨峰,山梨,相対,0.35,1600.0,1600.0,,540.0,,,1543,
2025-07-26,淀橋,シャインマスカット,各地,相対,5.0,7040.0,7040.0,24840.0,,19440.0,4968,,3888
2025-07-26,淀橋,シャインマスカット,山梨,相対,5.0,7040.0,7040.0,19440.0,,,3888,,
2025-07-26,淀橋,デラウェア,山形,相対,2.0,7040.0,7040.0,2700.0,2484.0,2160.0,1350,1242,1080
2025-07-26,淀橋,巨峰,山梨,相対,0.3,7040.0,7040.0,864.0,,,2880,,
2025-07-26,淀橋,巨峰,福岡,相対,0.3,7040.0,7040.0,756.0,,,2520,,
2025-07-26,葛西,シャインマスカット,各地,相対,5.0,2000.0,2000.0,,16200.0,,,3240,
2025-07-26,葛西,デラウェア,山形,相対,2.0,2000.0,2000.0,2484.0,2160.0,1944.0,1242,1080,972
2025-07-26,葛西,巨峰,山梨,相対,0.4,2000.0,2000.0,,648.0,,,1620,
2025-07-26,豊島,シャインマスカット,山梨,相対,5.0,500.0,500.0,17280.0,,16200.0,3456,,3240
2025-07-26,豊島,デラウェア,各地,相対,0.4,500.0,500.0,454.0,,410.0,1135,,1025
2025-07-26,豊島,巨峰,山梨,相対,0.25,500.0,500.0,810.0,,,3240,,
2025-07-26,豊洲,アレキサンドリア,岡山,相対,0.75,9646.0,9646.0,3780.0,,2700.0,5040,,3600
2025-07-26,豊洲,シャインマスカット,各地,相対,5.0,9646.0,9646.0,21600.0,18360.0,16740.0,4320,3672,3348
2025-07-26,豊洲,シャインマスカット,山梨,相対,5.0,9646.0,9646.0,21600.0,18360.0,16200.0,4320,3672,3240
2025-07-26,豊洲,シャインマスカット,岡山,相対,5.0,9646.0,9646.0,19440.0,16200.0,12960.0,3888,3240,2592
2025-07-26,豊洲,デラウェア,各地,相対,2.0,9646.0,9646.0,2700.0,,2484.0,1350,,1242
2025-07-26,豊洲,デラウェア,山形,相対,2.0,9646.0,9646.0,2376.0,1404.0,1080.0,1188,702,540
2025-07-26,豊洲,巨峰,各地,相対,0.35,9646.0,9646.0,918.0,,864.0,2623,,2469
2025-07-26,豊洲,巨峰,山梨,相対,0.4,9646.0,9646.0,1296.0,702.0,594.0,3240,1755,1485
2025-07-28,世田谷,シャインマスカット,各地,相対,5.0,1900.0,1900.0,19440.0,,,3888,,
2025-07-28,北足立,シャインマスカット,山梨,相対,5.0,8200.0,8200.0,,18360.0,,,3672,
2025-07-28,北足立,デラウェア,各地,相対,2.0,8200.0,8200.0,2160.0,,,1080,,
2025-07-28,北足立,デラウェア,山形,相対,2.0,8200.0,8200.0,2160.0,1728.0,1620.0,1080,864,810
2025-07-28,多摩NT,シャインマスカット,山梨,相対,5.0,1023.0,1023.0,17280.0,,,3456,,
2025-07-28,多摩NT,シャインマスカット,岡山,相対,5.0,1023.0,1023.0,30240.0,25920.0,21600.0,6048,5184,4320
2025-07-28,多摩NT,デラウェア,各地,相対,2.0,1023.0,1023.0,2700.0,2376.0,2160.0,1350,1188,1080
2025-07-28,多摩NT,デラウェア,大阪,相対,0.3,1023.0,1023.0,378.0,324.0,270.0,1260,1080,900
2025-07-28,多摩NT,デラウェア,山形,相対,2.0,1023.0,1023.0,2484.0,2376.0,2160.0,1242,1188,1080
2025-07-28,多摩NT,巨峰,山梨,相対,0.4,1023.0,1023.0,756.0,,,1890,,
2025-07-28,多摩NT,巨峰,福岡,相対,0.35,1023.0,1023.0,702.0,,,2006,,
2025-07-28,大田,シャインマスカット,各地,商物分離,5.0,64.0,41064.0,18360.0,,,3672,,
2025-07-28,大田,シャインマスカット,各地,相対,5.0,40333.0,41064.0,21600.0,17172.0,16200.0,4320,3434,3240
2025-07-28,大田,シャインマスカット,山梨,相対,5.0,40333.0,41064.0,19440.0,16524.0,10800.0,3888,3305,2160
2025-07-28,大田,シャインマスカット,岡山,相対,5.0,40333.0,41064.0,31398.0,13500.0,10800.0,6280,2700,2160
2025-07-28,大田,デラウェア,各地,相対,2.0,40333.0,41064.0,3780.0,2268.0,2160.0,1890,1134,1080
2025-07-28,大田,デラウェア,山形,相対,2.0,40333.0,41064.0,2484.0,1836.0,1080.0,1242,918,540
2025-07-28,大田,巨峰,各地,相対,0.35,40333.0,41064.0,1026.0,918.0,648.0,2931,2623,1851
2025-07-28,大田,巨峰,山梨,相対,0.4,40333.0,41064.0,810.0,670.0,594.0,2025,1675,1485
2025-07-28,板橋,シャインマスカット,山梨,相対,3.0,2789.0,2800.0,10260.0,,,3420,,
2025-07-28,板橋,デラウェア,大阪,相対,0.3,2789.0,2800.0,432.0,356.0,270.0,1440,1187,900
2025-07-28,板橋,デラウェア,山形,相対,2.0,2789.0,2800.0,,1620.0,,,810,
2025-07-28,板橋,巨峰,山梨,相対,0.35,2789.0,2800.0,648.0,,594.0,1851,,1697
2025-07-28,板橋,巨峰,山梨,第三者販売,0.35,11.0,2800.0,648.0,,,1851,,
2025-07-28,板橋,巨峰,福岡,相対,0.35,2789.0,2800.0,,540.0,,,1543,
2025-07-28,淀橋,シャインマスカット,各地,相対,5.0,7814.0,7814.0,23760.0,,18360.0,4752,,3672
2025-07-28,淀橋,シャインマスカット,山梨,相対,5.0,7814.0,7814.0,19440.0,,,3888,,
2025-07-28,淀橋,デラウェア,各地,相対,2.0,7814.0,7814.0,2916.0,,,1458,,
2025-07-28,淀橋,デラウェア,山形,相対,2.0,7814.0,7814.0,2700.0,2484.0,2160.0,1350,1242,1080
2025-07-28,淀橋,巨峰,各地,相対,0.35,7814.0,7814.0,972.0,,,2777,,
2025-07-28,淀橋,巨峰,山梨,相対,0.3,7814.0,7814.0,864.0,,,2880,,
2025-07-28,淀橋,巨峰,福岡,相対,0.3,7814.0,7814.0,756.0,,,2520,,
2025-07-28,葛西,シャインマスカット,各地,相対,5.0,1600.0,1600.0,,16200.0,,,3240,
2025-07-28,葛西,デラウェア,山形,相対,2.0,1600.0,1600.0,2376.0,,2160.0,1188,,1080
2025-07-28,葛西,巨峰,山梨,相対,0.4,1600.0,1600.0,,648.0,,,1620,
2025-07-28,豊島,シャインマスカット,山梨,相対,5.0,500.0,500.0,18360.0,17280.0,16200.0,3672,3456,3240
2025-07-28,豊島,デラウェア,各地,相対,0.4,500.0,500.0,432.0,378.0,270.0,1080,945,675
2025-07-28,豊島,巨峰,山梨,相対,0.25,500.0,500.0,810.0,,,3240,,
2025-07-28,豊洲,アレキサンドリア,岡山,相対,0.75,10204.0,10259.0,3780.0,3240.0,2160.0,5040,4320,2880
2025-07-28,豊洲,シャインマスカット,各地,相対,5.0,10204.0,10259.0,21060.0,17280.0,16416.0,4212,3456,3283
2025-07-28,豊洲,シャインマスカット,各地,第三者販売,5.0,55.0,10259.0,17280.0,,16200.0,3456,,3240
2025-07-28,豊洲,シャインマスカット,山梨,相対,5.0,10204.0,10259.0,17280.0,,16200.0,3456,,3240
2025-07-28,豊洲,シャインマスカット,岡山,相対,5.0,10204.0,10259.0,21600.0,16200.0,14040.0,4320,3240,2808
2025-07-28,豊洲,デラウェア,各地,相対,2.0,10204.0,10259.0,2160.0,,1944.0,1080,,972
2025-07-28,豊洲,デラウェア,山形,相対,2.0,10204.0,10259.0,2376.0,,2160.0,1188,,1080
2025-07-28,豊洲,巨峰,各地,相対,0.35,10204.0,10259.0,864.0,,756.0,2469,,2160
2025-07-28,豊洲,巨峰,山梨,相対,0.4,10204.0,10259.0,918.0,702.0,648.0,2295,1755,1620
2025-07-29,北足立,シャインマスカット,山梨,相対,5.0,6300.0,6300.0,,18360.0,,,3672,
2025-07-29,北足立,シャインマスカット,岡山,相対,5.0,6300.0,6300.0,,,16200.0,,,3240
2025-07-29,北足立,デラウェア,各地,相対,2.0,6300.0,6300.0,,1944.0,,,972,
2025-07-29,北足立,デラウェア,山形,相対,2.0,6300.0,6300.0,2160.0,1728.0,1620.0,1080,864,810
2025-07-29,多摩NT,シャインマスカット,山梨,相対,5.0,675.0,675.0,17280.0,,,3456,,
2025-07-29,多摩NT,シャインマスカット,岡山,相対,5.0,675.0,675.0,30240.0,25920.0,21600.0,6048,5184,4320
2025-07-29,多摩NT,デラウェア,各地,相対,2.0,675.0,675.0,2700.0,2376.0,2160.0,1350,1188,1080
2025-07-29,多摩NT,デラウェア,大阪,相対,0.3,675.0,675.0,378.0,324.0,270.0,1260,1080,900
2025-07-29,多摩NT,デラウェア,山形,相対,2.0,675.0,675.0,2484.0,2376.0,2160.0,1242,1188,1080
2025-07-29,大田,アレキサンドリア,岡山,相対,0.75,46071.0,46338.0,1620.0,,,2160,,
2025-07-29,大田,シャインマスカット,各地,せり・入札,5.0,162.0,46338.0,21600.0,23328.0,18360.0,4320,4666,3672
2025-07-29,大田,シャインマスカット,各地,商物分離,5.0,50.0,46338.0,18360.0,,,3672,,
2025-07-29,大田,シャインマスカット,各地,相対,5.0,46071.0,46338.0,21600.0,17064.0,14040.0,4320,3413,2808
2025-07-29,大田,シャインマスカット,各地,第三者販売,5.0,55.0,46338.0,19224.0,,,3845,,
2025-07-29,大田,シャインマスカット,山梨,相対,5.0,46071.0,46338.0,20520.0,16632.0,11880.0,4104,3326,2376
2025-07-29,大田,シャインマスカット,岡山,相対,5.0,46071.0,46338.0,14040.0,12960.0,10800.0,2808,2592,2160
2025-07-29,大田,シャインマスカット,岡山,第三者販売,5.0,55.0,46338.0,11880.0,,,2376,,
2025-07-29,大田,デラウェア,各地,相対,2.0,46071.0,46338.0,3780.0,2376.0,1836.0,1890,1188,918
2025-07-29,大田,デラウェア,山形,相対,2.0,46071.0,46338.0,2700.0,1836.0,1080.0,1350,918,540
2025-07-29,大田,巨峰,各地,相対,0.35,46071.0,46338.0,1026.0,886.0,648.0,2931,2531,1851
2025-07-29,大田,巨峰,山梨,相対,0.4,46071.0,46338.0,702.0,637.0,540.0,1755,1592,1350
2025-07-29,板橋,シャインマスカット,山梨,相対,3.0,2193.0,2200.0,10260.0,,,3420,,
2025-07-29,板橋,シャインマスカット,岡山,相対,5.0,2193.0,2200.0,,12960.0,,,2592,
2025-07-29,板橋,デラウェア,大阪,相対,0.3,2193.0,2200.0,410.0,324.0,248.0,1367,1080,827
2025-07-29,板橋,デラウェア,山形,相対,2.0,2193.0,2200.0,,1944.0,,,972,
2025-07-29,板橋,巨峰,各地,相対,0.35,2193.0,2200.0,,594.0,,,1697,
2025-07-29,板橋,巨峰,山梨,相対,0.35,2193.0,2200.0,594.0,486.0,432.0,1697,1389,1234
2025-07-29,板橋,巨峰,山梨,第三者販売,0.35,7.0,2200.0,594.0,,,1697,,
2025-07-29,淀橋,シャインマスカット,各地,相対,5.0,7077.0,7077.0,23760.0,,18360.0,4752,,3672
2025-07-29,淀橋,シャインマスカット,山梨,相対,5.0,7077.0,7077.0,19440.0,,,3888,,
2025-07-29,淀橋,デラウェア,各地,相対,2.0,7077.0,7077.0,2376.0,,,1188,,
2025-07-29,淀橋,デラウェア,山形,相対,2.0,7077.0,7077.0,2376.0,2160.0,1944.0,1188,1080,972
2025-07-29,淀橋,巨峰,各地,相対,0.35,7077.0,7077.0,972.0,,,2777,,
2025-07-29,淀橋,巨峰,山梨,相対,0.3,7077.0,7077.0,864.0,,,2880,,
2025-07-29,葛西,シャインマスカット,山梨,相対,5.0,2400.0,2400.0,19440.0,,17280.0,3888,,3456
2025-07-29,葛西,デラウェア,山形,相対,2.0,2400.0,2400.0,2376.0,2160.0,1404.0,1188,1080,702
2025-07-29,豊島,シャインマスカット,山梨,相対,5.0,500.0,500.0,17280.0,,16200.0,3456,,3240
2025-07-29,豊島,デラウェア,各地,相対,0.4,500.0,500.0,432.0,410.0,378.0,1080,1025,945
2025-07-29,豊島,巨峰,山梨,相対,0.25,500.0,500.0,810.0,,,3240,,
2025-07-29,豊洲,アレキサンドリア,岡山,相対,0.75,10199.0,10204.0,3780.0,,2160.0,5040,,2880
2025-07-29,豊洲,シャインマスカット,各地,相対,5.0,10199.0,10204.0,18360.0,17280.0,16200.0,3672,3456,3240
2025-07-29,豊洲,シャインマスカット,各地,第三者販売,5.0,5.0,10204.0,,16200.0,,,3240,
2025-07-29,豊洲,シャインマスカット,山梨,相対,5.0,10199.0,10204.0,19440.0,17280.0,16200.0,3888,3456,3240
2025-07-29,豊洲,シャインマスカット,岡山,相対,5.0,10199.0,10204.0,19440.0,16200.0,14040.0,3888,3240,2808
2025-07-29,豊洲,デラウェア,各地,相対,2.0,10199.0,10204.0,2592.0,2160.0,1944.0,1296,1080,972
2025-07-29,豊洲,デラウェア,山形,相対,2.0,10199.0,10204.0,2376.0,,2160.0,1188,,1080
2025-07-29,豊洲,巨峰,各地,相対,0.35,10199.0,10204.0,864.0,,540.0,2469,,1543
2025-07-29,豊洲,巨峰,山梨,相対,0.4,10199.0,10204.0,756.0,648.0,594.0,1890,1620,1485
2025-07-31,世田谷,シャインマスカット,各地,相対,5.0,500.0,500.0,19440.0,,,3888,,
2025-07-31,北足立,シャインマスカット,山梨,相対,5.0,6600.0,6600.0,,18360.0,,,3672,
2025-07-31,北足立,シャインマスカット,岡山,相対,5.0,6600.0,6600.0,,18360.0,,,3672,
2025-07-31,北足立,デラウェア,各地,相対,2.0,6600.0,6600.0,,1944.0,,,972,
2025-07-31,北足立,デラウェア,山形,相対,2.0,6600.0,6600.0,2160.0,1728.0,1620.0,1080,864,810
2025-07-31,多摩NT,シャインマスカット,山梨,相対,5.0,689.0,689.0,17280.0,,,3456,,
2025-07-31,多摩NT,シャインマスカット,岡山,相対,5.0,689.0,689.0,30240.0,25920.0,21600.0,6048,5184,4320
2025-07-31,多摩NT,デラウェア,各地,相対,2.0,689.0,689.0,2700.0,2376.0,2160.0,1350,1188,1080
2025-07-31,多摩NT,デラウェア,大阪,相対,0.3,689.0,689.0,378.0,324.0,270.0,1260,1080,900
2025-07-31,多摩NT,デラウェア,山形,相対,2.0,689.0,689.0,2484.0,2376.0,2160.0,1242,1188,1080
2025-07-31,多摩NT,巨峰,山梨,相対,0.4,689.0,689.0,756.0,,,1890,,
2025-07-31,多摩NT,巨峰,福岡,相対,0.35,689.0,689.0,702.0,,,2006,,
2025-07-31,大田,シャインマスカット,各地,商物分離,5.0,50.0,52439.0,18360.0,,,3672,,
2025-07-31,大田,シャインマスカット,各地,相対,5.0,52248.0,52439.0,21600.0,17712.0,14040.0,4320,3542,2808
2025-07-31,大田,シャインマスカット,山梨,相対,5.0,52248.0,52439.0,20520.0,16956.0,11880.0,4104,3391,2376
2025-07-31,大田,デラウェア,各地,せり・入札,2.0,141.0,52439.0,2160.0,,,1080,,
2025-07-31,大田,デラウェア,各地,相対,2.0,52248.0,52439.0,2160.0,2160.0,,1080,1080,
2025-07-31,大田,デラウェア,山形,相対,2.0,52248.0,52439.0,2484.0,1944.0,1080.0,1242,972,540
2025-07-31,大田,巨峰,各地,相対,0.35,52248.0,52439.0,972.0,810.0,540.0,2777,2314,1543
2025-07-31,大田,巨峰,山梨,相対,0.4,52248.0,52439.0,788.0,659.0,540.0,1970,1648,1350
2025-07-31,板橋,シャインマスカット,山梨,相対,3.0,2093.0,2100.0,10800.0,,,3600,,
2025-07-31,板橋,デラウェア,大阪,相対,0.3,2093.0,2100.0,378.0,302.0,194.0,1260,1007,647
2025-07-31,板橋,デラウェア,山形,相対,2.0,2093.0,2100.0,,1620.0,,,810,
2025-07-31,板橋,巨峰,山梨,相対,0.35,2093.0,2100.0,648.0,540.0,432.0,1851,1543,1234
2025-07-31,板橋,巨峰,山梨,第三者販売,0.35,7.0,2100.0,648.0,,,1851,,
2025-07-31,淀橋,シャインマスカット,各地,相対,5.0,8527.0,8527.0,21600.0,,17280.0,4320,,3456
2025-07-31,淀橋,シャインマスカット,山梨,相対,5.0,8527.0,8527.0,19440.0,,,3888,,
2025-07-31,淀橋,デラウェア,各地,相対,2.0,8527.0,8527.0,2376.0,,,1188,,
2025-07-31,淀橋,デラウェア,山形,相対,2.0,8527.0,8527.0,2376.0,2160.0,1944.0,1188,1080,972
2025-07-31,淀橋,巨峰,各地,相対,0.35,8527.0,8527.0,972.0,,,2777,,
2025-07-31,淀橋,巨峰,山梨,相対,0.3,8527.0,8527.0,864.0,,,2880,,
2025-07-31,葛西,シャインマスカット,山梨,相対,5.0,1400.0,1400.0,19440.0,,16200.0,3888,,3240
2025-07-31,葛西,デラウェア,山形,相対,2.0,1400.0,1400.0,2376.0,2160.0,1296.0,1188,1080,648
2025-07-31,葛西,巨峰,山梨,相対,0.4,1400.0,1400.0,594.0,540.0,432.0,1485,1350,1080
2025-07-31,豊島,シャインマスカット,山梨,相対,5.0,700.0,700.0,19440.0,,16200.0,3888,,3240
2025-07-31,豊島,デラウェア,各地,相対,0.4,700.0,700.0,378.0,,346.0,945,,865
2025-07-31,豊島,巨峰,山梨,相対,0.25,700.0,700.0,810.0,,,3240,,
2025-07-31,豊洲,アレキサンドリア,岡山,相対,0.75,11869.0,11894.0,3780.0,2700.0,2160.0,5040,3600,2880
2025-07-31,豊洲,シャインマスカット,各地,相対,5.0,11869.0,11894.0,21060.0,17280.0,16416.0,4212,3456,3283
2025-07-31,豊洲,シャインマスカット,各地,第三者販売,5.0,25.0,11894.0,,16200.0,,,3240,
2025-07-31,豊洲,シャインマスカット,山梨,相対,5.0,11869.0,11894.0,17280.0,,16200.0,3456,,3240
2025-07-31,豊洲,シャインマスカット,岡山,相対,5.0,11869.0,11894.0,27000.0,16200.0,14040.0,5400,3240,2808
2025-07-31,豊洲,デラウェア,各地,相対,2.0,11869.0,11894.0,2592.0,,2160.0,1296,,1080
2025-07-31,豊洲,デラウェア,山形,相対,2.0,11869.0,11894.0,2376.0,2160.0,1944.0,1188,1080,972
2025-07-31,豊洲,巨峰,各地,相対,0.35,11869.0,11894.0,864.0,,756.0,2469,,2160
2025-07-31,豊洲,巨峰,山梨,相対,0.4,11869.0,11894.0,756.0,648.0,594.0,1890,1620,1485
2025-08-01,世田谷,シャインマスカット,長野,相対,5.0,500.0,500.0,19440.0,,,3888,,
2025-08-01,世田谷,巨峰,山梨,相対,5.0,500.0,500.0,6480.0,,,1296,,
2025-08-01,北足立,シャインマスカット,山梨,相対,5.0,6000.0,6000.0,,18360.0,,,3672,
2025-08-01,北足立,デラウェア,山形,相対,2.0,6000.0,6000.0,2160.0,1728.0,1620.0,1080,864,810
2025-08-01,北足立,デラウェア,山梨,相対,2.0,6000.0,6000.0,,1944.0,,,972,
2025-08-01,北足立,巨峰,山梨,相対,5.0,6000.0,6000.0,8100.0,,,1620,,
2025-08-01,多摩NT,シャインマスカット,各地,相対,5.0,1011.0,1013.0,18360.0,17280.0,,3672,3456,
2025-08-01,多摩NT,シャインマスカット,各地,第三者販売,5.0,2.0,1013.0,18360.0,17280.0,,3672,3456,
2025-08-01,多摩NT,シャインマスカット,山梨,相対,5.0,1011.0,1013.0,18360.0,16200.0,,3672,3240,
2025-08-01,多摩NT,シャインマスカット,山梨,第三者販売,5.0,2.0,1013.0,18360.0,16200.0,,3672,3240,
2025-08-01,多摩NT,シャインマスカット,長野,相対,5.0,1011.0,1013.0,17280.0,,,3456,,
2025-08-01,多摩NT,シャインマスカット,長野,第三者販売,5.0,2.0,1013.0,17280.0,,,3456,,
2025-08-01,多摩NT,デラウェア,山形,相対,2.0,1011.0,1013.0,2160.0,1728.0,100.0,1080,864,50
2025-08-01,多摩NT,デラウェア,山形,第三者販売,2.0,2.0,1013.0,2160.0,1728.0,1080.0,1080,864,540
2025-08-01,多摩NT,デラウェア,山梨,相対,2.0,1011.0,1013.0,2376.0,2160.0,,1188,1080,
2025-08-01,多摩NT,デラウェア,山梨,第三者販売,2.0,2.0,1013.0,2376.0,2160.0,,1188,1080,
2025-08-01,多摩NT,ピオーネ,山梨,相対,0.4,1011.0,1013.0,860.0,,,2150,,
2025-08-01,多摩NT,ピオーネ,山梨,第三者販売,0.4,2.0,1013.0,864.0,,,2160,,
2025-08-01,多摩NT,ピオーネ,岡山,相対,5.0,1011.0,1013.0,21600.0,,,4320,,
2025-08-01,多摩NT,ピオーネ,岡山,第三者販売,5.0,2.0,1013.0,8640.0,,,1728,,
2025-08-01,多摩NT,巨峰,各地,相対,0.35,1011.0,1013.0,648.0,,,1851,,
2025-08-01,多摩NT,巨峰,各地,第三者販売,0.35,2.0,1013.0,648.0,,,1851,,
2025-08-01,多摩NT,巨峰,山梨,相対,5.0,1011.0,1013.0,12960.0,,,2592,,
2025-08-01,多摩NT,巨峰,山梨,第三者販売,5.0,2.0,1013.0,12960.0,,,2592,,
2025-08-01,多摩NT,巨峰,長野,相対,0.35,1011.0,1013.0,810.0,,,2314,,
2025-08-01,多摩NT,巨峰,長野,第三者販売,0.35,2.0,1013.0,810.0,,,2314,,
2025-08-01,大田,シャインマスカット,各地,商物分離,5.0,50.0,55423.0,18360.0,,,3672,,
2025-08-01,大田,シャインマスカット,各地,相対,5.0,55280.0,55423.0,27000.0,15120.0,10800.0,5400,3024,2160
2025-08-01,大田,シャインマスカット,山梨,相対,5.0,55280.0,55423.0,17280.0,11880.0,,3456,2376,
2025-08-01,大田,シャインマスカット,長野,相対,5.0,55280.0,55423.0,19440.0,17280.0,16200.0,3888,3456,3240
2025-08-01,大田,デラウェア,山形,相対,2.0,55280.0,55423.0,2160.0,1728.0,1080.0,1080,864,540
2025-08-01,大田,デラウェア,山梨,相対,2.0,55280.0,55423.0,3780.0,2160.0,1620.0,1890,1080,810
2025-08-01,大田,ピオーネ,各地,相対,5.0,55280.0,55423.0,12960.0,12960.0,,2592,2592,
2025-08-01,大田,ピオーネ,山梨,相対,0.4,55280.0,55423.0,702.0,,594.0,1755,,1485
2025-08-01,大田,ピオーネ,岡山,相対,5.0,55280.0,55423.0,20520.0,11880.0,7560.0,4104,2376,1512
2025-08-01,大田,巨峰,各地,相対,0.35,55280.0,55423.0,648.0,,572.0,1851,,1634
2025-08-01,大田,巨峰,山梨,相対,5.0,55280.0,55423.0,12960.0,8100.0,6480.0,2592,1620,1296
2025-08-01,大田,巨峰,長野,相対,0.35,55280.0,55423.0,972.0,864.0,648.0,2777,2469,1851
2025-08-01,淀橋,シャインマスカット,山梨,相対,5.0,7645.0,7645.0,19440.0,,,3888,,
2025-08-01,淀橋,シャインマスカット,長野,相対,5.0,7645.0,7645.0,21600.0,,17280.0,4320,,3456
2025-08-01,淀橋,デラウェア,山形,相対,2.0,7645.0,7645.0,2160.0,1944.0,1836.0,1080,972,918
2025-08-01,淀橋,デラウェア,山梨,相対,2.0,7645.0,7645.0,2160.0,,,1080,,
2025-08-01,淀橋,ピオーネ,山梨,相対,5.0,7645.0,7645.0,12960.0,,,2592,,
2025-08-01,淀橋,巨峰,山梨,相対,5.0,7645.0,7645.0,9180.0,,,1836,,
2025-08-01,淀橋,巨峰,長野,相対,0.35,7645.0,7645.0,972.0,,,2777,,
2025-08-01,葛西,シャインマスカット,各地,相対,5.0,2900.0,2900.0,,16200.0,,,3240,
2025-08-01,葛西,デラウェア,山形,相対,2.0,2900.0,2900.0,2916.0,2700.0,2160.0,1458,1350,1080
2025-08-01,葛西,巨峰,長野,相対,0.35,2900.0,2900.0,,432.0,,,1234,
2025-08-01,豊島,シャインマスカット,山梨,相対,5.0,500.0,500.0,17280.0,,16200.0,3456,,3240
2025-08-01,豊島,デラウェア,山形,相対,2.0,500.0,500.0,1620.0,,1296.0,810,,648
2025-08-01,豊島,巨峰,山梨,相対,5.0,500.0,500.0,12960.0,,11880.0,2592,,2376
2025-08-01,豊洲,シャインマスカット,各地,相対,5.0,7380.0,13307.0,19440.0,16200.0,14040.0,3888,3240,2808
2025-08-01,豊洲,シャインマスカット,各地,第三者販売,5.0,5927.0,13307.0,19440.0,16200.0,14040.0,3888,3240,2808
2025-08-01,豊洲,シャインマスカット,山梨,相対,5.0,7380.0,13307.0,17280.0,,16200.0,3456,,3240
2025-08-01,豊洲,シャインマスカット,山梨,第三者販売,5.0,5927.0,13307.0,,16200.0,,,3240,
2025-08-01,豊洲,シャインマスカット,長野,相対,5.0,7380.0,13307.0,17280.0,16200.0,15120.0,3456,3240,3024
2025-08-01,豊洲,シャインマスカット,長野,第三者販売,5.0,5927.0,13307.0,17280.0,,16200.0,3456,,3240
2025-08-01,豊洲,デラウェア,山形,相対,2.0,7380.0,13307.0,1944.0,,1512.0,972,,756
2025-08-01,豊洲,デラウェア,山形,第三者販売,2.0,5927.0,13307.0,2160.0,,1404.0,1080,,702
2025-08-01,豊洲,デラウェア,山梨,相対,2.0,7380.0,13307.0,2592.0,,2160.0,1296,,1080
2025-08-01,豊洲,デラウェア,山梨,第三者販売,2.0,5927.0,13307.0,,2376.0,,,1188,
2025-08-01,豊洲,ピオーネ,山梨,相対,0.4,7380.0,13307.0,702.0,,648.0,1755,,1620
2025-08-01,豊洲,ピオーネ,岡山,相対,5.0,7380.0,13307.0,12960.0,9720.0,8640.0,2592,1944,1728
2025-08-01,豊洲,ピオーネ,岡山,第三者販売,5.0,5927.0,13307.0,,14040.0,,,2808,
2025-08-01,豊洲,巨峰,各地,第三者販売,0.35,5927.0,13307.0,,648.0,,,1851,
2025-08-01,豊洲,巨峰,山梨,相対,5.0,7380.0,13307.0,8640.0,8100.0,7020.0,1728,1620,1404
2025-08-01,豊洲,巨峰,山梨,第三者販売,5.0,5927.0,13307.0,8640.0,8424.0,4860.0,1728,1685,972
2025-08-01,豊洲,巨峰,長野,相対,0.35,7380.0,13307.0,864.0,,540.0,2469,,1543
2025-08-01,豊洲,巨峰,長野,第三者販売,0.35,5927.0,13307.0,,864.0,,,2469,
2025-08-02,世田谷,シャインマスカット,長野,相対,5.0,600.0,600.0,19440.0,,,3888,,
2025-08-02,世田谷,巨峰,山梨,相対,5.0,600.0,600.0,6264.0,,,1253,,
2025-08-02,北足立,シャインマスカット,山梨,相対,5.0,9200.0,9200.0,,18360.0,,,3672,
2025-08-02,北足立,デラウェア,山形,相対,2.0,9200.0,9200.0,2160.0,1728.0,1620.0,1080,864,810
2025-08-02,北足立,デラウェア,山梨,相対,2.0,9200.0,9200.0,,1944.0,,,972,
2025-08-02,北足立,巨峰,山梨,相対,5.0,9200.0,9200.0,8100.0,,,1620,,
2025-08-02,多摩NT,シャインマスカット,各地,相対,5.0,1559.0,1559.0,18360.0,17280.0,,3672,3456,
2025-08-02,多摩NT,シャインマスカット,山梨,相対,5.0,1559.0,1559.0,18360.0,16200.0,,3672,3240,
2025-08-02,多摩NT,シャインマスカット,長野,相対,5.0,1559.0,1559.0,17280.0,,,3456,,
2025-08-02,多摩NT,デラウェア,山形,相対,2.0,1559.0,1559.0,2160.0,1808.0,1080.0,1080,904,540
2025-08-02,多摩NT,デラウェア,山梨,相対,2.0,1559.0,1559.0,2376.0,2160.0,,1188,1080,
2025-08-02,多摩NT,ピオーネ,山梨,相対,0.4,1559.0,1559.0,864.0,,,2160,,
2025-08-02,多摩NT,ピオーネ,岡山,相対,5.0,1559.0,1559.0,1600.0,,,320,,
2025-08-02,多摩NT,巨峰,各地,相対,0.35,1559.0,1559.0,648.0,,,1851,,
2025-08-02,多摩NT,巨峰,山梨,相対,5.0,1559.0,1559.0,12960.0,,,2592,,
2025-08-02,多摩NT,巨峰,長野,相対,0.35,1559.0,1559.0,810.0,,,2314,,
2025-08-02,大田,シャインマスカット,各地,商物分離,5.0,50.0,53865.0,18360.0,,,3672,,
2025-08-02,大田,シャインマスカット,各地,相対,5.0,53555.0,53865.0,21600.0,14040.0,10800.0,4320,2808,2160
2025-08-02,大田,シャインマスカット,各地,第三者販売,5.0,75.0,53865.0,14040.0,,,2808,,
2025-08-02,大田,シャインマスカット,山梨,相対,5.0,53555.0,53865.0,17280.0,11880.0,9720.0,3456,2376,1944
2025-08-02,大田,シャインマスカット,長野,相対,5.0,53555.0,53865.0,19440.0,17280.0,3240.0,3888,3456,648
2025-08-02,大田,デラウェア,山形,相対,2.0,53555.0,53865.0,2160.0,1728.0,1080.0,1080,864,540
2025-08-02,大田,デラウェア,山梨,相対,2.0,53555.0,53865.0,3780.0,2160.0,1620.0,1890,1080,810
2025-08-02,大田,ピオーネ,各地,相対,5.0,53555.0,53865.0,12960.0,,,2592,,
2025-08-02,大田,ピオーネ,山梨,相対,0.4,53555.0,53865.0,972.0,,540.0,2430,,1350
2025-08-02,大田,巨峰,各地,相対,0.35,53555.0,53865.0,648.0,,518.0,1851,,1480
2025-08-02,大田,巨峰,山梨,相対,5.0,53555.0,53865.0,12960.0,8316.0,6480.0,2592,1663,1296
2025-08-02,大田,巨峰,長野,相対,0.35,53555.0,53865.0,972.0,864.0,648.0,2777,2469,1851
2025-08-02,板橋,デラウェア,山形,相対,2.0,1200.0,1200.0,,1620.0,,,810,
2025-08-02,板橋,デラウェア,山梨,相対,2.0,1200.0,1200.0,1512.0,,,756,,
2025-08-02,淀橋,シャインマスカット,山梨,相対,5.0,9062.0,9062.0,19440.0,,,3888,,
2025-08-02,淀橋,シャインマスカット,長野,相対,5.0,9062.0,9062.0,21600.0,,17280.0,4320,,3456
2025-08-02,淀橋,デラウェア,山形,相対,2.0,9062.0,9062.0,2160.0,1944.0,1836.0,1080,972,918
2025-08-02,淀橋,デラウェア,山梨,相対,2.0,9062.0,9062.0,2160.0,,,1080,,
2025-08-02,淀橋,ピオーネ,山梨,相対,5.0,9062.0,9062.0,12960.0,,,2592,,
2025-08-02,淀橋,巨峰,山梨,相対,5.0,9062.0,9062.0,9180.0,,,1836,,
2025-08-02,淀橋,巨峰,長野,相対,0.35,9062.0,9062.0,972.0,,,2777,,
2025-08-02,葛西,シャインマスカット,各地,相対,5.0,2200.0,2200.0,,16200.0,,,3240,
2025-08-02,葛西,デラウェア,各地,相対,2.0,2200.0,2200.0,2376.0,2160.0,1376.0,1188,1080,688
2025-08-02,葛西,巨峰,各地,相対,0.35,2200.0,2200.0,,648.0,,,1851,
2025-08-02,豊島,シャインマスカット,各地,相対,5.0,600.0,600.0,15552.0,,15120.0,3110,,3024
2025-08-02,豊島,シャインマスカット,山梨,相対,5.0,600.0,600.0,17280.0,,16200.0,3456,,3240
2025-08-02,豊島,デラウェア,山形,相対,2.0,600.0,600.0,1728.0,1620.0,1080.0,864,810,540
2025-08-02,豊島,巨峰,山梨,相対,5.0,600.0,600.0,12960.0,,,2592,,
2025-08-02,豊洲,シャインマスカット,各地,相対,5.0,9724.0,14392.0,19440.0,16200.0,14040.0,3888,3240,2808
2025-08-02,豊洲,シャインマスカット,各地,第三者販売,5.0,4668.0,14392.0,18360.0,16200.0,14040.0,3672,3240,2808
2025-08-02,豊洲,シャインマスカット,山梨,相対,5.0,9724.0,14392.0,17280.0,,16200.0,3456,,3240
2025-08-02,豊洲,シャインマスカット,山梨,第三者販売,5.0,4668.0,14392.0,17280.0,,16200.0,3456,,3240
2025-08-02,豊洲,シャインマスカット,長野,相対,5.0,9724.0,14392.0,17280.0,,16200.0,3456,,3240
2025-08-02,豊洲,シャインマスカット,長野,第三者販売,5.0,4668.0,14392.0,17280.0,,16200.0,3456,,3240
2025-08-02,豊洲,デラウェア,山形,相対,2.0,9724.0,14392.0,2160.0,,1944.0,1080,,972
2025-08-02,豊洲,デラウェア,山形,第三者販売,2.0,4668.0,14392.0,2160.0,1944.0,1404.0,1080,972,702
2025-08-02,豊洲,デラウェア,山梨,相対,2.0,9724.0,14392.0,,2160.0,,,1080,
2025-08-02,豊洲,ピオーネ,山梨,相対,0.4,9724.0,14392.0,702.0,,648.0,1755,,1620
2025-08-02,豊洲,ピオーネ,山梨,第三者販売,0.4,4668.0,14392.0,972.0,,648.0,2430,,1620
2025-08-02,豊洲,ピオーネ,岡山,相対,5.0,9724.0,14392.0,15120.0,9720.0,8640.0,3024,1944,1728
2025-08-02,豊洲,ピオーネ,岡山,第三者販売,5.0,4668.0,14392.0,9720.0,,7560.0,1944,,1512
2025-08-02,豊洲,巨峰,各地,第三者販売,0.35,4668.0,14392.0,,594.0,,,1697,
2025-08-02,豊洲,巨峰,山梨,相対,5.0,9724.0,14392.0,8640.0,8100.0,7020.0,1728,1620,1404
2025-08-02,豊洲,巨峰,山梨,第三者販売,5.0,4668.0,14392.0,8424.0,8100.0,6480.0,1685,1620,1296
2025-08-02,豊洲,巨峰,長野,相対,0.35,9724.0,14392.0,864.0,,540.0,2469,,1543
2025-08-04,世田谷,シャインマスカット,長野,相対,5.0,700.0,700.0,18360.0,,,3672,,
2025-08-04,世田谷,巨峰,山梨,相対,5.0,700.0,700.0,6480.0,,,1296,,
2025-08-04,北足立,シャインマスカット,山梨,相対,5.0,9400.0,9400.0,,18360.0,,,3672,
2025-08-04,北足立,デラウェア,山形,相対,2.0,9400.0,9400.0,2160.0,1728.0,1620.0,1080,864,810
2025-08-04,北足立,デラウェア,山梨,相対,2.0,9400.0,9400.0,2160.0,,,1080,,
2025-08-04,北足立,巨峰,山梨,相対,5.0,9400.0,9400.0,8100.0,,,1620,,
2025-08-04,多摩NT,シャインマスカット,各地,相対,5.0,80.0,80.0,18360.0,17280.0,,3672,3456,
2025-08-04,多摩NT,シャインマスカット,山梨,相対,5.0,80.0,80.0,18360.0,16200.0,,3672,3240,
2025-08-04,多摩NT,シャインマスカット,長野,相対,5.0,80.0,80.0,17280.0,,,3456,,
2025-08-04,多摩NT,デラウェア,山形,相対,2.0,80.0,80.0,2160.0,1808.0,1080.0,1080,904,540
2025-08-04,多摩NT,デラウェア,山梨,相対,2.0,80.0,80.0,2376.0,2160.0,,1188,1080,
2025-08-04,多摩NT,巨峰,各地,相対,0.35,80.0,80.0,648.0,,,1851,,
2025-08-04,多摩NT,巨峰,山梨,相対,5.0,80.0,80.0,12960.0,,,2592,,
2025-08-04,多摩NT,巨峰,長野,相対,0.35,80.0,80.0,810.0,,,2314,,
2025-08-04,大田,シャインマスカット,各地,商物分離,5.0,56.0,51707.0,16200.0,,,3240,,
2025-08-04,大田,シャインマスカット,各地,相対,5.0,51325.0,51707.0,19440.0,15120.0,10800.0,3888,3024,2160
2025-08-04,大田,シャインマスカット,各地,第三者販売,5.0,10.0,51707.0,16200.0,,,3240,,
2025-08-04,大田,シャインマスカット,山梨,相対,5.0,51325.0,51707.0,17280.0,11880.0,7560.0,3456,2376,1512
2025-08-04,大田,シャインマスカット,長野,せり・入札,5.0,316.0,51707.0,19440.0,,,3888,,
2025-08-04,大田,シャインマスカット,長野,相対,5.0,51325.0,51707.0,19440.0,,15120.0,3888,,3024
2025-08-04,大田,デラウェア,山形,相対,2.0,51325.0,51707.0,2160.0,1728.0,1080.0,1080,864,540
2025-08-04,大田,デラウェア,山梨,相対,2.0,51325.0,51707.0,3780.0,2160.0,1620.0,1890,1080,810
2025-08-04,大田,ピオーネ,各地,相対,5.0,51325.0,51707.0,18360.0,17280.0,16200.0,3672,3456,3240
2025-08-04,大田,ピオーネ,山梨,相対,0.4,51325.0,51707.0,648.0,648.0,,1620,1620,
2025-08-04,大田,ピオーネ,岡山,相対,5.0,51325.0,51707.0,14040.0,8640.0,7560.0,2808,1728,1512
2025-08-04,大田,巨峰,各地,相対,0.35,51325.0,51707.0,648.0,464.0,378.0,1851,1326,1080
2025-08-04,大田,巨峰,山梨,せり・入札,5.0,316.0,51707.0,8100.0,,,1620,,
2025-08-04,大田,巨峰,山梨,相対,5.0,51325.0,51707.0,10800.0,,5940.0,2160,,1188
2025-08-04,大田,巨峰,長野,相対,0.35,51325.0,51707.0,864.0,,648.0,2469,,1851
2025-08-04,板橋,デラウェア,山形,相対,2.0,2000.0,2000.0,,1620.0,,,810,
2025-08-04,淀橋,シャインマスカット,山梨,相対,5.0,7280.0,7280.0,19440.0,,,3888,,
2025-08-04,淀橋,シャインマスカット,長野,相対,5.0,7280.0,7280.0,21600.0,,17280.0,4320,,3456
2025-08-04,淀橋,デラウェア,山形,相対,2.0,7280.0,7280.0,2160.0,1944.0,1836.0,1080,972,918
2025-08-04,淀橋,デラウェア,山梨,相対,2.0,7280.0,7280.0,2160.0,,,1080,,
2025-08-04,淀橋,ピオーネ,山梨,相対,5.0,7280.0,7280.0,12960.0,,,2592,,
2025-08-04,淀橋,巨峰,山梨,相対,5.0,7280.0,7280.0,9720.0,,,1944,,
2025-08-04,淀橋,巨峰,長野,相対,0.35,7280.0,7280.0,972.0,,,2777,,
2025-08-04,葛西,シャインマスカット,山梨,相対,5.0,2700.0,2700.0,1944.0,,17280.0,389,,3456
2025-08-04,葛西,デラウェア,山形,相対,2.0,2700.0,2700.0,2160.0,1944.0,1620.0,1080,972,810
2025-08-04,葛西,巨峰,各地,相対,0.35,2700.0,2700.0,,302.0,,,863,
2025-08-04,豊島,シャインマスカット,山梨,相対,5.0,800.0,800.0,17280.0,,16200.0,3456,,3240
2025-08-04,豊島,ピオーネ,山梨,相対,5.0,800.0,800.0,11880.0,,,2376,,
2025-08-04,豊島,巨峰,山梨,相対,5.0,800.0,800.0,13824.0,9180.0,8100.0,2765,1836,1620
2025-08-04,豊洲,シャインマスカット,各地,相対,5.0,10710.0,18027.0,18360.0,16200.0,12960.0,3672,3240,2592
2025-08-04,豊洲,シャインマスカット,各地,第三者販売,5.0,7317.0,18027.0,17280.0,14040.0,12960.0,3456,2808,2592
2025-08-04,豊洲,シャインマスカット,山梨,相対,5.0,10710.0,18027.0,16200.0,12960.0,11880.0,3240,2592,2376
2025-08-04,豊洲,シャインマスカット,山梨,第三者販売,5.0,7317.0,18027.0,17280.0,16200.0,12960.0,3456,3240,2592
2025-08-04,豊洲,シャインマスカット,長野,相対,5.0,10710.0,18027.0,17280.0,16200.0,15660.0,3456,3240,3132
2025-08-04,豊洲,シャインマスカット,長野,第三者販売,5.0,7317.0,18027.0,,16200.0,,,3240,
2025-08-04,豊洲,デラウェア,山形,相対,2.0,10710.0,18027.0,2160.0,,1080.0,1080,,540
2025-08-04,豊洲,デラウェア,山形,第三者販売,2.0,7317.0,18027.0,2160.0,1728.0,1404.0,1080,864,702
2025-08-04,豊洲,デラウェア,山梨,相対,2.0,10710.0,18027.0,2592.0,,2160.0,1296,,1080
2025-08-04,豊洲,デラウェア,山梨,第三者販売,2.0,7317.0,18027.0,,2592.0,,,1296,
2025-08-04,豊洲,ピオーネ,各地,相対,5.0,10710.0,18027.0,,17280.0,,,3456,
2025-08-04,豊洲,ピオーネ,山梨,相対,0.4,10710.0,18027.0,648.0,,594.0,1620,,1485
2025-08-04,豊洲,ピオーネ,山梨,第三者販売,0.4,7317.0,18027.0,,648.0,,,1620,
2025-08-04,豊洲,ピオーネ,岡山,相対,5.0,10710.0,18027.0,12960.0,,8640.0,2592,,1728
2025-08-04,豊洲,ピオーネ,岡山,第三者販売,5.0,7317.0,18027.0,9720.0,,7020.0,1944,,1404
2025-08-04,豊洲,巨峰,山梨,相対,5.0,10710.0,18027.0,8640.0,8100.0,7560.0,1728,1620,1512
2025-08-04,豊洲,巨峰,山梨,第三者販売,5.0,7317.0,18027.0,8640.0,8100.0,5940.0,1728,1620,1188
2025-08-04,豊洲,巨峰,長野,相対,0.35,10710.0,18027.0,864.0,,756.0,2469,,2160
2025-08-05,世田谷,巨峰,山梨,相対,5.0,400.0,400.0,6480.0,,,1296,,
2025-08-05,北足立,シャインマスカット,山梨,相対,5.0,9100.0,9100.0,,18360.0,,,3672,
2025-08-05,北足立,デラウェア,山形,相対,2.0,9100.0,9100.0,2160.0,1728.0,1620.0,1080,864,810
2025-08-05,北足立,デラウェア,山梨,相対,2.0,9100.0,9100.0,2160.0,,,1080,,
2025-08-05,北足立,巨峰,山梨,相対,5.0,9100.0,9100.0,8100.0,,,1620,,
2025-08-05,多摩NT,シャインマスカット,各地,相対,5.0,358.0,358.0,18360.0,17280.0,,3672,3456,
2025-08-05,多摩NT,シャインマスカット,山梨,相対,5.0,358.0,358.0,18360.0,16200.0,,3672,3240,
2025-08-05,多摩NT,シャインマスカット,長野,相対,5.0,358.0,358.0,17280.0,,,3456,,
2025-08-05,多摩NT,デラウェア,山形,相対,2.0,358.0,358.0,2160.0,1808.0,1080.0,1080,904,540
2025-08-05,多摩NT,デラウェア,山梨,相対,2.0,358.0,358.0,2376.0,2160.0,,1188,1080,
2025-08-05,多摩NT,ピオーネ,山梨,相対,0.4,358.0,358.0,864.0,,,2160,,
2025-08-05,多摩NT,ピオーネ,岡山,相対,5.0,358.0,358.0,21600.0,,,4320,,
2025-08-05,多摩NT,巨峰,各地,相対,0.35,358.0,358.0,648.0,,,1851,,
2025-08-05,多摩NT,巨峰,山梨,相対,5.0,358.0,358.0,12960.0,,,2592,,
2025-08-05,多摩NT,巨峰,長野,相対,0.35,358.0,358.0,810.0,,,2314,,
2025-08-05,大田,シャインマスカット,各地,商物分離,5.0,60.0,69721.0,16200.0,,,3240,,
2025-08-05,大田,シャインマスカット,各地,相対,5.0,69300.0,69721.0,19440.0,14040.0,8640.0,3888,2808,1728
2025-08-05,大田,シャインマスカット,山梨,相対,5.0,69300.0,69721.0,17280.0,11880.0,9720.0,3456,2376,1944
2025-08-05,大田,シャインマスカット,長野,相対,5.0,69300.0,69721.0,19440.0,18360.0,14040.0,3888,3672,2808
2025-08-05,大田,デラウェア,山形,相対,2.0,69300.0,69721.0,2160.0,1728.0,1080.0,1080,864,540
2025-08-05,大田,デラウェア,山梨,相対,2.0,69300.0,69721.0,3780.0,2160.0,1512.0,1890,1080,756
2025-08-05,大田,ピオーネ,各地,相対,5.0,69300.0,69721.0,18360.0,17280.0,16200.0,3672,3456,3240
2025-08-05,大田,ピオーネ,山梨,相対,0.4,69300.0,69721.0,680.0,,594.0,1700,,1485
2025-08-05,大田,ピオーネ,岡山,相対,5.0,69300.0,69721.0,14040.0,8640.0,7560.0,2808,1728,1512
2025-08-05,大田,巨峰,各地,せり・入札,0.35,361.0,69721.0,432.0,356.0,,1234,1017,
2025-08-05,大田,巨峰,各地,相対,0.35,69300.0,69721.0,648.0,594.0,540.0,1851,1697,1543
2025-08-05,大田,巨峰,山梨,相対,5.0,69300.0,69721.0,10800.0,8208.0,7560.0,2160,1642,1512
2025-08-05,大田,巨峰,長野,相対,0.35,69300.0,69721.0,864.0,756.0,648.0,2469,2160,1851
2025-08-05,板橋,デラウェア,山形,相対,2.0,600.0,600.0,,1620.0,,,810,
2025-08-05,淀橋,シャインマスカット,山梨,相対,5.0,10834.0,10834.0,19440.0,,,3888,,
2025-08-05,淀橋,シャインマスカット,長野,相対,5.0,10834.0,10834.0,21600.0,,17280.0,4320,,3456
2025-08-05,淀橋,デラウェア,山形,相対,2.0,10834.0,10834.0,2160.0,1944.0,1836.0,1080,972,918
2025-08-05,淀橋,デラウェア,山梨,相対,2.0,10834.0,10834.0,2160.0,,,1080,,
2025-08-05,淀橋,ピオーネ,山梨,相対,5.0,10834.0,10834.0,12960.0,,,2592,,
2025-08-05,淀橋,巨峰,山梨,相対,5.0,10834.0,10834.0,9720.0,,,1944,,
2025-08-05,淀橋,巨峰,長野,相対,0.35,10834.0,10834.0,972.0,,,2777,,
2025-08-05,葛西,シャインマスカット,各地,相対,5.0,3700.0,3700.0,,16200.0,,,3240,
2025-08-05,葛西,デラウェア,各地,相対,2.0,3700.0,3700.0,2484.0,2160.0,1944.0,1242,1080,972
2025-08-05,葛西,巨峰,各地,相対,0.35,3700.0,3700.0,,648.0,,,1851,
2025-08-05,豊島,シャインマスカット,各地,相対,5.0,1000.0,1000.0,15120.0,,14580.0,3024,,2916
2025-08-05,豊島,シャインマスカット,山梨,相対,5.0,1000.0,1000.0,17280.0,,16200.0,3456,,3240
2025-08-05,豊島,巨峰,山梨,相対,5.0,1000.0,1000.0,11880.0,8640.0,8100.0,2376,1728,1620
2025-08-05,豊洲,シャインマスカット,各地,相対,5.0,11939.0,17632.0,17280.0,16200.0,14040.0,3456,3240,2808
2025-08-05,豊洲,シャインマスカット,各地,第三者販売,5.0,5693.0,17632.0,27000.0,17280.0,15120.0,5400,3456,3024
2025-08-05,豊洲,シャインマスカット,山梨,相対,5.0,11939.0,17632.0,17280.0,12960.0,9720.0,3456,2592,1944
2025-08-05,豊洲,シャインマスカット,山梨,第三者販売,5.0,5693.0,17632.0,17280.0,,12960.0,3456,,2592
2025-08-05,豊洲,シャインマスカット,長野,相対,5.0,11939.0,17632.0,17280.0,16200.0,15660.0,3456,3240,3132
2025-08-05,豊洲,シャインマスカット,長野,第三者販売,5.0,5693.0,17632.0,,16200.0,,,3240,
2025-08-05,豊洲,デラウェア,山形,相対,2.0,11939.0,17632.0,1944.0,,1080.0,972,,540
2025-08-05,豊洲,デラウェア,山形,第三者販売,2.0,5693.0,17632.0,2160.0,1404.0,1080.0,1080,702,540
2025-08-05,豊洲,デラウェア,山梨,相対,2.0,11939.0,17632.0,,2592.0,,,1296,
2025-08-05,豊洲,デラウェア,山梨,第三者販売,2.0,5693.0,17632.0,2592.0,,2160.0,1296,,1080
2025-08-05,豊洲,ピオーネ,各地,相対,5.0,11939.0,17632.0,17280.0,,11880.0,3456,,2376
2025-08-05,豊洲,ピオーネ,山梨,相対,0.4,11939.0,17632.0,702.0,,648.0,1755,,1620
2025-08-05,豊洲,ピオーネ,山梨,第三者販売,0.4,5693.0,17632.0,972.0,,648.0,2430,,1620
2025-08-05,豊洲,ピオーネ,岡山,相対,5.0,11939.0,17632.0,9720.0,,7020.0,1944,,1404
2025-08-05,豊洲,巨峰,山梨,相対,5.0,11939.0,17632.0,8640.0,8100.0,7020.0,1728,1620,1404
2025-08-05,豊洲,巨峰,山梨,第三者販売,5.0,5693.0,17632.0,9720.0,8424.0,7560.0,1944,1685,1512
2025-08-05,豊洲,巨峰,長野,相対,0.35,11939.0,17632.0,,756.0,,,2160,
2025-08-07,世田谷,シャインマスカット,山梨,相対,5.0,900.0,900.0,10800.0,,,2160,,
2025-08-07,世田谷,巨峰,山梨,相対,5.0,900.0,900.0,6480.0,,,1296,,
2025-08-07,北足立,シャインマスカット,山梨,相対,5.0,13000.0,13000.0,,17280.0,,,3456,
2025-08-07,北足立,デラウェア,山形,相対,2.0,13000.0,13000.0,2160.0,1728.0,1620.0,1080,864,810
2025-08-07,北足立,デラウェア,山梨,相対,2.0,13000.0,13000.0,1944.0,,,972,,
2025-08-07,北足立,巨峰,山梨,相対,5.0,13000.0,13000.0,8100.0,,,1620,,
2025-08-07,多摩NT,シャインマスカット,各地,相対,5.0,125.0,125.0,18360.0,17280.0,,3672,3456,
2025-08-07,多摩NT,シャインマスカット,山梨,相対,5.0,125.0,125.0,18360.0,16200.0,,3672,3240,
2025-08-07,多摩NT,シャインマスカット,長野,相対,5.0,125.0,125.0,1720.0,,,344,,
2025-08-07,多摩NT,デラウェア,山形,相対,2.0,125.0,125.0,2160.0,1808.0,1080.0,1080,904,540
2025-08-07,多摩NT,デラウェア,山梨,相対,2.0,125.0,125.0,2376.0,2160.0,,1188,1080,
2025-08-07,多摩NT,巨峰,各地,相対,0.35,125.0,125.0,648.0,,,1851,,
2025-08-07,多摩NT,巨峰,山梨,相対,5.0,125.0,125.0,12960.0,,,2592,,
2025-08-07,多摩NT,巨峰,長野,相対,0.35,125.0,125.0,810.0,,,2314,,
2025-08-07,大田,シャインマスカット,各地,商物分離,5.0,50.0,95411.0,16200.0,,,3240,,
2025-08-07,大田,シャインマスカット,各地,相対,5.0,94758.0,95411.0,21600.0,14040.0,8640.0,4320,2808,1728
2025-08-07,大田,シャインマスカット,各地,第三者販売,5.0,95.0,95411.0,16200.0,,,3240,,
2025-08-07,大田,シャインマスカット,山梨,せり・入札,5.0,508.0,95411.0,8640.0,,,1728,,
2025-08-07,大田,シャインマスカット,山梨,相対,5.0,94758.0,95411.0,17280.0,17280.0,8640.0,3456,3456,1728
2025-08-07,大田,シャインマスカット,長野,せり・入札,5.0,508.0,95411.0,19440.0,,,3888,,
2025-08-07,大田,シャインマスカット,長野,相対,5.0,94758.0,95411.0,19440.0,17280.0,15120.0,3888,3456,3024
2025-08-07,大田,デラウェア,山形,相対,2.0,94758.0,95411.0,1944.0,1728.0,1080.0,972,864,540
2025-08-07,大田,デラウェア,山梨,相対,2.0,94758.0,95411.0,2700.0,2160.0,1296.0,1350,1080,648
2025-08-07,大田,ピオーネ,各地,相対,5.0,94758.0,95411.0,18360.0,16200.0,7020.0,3672,3240,1404
2025-08-07,大田,ピオーネ,山梨,相対,0.4,94758.0,95411.0,648.0,,540.0,1620,,1350
2025-08-07,大田,ピオーネ,岡山,相対,5.0,94758.0,95411.0,14040.0,8640.0,7560.0,2808,1728,1512
2025-08-07,大田,巨峰,各地,せり・入札,0.35,508.0,95411.0,432.0,,,1234,,
2025-08-07,大田,巨峰,各地,相対,0.35,94758.0,95411.0,648.0,594.0,432.0,1851,1697,1234
2025-08-07,大田,巨峰,山梨,せり・入札,5.0,508.0,95411.0,8100.0,8100.0,,1620,1620,
2025-08-07,大田,巨峰,山梨,相対,5.0,94758.0,95411.0,8640.0,7884.0,6480.0,1728,1577,1296
2025-08-07,大田,巨峰,長野,相対,0.35,94758.0,95411.0,864.0,756.0,670.0,2469,2160,1914
2025-08-07,板橋,シャインマスカット,山梨,相対,5.0,1300.0,1300.0,12960.0,,,2592,,
2025-08-07,板橋,巨峰,山梨,相対,5.0,1300.0,1300.0,7560.0,7020.0,6480.0,1512,1404,1296
2025-08-07,淀橋,シャインマスカット,山梨,相対,5.0,17253.0,17253.0,19440.0,,,3888,,
2025-08-07,淀橋,シャインマスカット,長野,相対,5.0,17253.0,17253.0,21600.0,,17280.0,4320,,3456
2025-08-07,淀橋,デラウェア,山形,相対,2.0,17253.0,17253.0,2160.0,1944.0,1836.0,1080,972,918
2025-08-07,淀橋,デラウェア,山梨,相対,2.0,17253.0,17253.0,2160.0,,,1080,,
2025-08-07,淀橋,ピオーネ,山梨,相対,5.0,17253.0,17253.0,12960.0,,,2592,,
2025-08-07,淀橋,巨峰,山梨,相対,5.0,17253.0,17253.0,9720.0,,,1944,,
2025-08-07,淀橋,巨峰,長野,相対,0.35,17253.0,17253.0,972.0,,,2777,,
2025-08-07,葛西,シャインマスカット,各地,相対,5.0,3500.0,3500.0,,16200.0,,,3240,
2025-08-07,葛西,デラウェア,各地,相対,2.0,3500.0,3500.0,2160.0,1944.0,1620.0,1080,972,810
2025-08-07,葛西,巨峰,各地,相対,0.35,3500.0,3500.0,,648.0,,,1851,
2025-08-07,豊島,シャインマスカット,各地,相対,5.0,1200.0,1200.0,12960.0,,,2592,,
2025-08-07,豊島,シャインマスカット,山梨,相対,5.0,1200.0,1200.0,17280.0,,16200.0,3456,,3240
2025-08-07,豊島,ピオーネ,山梨,相対,0.4,1200.0,1200.0,594.0,,,1485,,
2025-08-07,豊洲,シャインマスカット,各地,相対,5.0,16208.0,23860.0,18360.0,16200.0,10800.0,3672,3240,2160
2025-08-07,豊洲,シャインマスカット,各地,第三者販売,5.0,7152.0,23860.0,19440.0,16200.0,14040.0,3888,3240,2808
2025-08-07,豊洲,シャインマスカット,山梨,相対,5.0,16208.0,23860.0,17280.0,13500.0,9720.0,3456,2700,1944
2025-08-07,豊洲,シャインマスカット,山梨,第三者販売,5.0,7152.0,23860.0,17280.0,16200.0,13500.0,3456,3240,2700
2025-08-07,豊洲,シャインマスカット,長野,相対,5.0,16208.0,23860.0,18360.0,16200.0,14040.0,3672,3240,2808
2025-08-07,豊洲,シャインマスカット,長野,第三者販売,5.0,7152.0,23860.0,,16200.0,,,3240,
2025-08-07,豊洲,デラウェア,山形,相対,2.0,16208.0,23860.0,1944.0,,1080.0,972,,540
2025-08-07,豊洲,デラウェア,山形,第三者販売,2.0,7152.0,23860.0,2160.0,,1944.0,1080,,972
2025-08-07,豊洲,デラウェア,山梨,相対,2.0,16208.0,23860.0,,2160.0,,,1080,
2025-08-07,豊洲,デラウェア,山梨,第三者販売,2.0,7152.0,23860.0,,2592.0,,,1296,
2025-08-07,豊洲,ピオーネ,山梨,相対,0.4,16208.0,23860.0,648.0,594.0,540.0,1620,1485,1350
2025-08-07,豊洲,ピオーネ,岡山,相対,5.0,16208.0,23860.0,9720.0,,6480.0,1944,,1296
2025-08-07,豊洲,ピオーネ,岡山,第三者販売,5.0,7152.0,23860.0,,15120.0,,,3024,
2025-08-07,豊洲,巨峰,山梨,商物分離,5.0,500.0,23860.0,8100.0,,7560.0,1620,,1512
2025-08-07,豊洲,巨峰,山梨,相対,5.0,16208.0,23860.0,8640.0,8100.0,7020.0,1728,1620,1404
2025-08-07,豊洲,巨峰,山梨,第三者販売,5.0,7152.0,23860.0,8424.0,8100.0,7560.0,1685,1620,1512
2025-08-07,豊洲,巨峰,長野,相対,0.35,16208.0,23860.0,756.0,,680.0,2160,,1943
2025-08-08,世田谷,巨峰,山梨,相対,5.0,500.0,500.0,6480.0,,,1296,,
2025-08-08,北足立,シャインマスカット,山梨,相対,5.0,9100.0,9100.0,,16200.0,,,3240,
2025-08-08,北足立,デラウェア,山形,相対,2.0,9100.0,9100.0,2160.0,1728.0,1620.0,1080,864,810
2025-08-08,北足立,デラウェア,山梨,相対,2.0,9100.0,9100.0,1944.0,,,972,,
2025-08-08,北足立,巨峰,山梨,相対,5.0,9100.0,9100.0,8100.0,,,1620,,
2025-08-08,多摩NT,シャインマスカット,各地,相対,5.0,489.0,489.0,18360.0,17280.0,,3672,3456,
2025-08-08,多摩NT,シャインマスカット,山梨,相対,5.0,489.0,489.0,18360.0,16200.0,,3672,3240,
2025-08-08,多摩NT,シャインマスカット,長野,相対,5.0,489.0,489.0,17280.0,,,3456,,
2025-08-08,多摩NT,デラウェア,山形,相対,2.0,489.0,489.0,2160.0,1808.0,1080.0,1080,904,540
2025-08-08,多摩NT,デラウェア,山梨,相対,2.0,489.0,489.0,2376.0,2160.0,,1188,1080,
2025-08-08,多摩NT,ピオーネ,山梨,相対,0.4,489.0,489.0,864.0,,,2160,,
2025-08-08,多摩NT,ピオーネ,岡山,相対,5.0,489.0,489.0,21600.0,,,4320,,
2025-08-08,大田,シャインマスカット,各地,商物分離,5.0,1951.0,79694.0,16200.0,,,3240,,
2025-08-08,大田,シャインマスカット,各地,第三者販売,5.0,269.0,79694.0,16200.0,15120.0,12960.0,3240,3024,2592
2025-08-08,大田,シャインマスカット,山梨,せり・入札,5.0,559.0,79694.0,3780.0,,,756,,
2025-08-08,大田,シャインマスカット,山梨,相対,5.0,76915.0,79694.0,17280.0,,10800.0,3456,,2160
2025-08-08,大田,シャインマスカット,長野,相対,5.0,76915.0,79694.0,19440.0,17280.0,15120.0,3888,3456,3024
2025-08-08,大田,デラウェア,山形,相対,2.0,76915.0,79694.0,2160.0,1512.0,540.0,1080,756,270
2025-08-08,大田,デラウェア,山梨,相対,2.0,76915.0,79694.0,1944.0,1944.0,,972,972,
2025-08-08,大田,ピオーネ,各地,相対,5.0,76915.0,79694.0,18360.0,17280.0,16200.0,3672,3456,3240
2025-08-08,大田,ピオーネ,山梨,商物分離,0.4,1951.0,79694.0,648.0,,,1620,,
2025-08-08,大田,ピオーネ,山梨,相対,0.4,76915.0,79694.0,648.0,,540.0,1620,,1350
2025-08-08,大田,ピオーネ,岡山,相対,5.0,76915.0,79694.0,14040.0,8640.0,6480.0,2808,1728,1296
2025-08-08,大田,巨峰,各地,相対,0.35,76915.0,79694.0,594.0,594.0,486.0,1697,1697,1389
2025-08-08,大田,巨峰,山梨,商物分離,5.0,1951.0,79694.0,8100.0,,,1620,,
2025-08-08,大田,巨峰,山梨,相対,5.0,76915.0,79694.0,10800.0,7884.0,5400.0,2160,1577,1080
2025-08-08,大田,巨峰,長野,相対,0.35,76915.0,79694.0,864.0,756.0,648.0,2469,2160,1851
2025-08-08,板橋,シャインマスカット,山梨,相対,5.0,1800.0,1800.0,12960.0,,11880.0,2592,,2376
2025-08-08,板橋,シャインマスカット,長野,相対,5.0,1800.0,1800.0,16200.0,,,3240,,
2025-08-08,板橋,デラウェア,山形,相対,2.0,1800.0,1800.0,,1620.0,,,810,
2025-08-08,板橋,巨峰,山梨,相対,5.0,1800.0,1800.0,7560.0,,7020.0,1512,,1404
2025-08-08,淀橋,シャインマスカット,山梨,相対,5.0,11753.0,11753.0,19440.0,,,3888,,
2025-08-08,淀橋,シャインマスカット,長野,相対,5.0,11753.0,11753.0,21600.0,,17280.0,4320,,3456
2025-08-08,淀橋,デラウェア,山形,相対,2.0,11753.0,11753.0,2160.0,1944.0,1836.0,1080,972,918
2025-08-08,淀橋,デラウェア,山梨,相対,2.0,11753.0,11753.0,1944.0,,,972,,
2025-08-08,淀橋,ピオーネ,山梨,相対,5.0,11753.0,11753.0,12960.0,,,2592,,
2025-08-08,淀橋,巨峰,山梨,相対,5.0,11753.0,11753.0,8640.0,,,1728,,
2025-08-08,淀橋,巨峰,長野,相対,0.35,11753.0,11753.0,972.0,,,2777,,
2025-08-08,葛西,シャインマスカット,各地,相対,5.0,5500.0,5500.0,,16200.0,,,3240,
2025-08-08,葛西,デラウェア,山形,相対,2.0,5500.0,5500.0,2160.0,1944.0,1620.0,1080,972,810
2025-08-08,葛西,巨峰,長野,相対,0.35,5500.0,5500.0,,648.0,,,1851,
2025-08-08,豊島,シャインマスカット,山梨,相対,5.0,1300.0,1300.0,17280.0,,16200.0,3456,,3240
2025-08-08,豊島,デラウェア,山形,相対,2.0,1300.0,1300.0,1836.0,,1296.0,918,,648
2025-08-08,豊島,ピオーネ,山梨,相対,0.4,1300.0,1300.0,540.0,,378.0,1350,,945
2025-08-08,豊洲,シャインマスカット,各地,相対,5.0,11311.0,18453.0,24840.0,16200.0,12960.0,4968,3240,2592
2025-08-08,豊洲,シャインマスカット,各地,第三者販売,5.0,6294.0,18453.0,19440.0,14040.0,12960.0,3888,2808,2592
2025-08-08,豊洲,シャインマスカット,山梨,相対,5.0,11311.0,18453.0,16200.0,12960.0,9720.0,3240,2592,1944
2025-08-08,豊洲,シャインマスカット,山梨,第三者販売,5.0,6294.0,18453.0,17280.0,16200.0,9720.0,3456,3240,1944
2025-08-08,豊洲,シャインマスカット,長野,相対,5.0,11311.0,18453.0,17280.0,,16200.0,3456,,3240
2025-08-08,豊洲,シャインマスカット,長野,第三者販売,5.0,6294.0,18453.0,,16200.0,,,3240,
2025-08-08,豊洲,デラウェア,山形,相対,2.0,11311.0,18453.0,2160.0,1944.0,1080.0,1080,972,540
2025-08-08,豊洲,デラウェア,山形,第三者販売,2.0,6294.0,18453.0,1944.0,,1080.0,972,,540
2025-08-08,豊洲,デラウェア,山梨,相対,2.0,11311.0,18453.0,,2160.0,,,1080,
2025-08-08,豊洲,ピオーネ,各地,相対,5.0,11311.0,18453.0,17280.0,,16200.0,3456,,3240
2025-08-08,豊洲,ピオーネ,山梨,相対,0.4,11311.0,18453.0,648.0,,594.0,1620,,1485
2025-08-08,豊洲,ピオーネ,岡山,相対,5.0,11311.0,18453.0,9720.0,,8640.0,1944,,1728
2025-08-08,豊洲,ピオーネ,岡山,第三者販売,5.0,6294.0,18453.0,,15120.0,,,3024,
2025-08-08,豊洲,巨峰,山梨,商物分離,5.0,848.0,18453.0,8100.0,,7560.0,1620,,1512
2025-08-08,豊洲,巨峰,山梨,相対,5.0,11311.0,18453.0,8640.0,8100.0,7020.0,1728,1620,1404
2025-08-08,豊洲,巨峰,山梨,第三者販売,5.0,6294.0,18453.0,8424.0,8100.0,7020.0,1685,1620,1404
2025-08-08,豊洲,巨峰,長野,相対,0.35,11311.0,18453.0,756.0,,680.0,2160,,1943
2025-08-09,世田谷,シャインマスカット,山梨,相対,5.0,900.0,900.0,9180.0,,,1836,,
2025-08-09,世田谷,巨峰,山梨,相対,5.0,900.0,900.0,5940.0,,,1188,,
2025-08-09,北足立,シャインマスカット,山梨,相対,5.0,12100.0,12100.0,,17280.0,,,3456,
2025-08-09,北足立,デラウェア,山形,相対,2.0,12100.0,12100.0,1944.0,1512.0,1080.0,972,756,540
2025-08-09,北足立,デラウェア,山梨,相対,2.0,12100.0,12100.0,1944.0,,,972,,
2025-08-09,北足立,巨峰,山梨,相対,5.0,12100.0,12100.0,8100.0,,,1620,,
2025-08-09,多摩NT,シャインマスカット,各地,相対,5.0,841.0,841.0,18360.0,17280.0,,3672,3456,
2025-08-09,多摩NT,シャインマスカット,山梨,相対,5.0,841.0,841.0,18360.0,16200.0,,3672,3240,
2025-08-09,多摩NT,シャインマスカット,長野,相対,5.0,841.0,841.0,17280.0,,,3456,,
2025-08-09,多摩NT,デラウェア,山形,相対,2.0,841.0,841.0,2160.0,1808.0,1080.0,1080,904,540
2025-08-09,多摩NT,デラウェア,山梨,相対,2.0,841.0,841.0,2376.0,2160.0,,1188,1080,
2025-08-09,多摩NT,ピオーネ,山梨,相対,0.4,841.0,841.0,864.0,,,2160,,
2025-08-09,多摩NT,ピオーネ,岡山,相対,5.0,841.0,841.0,21600.0,,,4320,,
2025-08-09,多摩NT,巨峰,各地,相対,0.35,841.0,841.0,648.0,,,1851,,
2025-08-09,多摩NT,巨峰,山梨,相対,5.0,841.0,841.0,12960.0,,,2592,,
2025-08-09,多摩NT,巨峰,長野,相対,0.35,841.0,841.0,810.0,,,2314,,
2025-08-09,大田,シャインマスカット,各地,商物分離,5.0,554.0,82332.0,16200.0,,,3240,,
2025-08-09,大田,シャインマスカット,各地,相対,5.0,80675.0,82332.0,21600.0,14040.0,7560.0,4320,2808,1512
2025-08-09,大田,シャインマスカット,各地,第三者販売,5.0,77.0,82332.0,16200.0,,,3240,,
2025-08-09,大田,シャインマスカット,山梨,相対,5.0,80675.0,82332.0,17280.0,,10800.0,3456,,2160
2025-08-09,大田,シャインマスカット,長野,相対,5.0,80675.0,82332.0,19440.0,17280.0,14580.0,3888,3456,2916
2025-08-09,大田,デラウェア,山形,相対,2.0,80675.0,82332.0,2160.0,1728.0,540.0,1080,864,270
2025-08-09,大田,デラウェア,山梨,相対,2.0,80675.0,82332.0,2700.0,2160.0,1296.0,1350,1080,648
2025-08-09,大田,ピオーネ,各地,せり・入札,5.0,1026.0,82332.0,5400.0,,,1080,,
2025-08-09,大田,ピオーネ,各地,相対,5.0,80675.0,82332.0,18360.0,17280.0,16200.0,3672,3456,3240
2025-08-09,大田,ピオーネ,山梨,相対,0.4,80675.0,82332.0,648.0,,540.0,1620,,1350
2025-08-09,大田,ピオーネ,岡山,相対,5.0,80675.0,82332.0,9720.0,8640.0,7020.0,1944,1728,1404
2025-08-09,大田,巨峰,各地,相対,0.35,80675.0,82332.0,594.0,,518.0,1697,,1480
2025-08-09,大田,巨峰,山梨,せり・入札,5.0,1026.0,82332.0,8100.0,8100.0,4320.0,1620,1620,864
2025-08-09,大田,巨峰,山梨,商物分離,5.0,554.0,82332.0,8100.0,,,1620,,
2025-08-09,大田,巨峰,山梨,相対,5.0,80675.0,82332.0,8640.0,7884.0,6480.0,1728,1577,1296
2025-08-09,大田,巨峰,長野,相対,0.35,80675.0,82332.0,810.0,756.0,648.0,2314,2160,1851
2025-08-09,板橋,シャインマスカット,山梨,相対,5.0,2100.0,2100.0,12960.0,,11880.0,2592,,2376
2025-08-09,板橋,巨峰,山梨,相対,5.0,2100.0,2100.0,7560.0,7020.0,6480.0,1512,1404,1296
2025-08-09,淀橋,シャインマスカット,山梨,相対,5.0,14403.0,14403.0,19440.0,,,3888,,
2025-08-09,淀橋,シャインマスカット,長野,相対,5.0,14403.0,14403.0,21600.0,,17280.0,4320,,3456
2025-08-09,淀橋,デラウェア,山形,相対,2.0,14403.0,14403.0,2160.0,1944.0,1836.0,1080,972,918
2025-08-09,淀橋,デラウェア,山梨,相対,2.0,14403.0,14403.0,1944.0,,,972,,
2025-08-09,淀橋,ピオーネ,山梨,相対,5.0,14403.0,14403.0,12960.0,,,2592,,
2025-08-09,淀橋,巨峰,山梨,相対,5.0,14403.0,14403.0,8640.0,,,1728,,
2025-08-09,淀橋,巨峰,長野,相対,0.35,14403.0,14403.0,972.0,,,2777,,
2025-08-09,葛西,シャインマスカット,各地,相対,5.0,7200.0,7200.0,,19440.0,,,3888,
2025-08-09,葛西,デラウェア,各地,相対,2.0,7200.0,7200.0,2160.0,1944.0,1728.0,1080,972,864
2025-08-09,葛西,巨峰,各地,相対,0.35,7200.0,7200.0,,648.0,,,1851,
2025-08-09,豊島,シャインマスカット,山梨,相対,5.0,2100.0,2100.0,17280.0,,16200.0,3456,,3240
2025-08-09,豊島,デラウェア,山形,相対,2.0,2100.0,2100.0,1836.0,,,918,,
2025-08-09,豊島,ピオーネ,山梨,相対,0.4,2100.0,2100.0,378.0,,,945,,
2025-08-09,豊島,巨峰,長野,相対,0.35,2100.0,2100.0,1188.0,,,3394,,
2025-08-09,豊洲,シャインマスカット,各地,相対,5.0,11317.0,25492.0,15120.0,12960.0,10800.0,3024,2592,2160
2025-08-09,豊洲,シャインマスカット,各地,第三者販売,5.0,13900.0,25492.0,17280.0,16200.0,14040.0,3456,3240,2808
2025-08-09,豊洲,シャインマスカット,山梨,相対,5.0,11317.0,25492.0,16200.0,14580.0,12960.0,3240,2916,2592
2025-08-09,豊洲,シャインマスカット,山梨,第三者販売,5.0,13900.0,25492.0,16200.0,14040.0,12960.0,3240,2808,2592
2025-08-09,豊洲,シャインマスカット,長野,相対,5.0,11317.0,25492.0,18900.0,16200.0,15660.0,3780,3240,3132
2025-08-09,豊洲,シャインマスカット,長野,第三者販売,5.0,13900.0,25492.0,17280.0,,16200.0,3456,,3240
2025-08-09,豊洲,デラウェア,山形,相対,2.0,11317.0,25492.0,2160.0,,1944.0,1080,,972
2025-08-09,豊洲,デラウェア,山形,第三者販売,2.0,13900.0,25492.0,1728.0,,864.0,864,,432
2025-08-09,豊洲,デラウェア,山梨,相対,2.0,11317.0,25492.0,,1620.0,,,810,
2025-08-09,豊洲,デラウェア,山梨,第三者販売,2.0,13900.0,25492.0,2376.0,,1620.0,1188,,810
2025-08-09,豊洲,ピオーネ,山梨,相対,0.4,11317.0,25492.0,,594.0,,,1485,
2025-08-09,豊洲,ピオーネ,山梨,第三者販売,0.4,13900.0,25492.0,594.0,,540.0,1485,,1350
2025-08-09,豊洲,ピオーネ,岡山,相対,5.0,11317.0,25492.0,15120.0,9720.0,8640.0,3024,1944,1728
2025-08-09,豊洲,ピオーネ,岡山,第三者販売,5.0,13900.0,25492.0,9180.0,,8640.0,1836,,1728
2025-08-09,豊洲,巨峰,山梨,商物分離,5.0,275.0,25492.0,,7560.0,,,1512,
2025-08-09,豊洲,巨峰,山梨,相対,5.0,11317.0,25492.0,8640.0,8100.0,540.0,1728,1620,108
2025-08-09,豊洲,巨峰,山梨,第三者販売,5.0,13900.0,25492.0,8424.0,8100.0,7560.0,1685,1620,1512
2025-08-09,豊洲,巨峰,長野,相対,0.35,11317.0,25492.0,648.0,,378.0,1851,,1080
2025-08-09,豊洲,巨峰,長野,第三者販売,0.35,13900.0,25492.0,756.0,,680.0,2160,,1943
2025-08-11,世田谷,シャインマスカット,山梨,相対,5.0,500.0,500.0,12960.0,,,2592,,
2025-08-11,世田谷,巨峰,山梨,相対,5.0,500.0,500.0,,5940.0,,,1188,
2025-08-11,北足立,シャインマスカット,山梨,相対,5.0,18000.0,18000.0,,17280.0,,,3456,
2025-08-11,北足立,デラウェア,山形,相対,2.0,18000.0,18000.0,1944.0,1512.0,1080.0,972,756,540
2025-08-11,北足立,デラウェア,山梨,相対,2.0,18000.0,18000.0,,1944.0,,,972,
2025-08-11,北足立,巨峰,山梨,相対,5.0,18000.0,18000.0,8100.0,,,1620,,
2025-08-11,多摩NT,シャインマスカット,山梨,相対,5.0,1147.0,1147.0,17280.0,,,3456,,
2025-08-11,多摩NT,シャインマスカット,長野,相対,5.0,1147.0,1147.0,17280.0,,,3456,,
2025-08-11,多摩NT,デラウェア,山形,相対,2.0,1147.0,1147.0,1944.0,1512.0,1080.0,972,756,540
2025-08-11,多摩NT,デラウェア,山梨,相対,2.0,1147.0,1147.0,2160.0,,,1080,,
2025-08-11,多摩NT,巨峰,各地,相対,0.35,1147.0,1147.0,486.0,432.0,,1389,1234,
2025-08-11,多摩NT,巨峰,山梨,相対,5.0,1147.0,1147.0,8640.0,8100.0,,1728,1620,
2025-08-11,多摩NT,巨峰,長野,相対,0.35,1147.0,1147.0,648.0,,,1851,,
2025-08-11,大田,シャインマスカット,各地,商物分離,5.0,600.0,133188.0,16200.0,,,3240,,
2025-08-11,大田,シャインマスカット,各地,相対,5.0,131967.0,133188.0,21600.0,14040.0,7560.0,4320,2808,1512
2025-08-11,大田,シャインマスカット,山梨,相対,5.0,131967.0,133188.0,17280.0,,6480.0,3456,,1296
2025-08-11,大田,シャインマスカット,長野,相対,5.0,131967.0,133188.0,19440.0,17280.0,15120.0,3888,3456,3024
2025-08-11,大田,デラウェア,山形,相対,2.0,131967.0,133188.0,1944.0,1620.0,540.0,972,810,270
2025-08-11,大田,デラウェア,山梨,相対,2.0,131967.0,133188.0,2160.0,2160.0,1296.0,1080,1080,648
2025-08-11,大田,ピオーネ,各地,相対,5.0,131967.0,133188.0,9180.0,,4104.0,1836,,821
2025-08-11,大田,ピオーネ,山梨,相対,0.4,131967.0,133188.0,648.0,,378.0,1620,,945
2025-08-11,大田,ピオーネ,岡山,相対,5.0,131967.0,133188.0,9720.0,8640.0,7020.0,1944,1728,1404
2025-08-11,大田,ピオーネ,岡山,第三者販売,5.0,179.0,133188.0,8640.0,,,1728,,
2025-08-11,大田,巨峰,各地,相対,0.35,131967.0,133188.0,648.0,540.0,,1851,1543,
2025-08-11,大田,巨峰,山梨,商物分離,5.0,600.0,133188.0,8100.0,,,1620,,
2025-08-11,大田,巨峰,山梨,相対,5.0,131967.0,133188.0,8640.0,7884.0,6480.0,1728,1577,1296
2025-08-11,大田,巨峰,長野,相対,0.35,131967.0,133188.0,756.0,648.0,594.0,2160,1851,1697
2025-08-11,板橋,シャインマスカット,山梨,相対,5.0,2500.0,2500.0,12960.0,,11880.0,2592,,2376
2025-08-11,板橋,デラウェア,山形,相対,2.0,2500.0,2500.0,,1620.0,,,810,
2025-08-11,板橋,巨峰,山梨,相対,5.0,2500.0,2500.0,7560.0,7020.0,6480.0,1512,1404,1296
2025-08-11,淀橋,シャインマスカット,山梨,相対,5.0,26867.0,26867.0,19440.0,,,3888,,
2025-08-11,淀橋,シャインマスカット,長野,相対,5.0,26867.0,26867.0,19440.0,,16200.0,3888,,3240
2025-08-11,淀橋,デラウェア,山形,相対,2.0,26867.0,26867.0,2160.0,1944.0,1836.0,1080,972,918
2025-08-11,淀橋,デラウェア,山梨,相対,2.0,26867.0,26867.0,1944.0,,,972,,
2025-08-11,淀橋,ピオーネ,山梨,相対,5.0,26867.0,26867.0,12960.0,,,2592,,
2025-08-11,淀橋,巨峰,山梨,相対,5.0,26867.0,26867.0,8640.0,,,1728,,
2025-08-11,淀橋,巨峰,長野,相対,0.35,26867.0,26867.0,756.0,,,2160,,
2025-08-11,葛西,シャインマスカット,各地,相対,5.0,6700.0,6700.0,,19440.0,,,3888,
2025-08-11,葛西,デラウェア,山形,相対,2.0,6700.0,6700.0,2160.0,1944.0,1728.0,1080,972,864
2025-08-11,葛西,巨峰,各地,相対,0.35,6700.0,6700.0,,648.0,,,1851,
2025-08-11,豊島,ピオーネ,山梨,相対,0.4,900.0,900.0,540.0,,,1350,,
2025-08-11,豊洲,シャインマスカット,各地,相対,5.0,24957.0,39134.0,24840.0,16200.0,12960.0,4968,3240,2592
2025-08-11,豊洲,シャインマスカット,各地,第三者販売,5.0,12940.0,39134.0,19440.0,16200.0,14040.0,3888,3240,2808
2025-08-11,豊洲,シャインマスカット,山梨,相対,5.0,24957.0,39134.0,16200.0,14580.0,12960.0,3240,2916,2592
2025-08-11,豊洲,シャインマスカット,山梨,第三者販売,5.0,12940.0,39134.0,16200.0,14040.0,11880.0,3240,2808,2376
2025-08-11,豊洲,シャインマスカット,長野,相対,5.0,24957.0,39134.0,17280.0,16200.0,15660.0,3456,3240,3132
2025-08-11,豊洲,シャインマスカット,長野,第三者販売,5.0,12940.0,39134.0,,16200.0,,,3240,
2025-08-11,豊洲,デラウェア,山形,相対,2.0,24957.0,39134.0,1080.0,,756.0,540,,378
2025-08-11,豊洲,デラウェア,山形,第三者販売,2.0,12940.0,39134.0,2160.0,1944.0,1728.0,1080,972,864
2025-08-11,豊洲,デラウェア,山梨,相対,2.0,24957.0,39134.0,1836.0,,1296.0,918,,648
2025-08-11,豊洲,ピオーネ,山梨,相対,0.4,24957.0,39134.0,346.0,,324.0,865,,810
2025-08-11,豊洲,ピオーネ,山梨,第三者販売,0.4,12940.0,39134.0,,432.0,,,1080,
2025-08-11,豊洲,ピオーネ,岡山,相対,5.0,24957.0,39134.0,9720.0,,8640.0,1944,,1728
2025-08-11,豊洲,ピオーネ,岡山,第三者販売,5.0,12940.0,39134.0,,8640.0,,,1728,
2025-08-11,豊洲,巨峰,山梨,商物分離,5.0,1237.0,39134.0,8100.0,,7560.0,1620,,1512
2025-08-11,豊洲,巨峰,山梨,相対,5.0,24957.0,39134.0,8424.0,8100.0,5940.0,1685,1620,1188
2025-08-11,豊洲,巨峰,山梨,第三者販売,5.0,12940.0,39134.0,8640.0,8100.0,7020.0,1728,1620,1404
2025-08-11,豊洲,巨峰,長野,相対,0.35,24957.0,39134.0,702.0,648.0,378.0,2006,1851,1080
2025-08-12,世田谷,シャインマスカット,山梨,相対,5.0,1000.0,1000.0,12960.0,,,2592,,
2025-08-12,世田谷,巨峰,山梨,相対,5.0,1000.0,1000.0,6480.0,,,1296,,
2025-08-12,北足立,シャインマスカット,山梨,相対,5.0,8900.0,8900.0,,17280.0,,,3456,
2025-08-12,北足立,デラウェア,山形,相対,2.0,8900.0,8900.0,1944.0,1512.0,1080.0,972,756,540
2025-08-12,北足立,デラウェア,山梨,相対,2.0,8900.0,8900.0,,1944.0,,,972,
2025-08-12,北足立,ピオーネ,山梨,相対,5.0,8900.0,8900.0,,8100.0,,,1620,
2025-08-12,北足立,巨峰,山梨,相対,5.0,8900.0,8900.0,7560.0,,,1512,,
2025-08-12,多摩NT,シャインマスカット,山梨,相対,5.0,2292.0,2292.0,17280.0,,,3456,,
2025-08-12,多摩NT,シャインマスカット,長野,相対,5.0,2292.0,2292.0,17280.0,,,3456,,
2025-08-12,多摩NT,デラウェア,山形,相対,2.0,2292.0,2292.0,1944.0,1512.0,1080.0,972,756,540
2025-08-12,多摩NT,デラウェア,山梨,相対,2.0,2292.0,2292.0,2160.0,,,1080,,
2025-08-12,多摩NT,ピオーネ,山梨,相対,0.4,2292.0,2292.0,486.0,432.0,,1215,1080,
2025-08-12,多摩NT,巨峰,各地,相対,0.35,2292.0,2292.0,486.0,432.0,,1389,1234,
2025-08-12,多摩NT,巨峰,山梨,相対,5.0,2292.0,2292.0,8640.0,8100.0,,1728,1620,
2025-08-12,多摩NT,巨峰,長野,相対,0.35,2292.0,2292.0,648.0,,,1851,,
2025-08-12,大田,シャインマスカット,各地,商物分離,5.0,603.0,103545.0,16200.0,,,3240,,
2025-08-12,大田,シャインマスカット,各地,相対,5.0,100926.0,103545.0,24840.0,14040.0,7560.0,4968,2808,1512
2025-08-12,大田,シャインマスカット,各地,第三者販売,5.0,576.0,103545.0,12960.0,,,2592,,
2025-08-12,大田,シャインマスカット,山梨,せり・入札,5.0,1440.0,103545.0,12960.0,11880.0,8640.0,2592,2376,1728
2025-08-12,大田,シャインマスカット,山梨,相対,5.0,100926.0,103545.0,17280.0,,9180.0,3456,,1836
2025-08-12,大田,シャインマスカット,長野,相対,5.0,100926.0,103545.0,19440.0,16200.0,15660.0,3888,3240,3132
2025-08-12,大田,デラウェア,山形,相対,2.0,100926.0,103545.0,2160.0,1512.0,432.0,1080,756,216
2025-08-12,大田,デラウェア,山梨,せり・入札,2.0,1440.0,103545.0,1944.0,,,972,,
2025-08-12,大田,デラウェア,山梨,相対,2.0,100926.0,103545.0,2160.0,2160.0,1296.0,1080,1080,648
2025-08-12,大田,ピオーネ,各地,相対,5.0,100926.0,103545.0,9180.0,3240.0,,1836,648,
2025-08-12,大田,ピオーネ,山梨,相対,0.4,100926.0,103545.0,594.0,,486.0,1485,,1215
2025-08-12,大田,ピオーネ,岡山,相対,5.0,100926.0,103545.0,10800.0,8640.0,7020.0,2160,1728,1404
2025-08-12,大田,巨峰,各地,せり・入札,0.35,1440.0,103545.0,270.0,,248.0,771,,709
2025-08-12,大田,巨峰,各地,相対,0.35,100926.0,103545.0,540.0,432.0,378.0,1543,1234,1080
2025-08-12,大田,巨峰,山梨,せり・入札,5.0,1440.0,103545.0,8100.0,8100.0,2160.0,1620,1620,432
2025-08-12,大田,巨峰,山梨,商物分離,5.0,603.0,103545.0,8100.0,,,1620,,
2025-08-12,大田,巨峰,山梨,相対,5.0,100926.0,103545.0,8640.0,7668.0,1620.0,1728,1534,324
2025-08-12,大田,巨峰,山梨,第三者販売,5.0,576.0,103545.0,3780.0,,,756,,
2025-08-12,大田,巨峰,長野,相対,0.35,100926.0,103545.0,756.0,648.0,594.0,2160,1851,1697
2025-08-12,板橋,シャインマスカット,山梨,相対,5.0,2200.0,2200.0,12960.0,11880.0,10800.0,2592,2376,2160
2025-08-12,板橋,デラウェア,山形,相対,2.0,2200.0,2200.0,,1620.0,,,810,
2025-08-12,板橋,巨峰,山梨,相対,5.0,2200.0,2200.0,7020.0,,6480.0,1404,,1296
2025-08-12,淀橋,シャインマスカット,山梨,相対,5.0,15398.0,15398.0,18360.0,,,3672,,
2025-08-12,淀橋,シャインマスカット,長野,相対,5.0,15398.0,15398.0,19440.0,,16200.0,3888,,3240
2025-08-12,淀橋,デラウェア,山形,相対,2.0,15398.0,15398.0,2160.0,1944.0,1836.0,1080,972,918
2025-08-12,淀橋,ピオーネ,山梨,相対,5.0,15398.0,15398.0,9720.0,,,1944,,
2025-08-12,淀橋,巨峰,山梨,相対,5.0,15398.0,15398.0,8640.0,,,1728,,
2025-08-12,淀橋,巨峰,長野,相対,0.35,15398.0,15398.0,756.0,,,2160,,
2025-08-12,葛西,シャインマスカット,各地,相対,5.0,10600.0,10600.0,,19440.0,,,3888,
2025-08-12,葛西,デラウェア,山形,相対,2.0,10600.0,10600.0,2160.0,1944.0,1404.0,1080,972,702
2025-08-12,葛西,ピオーネ,各地,相対,5.0,10600.0,10600.0,,9180.0,,,1836,
2025-08-12,葛西,ピオーネ,山梨,相対,0.4,10600.0,10600.0,,540.0,,,1350,
2025-08-12,葛西,巨峰,各地,相対,0.35,10600.0,10600.0,,648.0,,,1851,
2025-08-12,豊島,ピオーネ,山梨,相対,0.4,900.0,900.0,432.0,,,1080,,
2025-08-12,豊島,巨峰,長野,相対,0.35,900.0,900.0,594.0,,324.0,1697,,926
2025-08-12,豊洲,シャインマスカット,各地,相対,5.0,17256.0,25364.0,24840.0,16200.0,14040.0,4968,3240,2808
2025-08-12,豊洲,シャインマスカット,各地,第三者販売,5.0,7068.0,25364.0,16200.0,14040.0,12960.0,3240,2808,2592
2025-08-12,豊洲,シャインマスカット,山梨,相対,5.0,17256.0,25364.0,15120.0,14580.0,12960.0,3024,2916,2592
2025-08-12,豊洲,シャインマスカット,山梨,第三者販売,5.0,7068.0,25364.0,14040.0,12960.0,11880.0,2808,2592,2376
2025-08-12,豊洲,シャインマスカット,長野,相対,5.0,17256.0,25364.0,17280.0,16200.0,15120.0,3456,3240,3024
2025-08-12,豊洲,シャインマスカット,長野,第三者販売,5.0,7068.0,25364.0,17280.0,,16200.0,3456,,3240
2025-08-12,豊洲,デラウェア,山形,相対,2.0,17256.0,25364.0,2160.0,648.0,432.0,1080,324,216
2025-08-12,豊洲,デラウェア,山形,第三者販売,2.0,7068.0,25364.0,1728.0,756.0,432.0,864,378,216
2025-08-12,豊洲,デラウェア,山梨,相対,2.0,17256.0,25364.0,2160.0,,1080.0,1080,,540
2025-08-12,豊洲,デラウェア,山梨,第三者販売,2.0,7068.0,25364.0,,2376.0,,,1188,
2025-08-12,豊洲,ピオーネ,各地,相対,5.0,17256.0,25364.0,,4860.0,,,972,
2025-08-12,豊洲,ピオーネ,山梨,相対,0.4,17256.0,25364.0,518.0,486.0,432.0,1295,1215,1080
2025-08-12,豊洲,ピオーネ,岡山,相対,5.0,17256.0,25364.0,9720.0,,8640.0,1944,,1728
2025-08-12,豊洲,ピオーネ,岡山,第三者販売,5.0,7068.0,25364.0,,9720.0,,,1944,
2025-08-12,豊洲,巨峰,山梨,商物分離,5.0,1040.0,25364.0,8424.0,,7560.0,1685,,1512
2025-08-12,豊洲,巨峰,山梨,相対,5.0,17256.0,25364.0,8640.0,8100.0,7560.0,1728,1620,1512
2025-08-12,豊洲,巨峰,山梨,第三者販売,5.0,7068.0,25364.0,8640.0,8100.0,7560.0,1728,1620,1512
2025-08-12,豊洲,巨峰,長野,相対,0.35,17256.0,25364.0,810.0,648.0,540.0,2314,1851,1543
2025-08-16,世田谷,巨峰,山梨,相対,5.0,500.0,500.0,6480.0,,,1296,,
2025-08-16,北足立,シャインマスカット,山梨,相対,5.0,7600.0,7600.0,,17280.0,,,3456,
2025-08-16,北足立,デラウェア,山形,相対,2.0,7600.0,7600.0,1944.0,1512.0,1080.0,972,756,540
2025-08-16,北足立,デラウェア,山梨,相対,2.0,7600.0,7600.0,,1944.0,,,972,
2025-08-16,北足立,ピオーネ,山梨,相対,5.0,7600.0,7600.0,,8100.0,,,1620,
2025-08-16,北足立,巨峰,山梨,相対,5.0,7600.0,7600.0,7560.0,,,1512,,
2025-08-16,多摩NT,シャインマスカット,山梨,相対,5.0,1172.0,1172.0,17280.0,,,3456,,
2025-08-16,多摩NT,シャインマスカット,長野,相対,5.0,1172.0,1172.0,17280.0,,,3456,,
2025-08-16,多摩NT,デラウェア,山形,相対,2.0,1172.0,1172.0,1944.0,1512.0,1080.0,972,756,540
2025-08-16,多摩NT,デラウェア,山梨,相対,2.0,1172.0,1172.0,2160.0,,,1080,,
2025-08-16,多摩NT,ピオーネ,山梨,相対,0.4,1172.0,1172.0,486.0,432.0,,1215,1080,
2025-08-16,多摩NT,巨峰,各地,相対,0.35,1172.0,1172.0,486.0,432.0,,1389,1234,
2025-08-16,多摩NT,巨峰,山梨,相対,5.0,1172.0,1172.0,8640.0,8100.0,,1728,1620,
2025-08-16,多摩NT,巨峰,長野,相対,0.35,1172.0,1172.0,648.0,,,1851,,
2025-08-16,大田,シャインマスカット,各地,商物分離,5.0,588.0,96856.0,16200.0,,,3240,,
2025-08-16,大田,シャインマスカット,各地,相対,5.0,95262.0,96856.0,21600.0,12960.0,7560.0,4320,2592,1512
2025-08-16,大田,シャインマスカット,各地,第三者販売,5.0,58.0,96856.0,18360.0,,,3672,,
2025-08-16,大田,シャインマスカット,山梨,せり・入札,5.0,948.0,96856.0,11880.0,6480.0,,2376,1296,
2025-08-16,大田,シャインマスカット,山梨,商物分離,5.0,588.0,96856.0,11880.0,,,2376,,
2025-08-16,大田,シャインマスカット,山梨,相対,5.0,95262.0,96856.0,14040.0,10800.0,8640.0,2808,2160,1728
2025-08-16,大田,シャインマスカット,長野,相対,5.0,95262.0,96856.0,16200.0,15120.0,14040.0,3240,3024,2808
2025-08-16,大田,デラウェア,山形,相対,2.0,95262.0,96856.0,1728.0,1512.0,1296.0,864,756,648
2025-08-16,大田,デラウェア,山梨,相対,2.0,95262.0,96856.0,1728.0,1728.0,,864,864,
2025-08-16,大田,ピオーネ,各地,せり・入札,5.0,948.0,96856.0,4104.0,3780.0,3240.0,821,756,648
2025-08-16,大田,ピオーネ,各地,相対,5.0,95262.0,96856.0,7560.0,7560.0,3240.0,1512,1512,648
2025-08-16,大田,ピオーネ,山梨,相対,0.4,95262.0,96856.0,540.0,,432.0,1350,,1080
2025-08-16,大田,ピオーネ,岡山,相対,5.0,95262.0,96856.0,9720.0,,8640.0,1944,,1728
2025-08-16,大田,巨峰,各地,相対,0.35,95262.0,96856.0,454.0,432.0,410.0,1297,1234,1171
2025-08-16,大田,巨峰,山梨,せり・入札,5.0,948.0,96856.0,4320.0,3780.0,,864,756,
2025-08-16,大田,巨峰,山梨,相対,5.0,95262.0,96856.0,8100.0,6696.0,4320.0,1620,1339,864
2025-08-16,大田,巨峰,長野,相対,0.35,95262.0,96856.0,756.0,756.0,,2160,2160,
2025-08-16,板橋,シャインマスカット,山梨,相対,5.0,1900.0,1900.0,11880.0,,10800.0,2376,,2160
2025-08-16,板橋,ピオーネ,山梨,相対,5.0,1900.0,1900.0,5940.0,,,1188,,
2025-08-16,板橋,巨峰,山梨,相対,5.0,1900.0,1900.0,6480.0,,,1296,,
2025-08-16,板橋,巨峰,長野,相対,0.35,1900.0,1900.0,464.0,,,1326,,
2025-08-16,淀橋,シャインマスカット,山梨,相対,5.0,20982.0,20982.0,16200.0,,,3240,,
2025-08-16,淀橋,シャインマスカット,長野,相対,5.0,20982.0,20982.0,19440.0,,16200.0,3888,,3240
2025-08-16,淀橋,デラウェア,山形,相対,2.0,20982.0,20982.0,2160.0,1944.0,1836.0,1080,972,918
2025-08-16,淀橋,デラウェア,山梨,相対,2.0,20982.0,20982.0,1728.0,,,864,,
2025-08-16,淀橋,ピオーネ,山梨,相対,5.0,20982.0,20982.0,8640.0,,,1728,,
2025-08-16,淀橋,巨峰,山梨,相対,5.0,20982.0,20982.0,8100.0,,,1620,,
2025-08-16,淀橋,巨峰,長野,相対,0.35,20982.0,20982.0,756.0,,,2160,,
2025-08-16,葛西,シャインマスカット,各地,相対,5.0,5000.0,5000.0,,19440.0,,,3888,
2025-08-16,葛西,デラウェア,山形,相対,2.0,5000.0,5000.0,2160.0,1944.0,1404.0,1080,972,702
2025-08-16,葛西,ピオーネ,各地,相対,5.0,5000.0,5000.0,,9180.0,,,1836,
2025-08-16,葛西,ピオーネ,山梨,相対,0.4,5000.0,5000.0,,540.0,,,1350,
2025-08-16,葛西,巨峰,各地,相対,0.35,5000.0,5000.0,,648.0,,,1851,
2025-08-16,豊島,シャインマスカット,山梨,相対,5.0,1000.0,1000.0,10800.0,,,2160,,
2025-08-16,豊島,ピオーネ,山梨,相対,0.4,1000.0,1000.0,378.0,,,945,,
2025-08-16,豊洲,シャインマスカット,各地,相対,5.0,19539.0,23730.0,12960.0,11880.0,10800.0,2592,2376,2160
2025-08-16,豊洲,シャインマスカット,各地,第三者販売,5.0,3941.0,23730.0,15120.0,14040.0,12960.0,3024,2808,2592
2025-08-16,豊洲,シャインマスカット,山梨,相対,5.0,19539.0,23730.0,13500.0,12960.0,10800.0,2700,2592,2160
2025-08-16,豊洲,シャインマスカット,山梨,第三者販売,5.0,3941.0,23730.0,12960.0,10800.0,9720.0,2592,2160,1944
2025-08-16,豊洲,シャインマスカット,長野,相対,5.0,19539.0,23730.0,16200.0,15120.0,14040.0,3240,3024,2808
2025-08-16,豊洲,シャインマスカット,長野,第三者販売,5.0,3941.0,23730.0,17280.0,,16200.0,3456,,3240
2025-08-16,豊洲,デラウェア,山形,相対,2.0,19539.0,23730.0,2160.0,1944.0,864.0,1080,972,432
2025-08-16,豊洲,デラウェア,山梨,第三者販売,2.0,3941.0,23730.0,,1620.0,,,810,
2025-08-16,豊洲,ピオーネ,山梨,相対,0.4,19539.0,23730.0,540.0,486.0,367.0,1350,1215,918
2025-08-16,豊洲,ピオーネ,岡山,相対,5.0,19539.0,23730.0,,8640.0,,,1728,
2025-08-16,豊洲,巨峰,山梨,商物分離,5.0,500.0,23730.0,7020.0,,6480.0,1404,,1296
2025-08-16,豊洲,巨峰,山梨,相対,5.0,19539.0,23730.0,7560.0,7020.0,5616.0,1512,1404,1123
2025-08-16,豊洲,巨峰,山梨,第三者販売,5.0,3941.0,23730.0,7560.0,,6480.0,1512,,1296
2025-08-16,豊洲,巨峰,長野,相対,0.35,19539.0,23730.0,702.0,540.0,486.0,2006,1543,1389
2025-08-18,世田谷,シャインマスカット,山梨,相対,5.0,1100.0,1100.0,12960.0,,,2592,,
2025-08-18,世田谷,巨峰,山梨,相対,5.0,1100.0,1100.0,6480.0,,,1296,,
2025-08-18,北足立,デラウェア,山形,相対,2.0,11800.0,11800.0,1728.0,1296.0,756.0,864,648,378
2025-08-18,多摩NT,デラウェア,山形,相対,2.0,464.0,464.0,,2160.0,,,1080,
2025-08-18,多摩NT,ピオーネ,山梨,相対,0.4,464.0,464.0,,486.0,,,1215,
2025-08-18,多摩NT,巨峰,各地,相対,0.35,464.0,464.0,,486.0,464.0,,1389,1326
2025-08-18,大田,シャインマスカット,各地,商物分離,5.0,305.0,98843.0,12960.0,,,2592,,
2025-08-18,大田,シャインマスカット,各地,相対,5.0,96958.0,98843.0,21600.0,12960.0,7560.0,4320,2592,1512
2025-08-18,大田,シャインマスカット,各地,第三者販売,5.0,124.0,98843.0,12960.0,10800.0,8640.0,2592,2160,1728
2025-08-18,大田,シャインマスカット,山梨,せり・入札,5.0,1456.0,98843.0,9720.0,,8640.0,1944,,1728
2025-08-18,大田,シャインマスカット,山梨,商物分離,5.0,305.0,98843.0,11880.0,,,2376,,
2025-08-18,大田,シャインマスカット,山梨,相対,5.0,96958.0,98843.0,12960.0,10800.0,6480.0,2592,2160,1296
2025-08-18,大田,シャインマスカット,長野,相対,5.0,96958.0,98843.0,16200.0,14040.0,12960.0,3240,2808,2592
2025-08-18,大田,デラウェア,山形,相対,2.0,96958.0,98843.0,1728.0,1512.0,1080.0,864,756,540
2025-08-18,大田,デラウェア,山梨,相対,2.0,96958.0,98843.0,1944.0,,1512.0,972,,756
2025-08-18,大田,ピオーネ,各地,せり・入札,5.0,1456.0,98843.0,5400.0,,4320.0,1080,,864
2025-08-18,大田,ピオーネ,各地,相対,5.0,96958.0,98843.0,7560.0,7560.0,3780.0,1512,1512,756
2025-08-18,大田,ピオーネ,山梨,せり・入札,0.4,1456.0,98843.0,378.0,,,945,,
2025-08-18,大田,ピオーネ,山梨,相対,0.4,96958.0,98843.0,486.0,,378.0,1215,,945
2025-08-18,大田,ピオーネ,岡山,相対,5.0,96958.0,98843.0,10800.0,7560.0,6480.0,2160,1512,1296
2025-08-18,大田,巨峰,各地,相対,0.35,96958.0,98843.0,454.0,432.0,410.0,1297,1234,1171
2025-08-18,大田,巨峰,山梨,せり・入札,5.0,1456.0,98843.0,5076.0,,,1015,,
2025-08-18,大田,巨峰,山梨,相対,5.0,96958.0,98843.0,7560.0,6912.0,5400.0,1512,1382,1080
2025-08-18,大田,巨峰,長野,相対,0.35,96958.0,98843.0,702.0,648.0,594.0,2006,1851,1697
2025-08-18,板橋,シャインマスカット,山梨,相対,5.0,3590.0,3600.0,10800.0,9720.0,8640.0,2160,1944,1728
2025-08-18,板橋,デラウェア,山梨,相対,2.0,3590.0,3600.0,,1620.0,,,810,
2025-08-18,板橋,巨峰,山梨,相対,5.0,3590.0,3600.0,6480.0,,4320.0,1296,,864
2025-08-18,板橋,巨峰,山梨,第三者販売,5.0,10.0,3600.0,6480.0,,,1296,,
2025-08-18,板橋,巨峰,長野,相対,0.35,3590.0,3600.0,,324.0,,,926,
2025-08-18,淀橋,シャインマスカット,山梨,相対,5.0,18726.0,18726.0,12960.0,,,2592,,
2025-08-18,淀橋,シャインマスカット,長野,相対,5.0,18726.0,18726.0,17280.0,,16200.0,3456,,3240
2025-08-18,淀橋,デラウェア,山形,相対,2.0,18726.0,18726.0,2160.0,1944.0,1836.0,1080,972,918
2025-08-18,淀橋,デラウェア,山梨,相対,2.0,18726.0,18726.0,1728.0,,,864,,
2025-08-18,淀橋,ピオーネ,山梨,相対,5.0,18726.0,18726.0,8640.0,,,1728,,
2025-08-18,淀橋,巨峰,山梨,相対,5.0,18726.0,18726.0,7560.0,,,1512,,
2025-08-18,淀橋,巨峰,長野,相対,0.35,18726.0,18726.0,756.0,,,2160,,
2025-08-18,葛西,シャインマスカット,各地,相対,5.0,6100.0,6100.0,,19440.0,,,3888,
2025-08-18,葛西,デラウェア,各地,相対,2.0,6100.0,6100.0,2160.0,1944.0,1404.0,1080,972,702
2025-08-18,葛西,ピオーネ,各地,相対,5.0,6100.0,6100.0,,9180.0,,,1836,
2025-08-18,葛西,ピオーネ,山梨,相対,0.4,6100.0,6100.0,,540.0,,,1350,
2025-08-18,葛西,巨峰,各地,相対,0.35,6100.0,6100.0,,648.0,,,1851,
2025-08-18,豊島,シャインマスカット,山梨,相対,5.0,1700.0,1700.0,10800.0,,,2160,,
2025-08-18,豊島,デラウェア,山形,相対,0.3,1700.0,1700.0,313.0,270.0,216.0,1043,900,720
2025-08-18,豊島,ピオーネ,山梨,相対,0.4,1700.0,1700.0,432.0,,378.0,1080,,945
2025-08-18,豊洲,シャインマスカット,各地,相対,5.0,21266.0,28209.0,14040.0,11880.0,10800.0,2808,2376,2160
2025-08-18,豊洲,シャインマスカット,各地,第三者販売,5.0,6783.0,28209.0,16200.0,11880.0,10800.0,3240,2376,2160
2025-08-18,豊洲,シャインマスカット,山梨,商物分離,5.0,160.0,28209.0,10800.0,,9720.0,2160,,1944
2025-08-18,豊洲,シャインマスカット,山梨,相対,5.0,21266.0,28209.0,11016.0,10800.0,8640.0,2203,2160,1728
2025-08-18,豊洲,シャインマスカット,山梨,第三者販売,5.0,6783.0,28209.0,11880.0,10800.0,9720.0,2376,2160,1944
2025-08-18,豊洲,シャインマスカット,長野,相対,5.0,21266.0,28209.0,16740.0,,14040.0,3348,,2808
2025-08-18,豊洲,シャインマスカット,長野,第三者販売,5.0,6783.0,28209.0,,14040.0,,,2808,
2025-08-18,豊洲,デラウェア,山形,相対,2.0,21266.0,28209.0,1620.0,756.0,540.0,810,378,270
2025-08-18,豊洲,デラウェア,山形,第三者販売,2.0,6783.0,28209.0,1620.0,1512.0,1404.0,810,756,702
2025-08-18,豊洲,デラウェア,山梨,相対,2.0,21266.0,28209.0,,1620.0,,,810,
2025-08-18,豊洲,デラウェア,山梨,第三者販売,2.0,6783.0,28209.0,,1620.0,,,810,
2025-08-18,豊洲,ピオーネ,山梨,相対,0.4,21266.0,28209.0,486.0,,464.0,1215,,1160
2025-08-18,豊洲,ピオーネ,山梨,第三者販売,0.4,6783.0,28209.0,540.0,,432.0,1350,,1080
2025-08-18,豊洲,ピオーネ,岡山,相対,5.0,21266.0,28209.0,7560.0,,5940.0,1512,,1188
2025-08-18,豊洲,巨峰,山梨,相対,5.0,21266.0,28209.0,9720.0,7560.0,7020.0,1944,1512,1404
2025-08-18,豊洲,巨峰,山梨,第三者販売,5.0,6783.0,28209.0,7020.0,,6480.0,1404,,1296
2025-08-18,豊洲,巨峰,長野,相対,0.35,21266.0,28209.0,680.0,594.0,540.0,1943,1697,1543
2025-08-19,世田谷,シャインマスカット,各地,相対,5.0,900.0,900.0,15120.0,,,3024,,
2025-08-19,世田谷,シャインマスカット,山梨,相対,5.0,900.0,900.0,,10800.0,,,2160,
2025-08-19,世田谷,巨峰,山梨,相対,5.0,900.0,900.0,6480.0,,,1296,,
2025-08-19,北足立,デラウェア,山形,相対,2.0,12000.0,12000.0,1728.0,1296.0,756.0,864,648,378
2025-08-19,北足立,巨峰,山梨,相対,5.0,12000.0,12000.0,8100.0,,,1620,,
2025-08-19,多摩NT,デラウェア,山形,相対,2.0,968.0,968.0,,2160.0,,,1080,
2025-08-19,多摩NT,ピオーネ,山梨,相対,0.4,968.0,968.0,,486.0,,,1215,
2025-08-19,多摩NT,巨峰,各地,相対,0.35,968.0,968.0,,486.0,464.0,,1389,1326
2025-08-19,大田,シャインマスカット,各地,商物分離,5.0,900.0,95914.0,12960.0,,,2592,,
2025-08-19,大田,シャインマスカット,各地,相対,5.0,93650.0,95914.0,21600.0,11880.0,6480.0,4320,2376,1296
2025-08-19,大田,シャインマスカット,各地,第三者販売,5.0,126.0,95914.0,10800.0,,,2160,,
2025-08-19,大田,シャインマスカット,山梨,せり・入札,5.0,1238.0,95914.0,9720.0,7560.0,,1944,1512,
2025-08-19,大田,シャインマスカット,山梨,商物分離,5.0,900.0,95914.0,11880.0,,,2376,,
2025-08-19,大田,シャインマスカット,山梨,相対,5.0,93650.0,95914.0,12960.0,10800.0,6480.0,2592,2160,1296
2025-08-19,大田,シャインマスカット,長野,相対,5.0,93650.0,95914.0,16200.0,14040.0,12960.0,3240,2808,2592
2025-08-19,大田,デラウェア,山形,相対,2.0,93650.0,95914.0,1728.0,1404.0,486.0,864,702,243
2025-08-19,大田,デラウェア,山梨,相対,2.0,93650.0,95914.0,1944.0,,1512.0,972,,756
2025-08-19,大田,ピオーネ,各地,せり・入札,5.0,1238.0,95914.0,5400.0,,4320.0,1080,,864
2025-08-19,大田,ピオーネ,各地,相対,5.0,93650.0,95914.0,7560.0,7560.0,,1512,1512,
2025-08-19,大田,ピオーネ,山梨,相対,0.4,93650.0,95914.0,486.0,,378.0,1215,,945
2025-08-19,大田,ピオーネ,岡山,相対,5.0,93650.0,95914.0,9720.0,6480.0,5400.0,1944,1296,1080
2025-08-19,大田,巨峰,各地,相対,0.35,93650.0,95914.0,454.0,432.0,410.0,1297,1234,1171
2025-08-19,大田,巨峰,山梨,せり・入札,5.0,1238.0,95914.0,5400.0,4320.0,3240.0,1080,864,648
2025-08-19,大田,巨峰,山梨,商物分離,5.0,900.0,95914.0,8100.0,,,1620,,
2025-08-19,大田,巨峰,山梨,相対,5.0,93650.0,95914.0,7560.0,6696.0,5400.0,1512,1339,1080
2025-08-19,大田,巨峰,長野,相対,0.35,93650.0,95914.0,702.0,648.0,594.0,2006,1851,1697
2025-08-19,板橋,シャインマスカット,山梨,相対,5.0,5790.0,5800.0,10800.0,9720.0,8640.0,2160,1944,1728
2025-08-19,板橋,デラウェア,山形,相対,2.0,5790.0,5800.0,,1620.0,,,810,
2025-08-19,板橋,デラウェア,山梨,相対,2.0,5790.0,5800.0,1080.0,,,540,,
2025-08-19,板橋,巨峰,山梨,相対,5.0,5790.0,5800.0,5940.0,4860.0,4320.0,1188,972,864
2025-08-19,板橋,巨峰,山梨,第三者販売,5.0,10.0,5800.0,5400.0,,,1080,,
2025-08-19,淀橋,シャインマスカット,山梨,相対,5.0,18403.0,18403.0,12960.0,,,2592,,
2025-08-19,淀橋,シャインマスカット,長野,相対,5.0,18403.0,18403.0,17280.0,,16200.0,3456,,3240
2025-08-19,淀橋,デラウェア,山形,相対,2.0,18403.0,18403.0,2160.0,1944.0,1836.0,1080,972,918
2025-08-19,淀橋,デラウェア,山梨,相対,2.0,18403.0,18403.0,1728.0,,,864,,
2025-08-19,淀橋,ピオーネ,山梨,相対,5.0,18403.0,18403.0,8640.0,,,1728,,
2025-08-19,淀橋,巨峰,山梨,相対,5.0,18403.0,18403.0,7560.0,,,1512,,
2025-08-19,淀橋,巨峰,長野,相対,0.35,18403.0,18403.0,756.0,,,2160,,
2025-08-19,葛西,シャインマスカット,各地,相対,5.0,5000.0,5000.0,,19440.0,,,3888,
2025-08-19,葛西,デラウェア,山形,相対,2.0,5000.0,5000.0,1728.0,1620.0,1404.0,864,810,702
2025-08-19,葛西,ピオーネ,各地,相対,5.0,5000.0,5000.0,,9180.0,,,1836,
2025-08-19,葛西,ピオーネ,山梨,相対,0.4,5000.0,5000.0,,540.0,,,1350,
2025-08-19,葛西,巨峰,各地,相対,0.35,5000.0,5000.0,,648.0,,,1851,
2025-08-19,豊島,シャインマスカット,山梨,相対,5.0,1600.0,1600.0,10800.0,,,2160,,
2025-08-19,豊洲,シャインマスカット,各地,相対,5.0,16639.0,27329.0,14040.0,11880.0,10800.0,2808,2376,2160
2025-08-19,豊洲,シャインマスカット,各地,第三者販売,5.0,10090.0,27329.0,11880.0,,10800.0,2376,,2160
2025-08-19,豊洲,シャインマスカット,山梨,商物分離,5.0,850.0,27329.0,10800.0,10800.0,7560.0,2160,2160,1512
2025-08-19,豊洲,シャインマスカット,山梨,相対,5.0,16639.0,27329.0,11880.0,10800.0,9720.0,2376,2160,1944
2025-08-19,豊洲,シャインマスカット,山梨,第三者販売,5.0,10090.0,27329.0,10800.0,10800.0,9720.0,2160,2160,1944
2025-08-19,豊洲,シャインマスカット,長野,相対,5.0,16639.0,27329.0,16200.0,14040.0,12960.0,3240,2808,2592
2025-08-19,豊洲,シャインマスカット,長野,第三者販売,5.0,10090.0,27329.0,15120.0,,14040.0,3024,,2808
2025-08-19,豊洲,デラウェア,山形,相対,2.0,16639.0,27329.0,864.0,648.0,540.0,432,324,270
2025-08-19,豊洲,デラウェア,山形,第三者販売,2.0,10090.0,27329.0,1620.0,1512.0,1404.0,810,756,702
2025-08-19,豊洲,デラウェア,山梨,第三者販売,2.0,10090.0,27329.0,1620.0,,1296.0,810,,648
2025-08-19,豊洲,ピオーネ,山梨,第三者販売,0.4,10090.0,27329.0,540.0,,432.0,1350,,1080
2025-08-19,豊洲,ピオーネ,岡山,相対,5.0,16639.0,27329.0,7560.0,,5940.0,1512,,1188
2025-08-19,豊洲,巨峰,各地,第三者販売,0.35,10090.0,27329.0,,486.0,,,1389,
2025-08-19,豊洲,巨峰,山梨,相対,5.0,16639.0,27329.0,7560.0,7020.0,6480.0,1512,1404,1296
2025-08-19,豊洲,巨峰,山梨,第三者販売,5.0,10090.0,27329.0,7560.0,7020.0,6480.0,1512,1404,1296
2025-08-19,豊洲,巨峰,長野,相対,0.35,16639.0,27329.0,702.0,572.0,378.0,2006,1634,1080
2025-08-21,世田谷,デラウェア,山形,相対,2.0,1100.0,1100.0,2160.0,,,1080,,
2025-08-21,世田谷,巨峰,山梨,相対,5.0,1100.0,1100.0,5400.0,,,1080,,
2025-08-21,北足立,シャインマスカット,山梨,相対,5.0,12500.0,12500.0,9720.0,,,1944,,
2025-08-21,北足立,デラウェア,山形,相対,2.0,12500.0,12500.0,1728.0,1296.0,756.0,864,648,378
2025-08-21,北足立,巨峰,山梨,相対,5.0,12500.0,12500.0,7560.0,,,1512,,
2025-08-21,多摩NT,デラウェア,山形,相対,2.0,546.0,546.0,,2160.0,,,1080,
2025-08-21,多摩NT,ピオーネ,山梨,相対,0.4,546.0,546.0,,486.0,,,1215,
2025-08-21,多摩NT,巨峰,各地,相対,0.35,546.0,546.0,,486.0,464.0,,1389,1326
2025-08-21,大田,シャインマスカット,各地,商物分離,5.0,242.0,109802.0,12960.0,,,2592,,
2025-08-21,大田,シャインマスカット,各地,相対,5.0,107745.0,109802.0,21600.0,11880.0,7560.0,4320,2376,1512
2025-08-21,大田,シャインマスカット,各地,第三者販売,5.0,90.0,109802.0,10800.0,,9720.0,2160,,1944
2025-08-21,大田,シャインマスカット,山梨,せり・入札,5.0,1725.0,109802.0,9180.0,,8640.0,1836,,1728
2025-08-21,大田,シャインマスカット,山梨,商物分離,5.0,242.0,109802.0,10800.0,,,2160,,
2025-08-21,大田,シャインマスカット,山梨,相対,5.0,107745.0,109802.0,14040.0,9720.0,6480.0,2808,1944,1296
2025-08-21,大田,シャインマスカット,長野,せり・入札,5.0,1725.0,109802.0,15120.0,,,3024,,
2025-08-21,大田,シャインマスカット,長野,相対,5.0,107745.0,109802.0,16200.0,12960.0,5400.0,3240,2592,1080
2025-08-21,大田,デラウェア,山形,相対,2.0,107745.0,109802.0,1728.0,1296.0,486.0,864,648,243
2025-08-21,大田,デラウェア,山梨,相対,2.0,107745.0,109802.0,2160.0,,1296.0,1080,,648
2025-08-21,大田,ピオーネ,各地,せり・入札,5.0,1725.0,109802.0,4968.0,4860.0,4320.0,994,972,864
2025-08-21,大田,ピオーネ,各地,相対,5.0,107745.0,109802.0,15120.0,15120.0,4320.0,3024,3024,864
2025-08-21,大田,ピオーネ,山梨,相対,0.4,107745.0,109802.0,486.0,,324.0,1215,,810
2025-08-21,大田,ピオーネ,岡山,相対,5.0,107745.0,109802.0,8640.0,6480.0,5400.0,1728,1296,1080
2025-08-21,大田,巨峰,各地,せり・入札,0.35,1725.0,109802.0,356.0,,,1017,,
2025-08-21,大田,巨峰,各地,相対,0.35,107745.0,109802.0,454.0,432.0,378.0,1297,1234,1080
2025-08-21,大田,巨峰,山梨,せり・入札,5.0,1725.0,109802.0,4104.0,3780.0,,821,756,
2025-08-21,大田,巨峰,山梨,相対,5.0,107745.0,109802.0,7560.0,6804.0,4320.0,1512,1361,864
2025-08-21,大田,巨峰,長野,相対,0.35,107745.0,109802.0,702.0,648.0,594.0,2006,1851,1697
2025-08-21,板橋,シャインマスカット,山梨,相対,5.0,4000.0,4000.0,9720.0,8640.0,7020.0,1944,1728,1404
2025-08-21,板橋,デラウェア,山形,相対,2.0,4000.0,4000.0,,1620.0,,,810,
2025-08-21,板橋,巨峰,山梨,相対,5.0,4000.0,4000.0,5940.0,,5400.0,1188,,1080
2025-08-21,淀橋,シャインマスカット,山梨,相対,5.0,22912.0,22912.0,12960.0,,,2592,,
2025-08-21,淀橋,シャインマスカット,長野,相対,5.0,22912.0,22912.0,17280.0,,16200.0,3456,,3240
2025-08-21,淀橋,デラウェア,山形,相対,2.0,22912.0,22912.0,2160.0,1944.0,1836.0,1080,972,918
2025-08-21,淀橋,デラウェア,山梨,相対,2.0,22912.0,22912.0,1728.0,,,864,,
2025-08-21,淀橋,ピオーネ,山梨,相対,5.0,22912.0,22912.0,8640.0,,,1728,,
2025-08-21,淀橋,巨峰,山梨,相対,5.0,22912.0,22912.0,7560.0,,,1512,,
2025-08-21,淀橋,巨峰,長野,相対,0.35,22912.0,22912.0,756.0,,,2160,,
2025-08-21,葛西,シャインマスカット,各地,相対,5.0,6000.0,6000.0,,19440.0,,,3888,
2025-08-21,葛西,デラウェア,各地,相対,2.0,6000.0,6000.0,1728.0,1620.0,1404.0,864,810,702
2025-08-21,葛西,ピオーネ,各地,相対,5.0,6000.0,6000.0,,8640.0,,,1728,
2025-08-21,葛西,ピオーネ,山梨,相対,0.4,6000.0,6000.0,,540.0,,,1350,
2025-08-21,葛西,巨峰,各地,相対,0.35,6000.0,6000.0,,648.0,,,1851,
2025-08-21,豊島,シャインマスカット,山梨,相対,5.0,2700.0,2700.0,10800.0,,10260.0,2160,,2052
2025-08-21,豊島,シャインマスカット,長野,相対,5.0,2700.0,2700.0,15120.0,14040.0,12960.0,3024,2808,2592
2025-08-21,豊島,ピオーネ,各地,相対,5.0,2700.0,2700.0,7020.0,,,1404,,
2025-08-21,豊島,ピオーネ,山梨,相対,0.4,2700.0,2700.0,378.0,,,945,,
2025-08-21,豊島,巨峰,山梨,相対,5.0,2700.0,2700.0,7560.0,,,1512,,
2025-08-21,豊洲,シャインマスカット,各地,相対,5.0,19996.0,29008.0,19440.0,12960.0,10800.0,3888,2592,2160
2025-08-21,豊洲,シャインマスカット,各地,第三者販売,5.0,8562.0,29008.0,10800.0,,9720.0,2160,,1944
2025-08-21,豊洲,シャインマスカット,山梨,商物分離,5.0,525.0,29008.0,10800.0,10800.0,9720.0,2160,2160,1944
2025-08-21,豊洲,シャインマスカット,山梨,相対,5.0,19996.0,29008.0,11880.0,10800.0,7560.0,2376,2160,1512
2025-08-21,豊洲,シャインマスカット,山梨,第三者販売,5.0,8562.0,29008.0,11880.0,10800.0,8640.0,2376,2160,1728
2025-08-21,豊洲,シャインマスカット,長野,相対,5.0,19996.0,29008.0,13500.0,12960.0,10800.0,2700,2592,2160
2025-08-21,豊洲,シャインマスカット,長野,第三者販売,5.0,8562.0,29008.0,,12960.0,,,2592,
2025-08-21,豊洲,デラウェア,山形,相対,2.0,19996.0,29008.0,864.0,,756.0,432,,378
2025-08-21,豊洲,デラウェア,山形,第三者販売,2.0,8562.0,29008.0,1620.0,1512.0,1404.0,810,756,702
2025-08-21,豊洲,ピオーネ,山梨,相対,0.4,19996.0,29008.0,540.0,,464.0,1350,,1160
2025-08-21,豊洲,ピオーネ,山梨,第三者販売,0.4,8562.0,29008.0,,378.0,,,945,
2025-08-21,豊洲,巨峰,各地,第三者販売,0.35,8562.0,29008.0,,432.0,,,1234,
2025-08-21,豊洲,巨峰,山梨,相対,5.0,19996.0,29008.0,7560.0,,7020.0,1512,,1404
2025-08-21,豊洲,巨峰,山梨,第三者販売,5.0,8562.0,29008.0,7560.0,7020.0,6480.0,1512,1404,1296
2025-08-21,豊洲,巨峰,長野,相対,0.35,19996.0,29008.0,648.0,518.0,486.0,1851,1480,1389
2025-08-22,世田谷,シャインマスカット,各地,相対,5.0,900.0,900.0,14040.0,,,2808,,
2025-08-22,世田谷,シャインマスカット,山梨,相対,5.0,900.0,900.0,10800.0,,,2160,,
2025-08-22,北足立,シャインマスカット,各地,相対,5.0,11700.0,11700.0,8640.0,7560.0,6480.0,1728,1512,1296
2025-08-22,北足立,シャインマスカット,山梨,相対,5.0,11700.0,11700.0,,9720.0,,,1944,
2025-08-22,北足立,デラウェア,山形,相対,2.0,11700.0,11700.0,1728.0,1296.0,756.0,864,648,378
2025-08-22,北足立,巨峰,山梨,相対,5.0,11700.0,11700.0,6480.0,,,1296,,
2025-08-22,多摩NT,デラウェア,山形,相対,2.0,1572.0,1572.0,,2160.0,,,1080,
2025-08-22,多摩NT,ピオーネ,山梨,相対,0.4,1572.0,1572.0,,486.0,,,1215,
2025-08-22,多摩NT,巨峰,各地,相対,0.35,1572.0,1572.0,,486.0,464.0,,1389,1326
2025-08-22,大田,シャインマスカット,各地,商物分離,5.0,200.0,98245.0,12960.0,,,2592,,
2025-08-22,大田,シャインマスカット,各地,相対,5.0,95956.0,98245.0,19440.0,11880.0,7560.0,3888,2376,1512
2025-08-22,大田,シャインマスカット,各地,第三者販売,5.0,100.0,98245.0,10800.0,9720.0,7560.0,2160,1944,1512
2025-08-22,大田,シャインマスカット,山梨,せり・入札,5.0,1989.0,98245.0,9180.0,8640.0,7560.0,1836,1728,1512
2025-08-22,大田,シャインマスカット,山梨,商物分離,5.0,200.0,98245.0,10800.0,,,2160,,
2025-08-22,大田,シャインマスカット,山梨,相対,5.0,95956.0,98245.0,14040.0,9720.0,5400.0,2808,1944,1080
2025-08-22,大田,シャインマスカット,長野,せり・入札,5.0,1989.0,98245.0,15120.0,,,3024,,
2025-08-22,大田,シャインマスカット,長野,相対,5.0,95956.0,98245.0,15120.0,12960.0,10800.0,3024,2592,2160
2025-08-22,大田,デラウェア,山形,相対,2.0,95956.0,98245.0,1728.0,1296.0,486.0,864,648,243
2025-08-22,大田,デラウェア,山梨,相対,2.0,95956.0,98245.0,1620.0,,1296.0,810,,648
2025-08-22,大田,ピオーネ,各地,せり・入札,5.0,1989.0,98245.0,4860.0,4320.0,,972,864,
2025-08-22,大田,ピオーネ,各地,相対,5.0,95956.0,98245.0,15120.0,15120.0,2700.0,3024,3024,540
2025-08-22,大田,ピオーネ,山梨,せり・入札,0.4,1989.0,98245.0,378.0,,,945,,
2025-08-22,大田,ピオーネ,山梨,相対,0.4,95956.0,98245.0,486.0,,324.0,1215,,810
2025-08-22,大田,ピオーネ,岡山,相対,5.0,95956.0,98245.0,10800.0,6480.0,3780.0,2160,1296,756
2025-08-22,大田,巨峰,各地,相対,0.35,95956.0,98245.0,432.0,302.0,194.0,1234,863,554
2025-08-22,大田,巨峰,山梨,せり・入札,5.0,1989.0,98245.0,7560.0,7560.0,,1512,1512,
2025-08-22,大田,巨峰,山梨,相対,5.0,95956.0,98245.0,7560.0,6588.0,4320.0,1512,1318,864
2025-08-22,大田,巨峰,長野,相対,0.35,95956.0,98245.0,702.0,648.0,594.0,2006,1851,1697
2025-08-22,板橋,シャインマスカット,山梨,相対,5.0,3880.0,3900.0,9720.0,8640.0,7020.0,1944,1728,1404
2025-08-22,板橋,シャインマスカット,山梨,第三者販売,5.0,20.0,3900.0,9720.0,,,1944,,
2025-08-22,板橋,デラウェア,山形,相対,2.0,3880.0,3900.0,,1620.0,,,810,
2025-08-22,板橋,巨峰,山梨,相対,5.0,3880.0,3900.0,7020.0,5400.0,4860.0,1404,1080,972
2025-08-22,板橋,巨峰,山梨,第三者販売,5.0,20.0,3900.0,4860.0,,4320.0,972,,864
2025-08-22,淀橋,シャインマスカット,山梨,相対,5.0,20470.0,20470.0,12960.0,,,2592,,
2025-08-22,淀橋,シャインマスカット,長野,相対,5.0,20470.0,20470.0,17280.0,,16200.0,3456,,3240
2025-08-22,淀橋,デラウェア,山形,相対,2.0,20470.0,20470.0,2160.0,1944.0,1836.0,1080,972,918
2025-08-22,淀橋,デラウェア,山梨,相対,2.0,20470.0,20470.0,1728.0,,,864,,
2025-08-22,淀橋,ピオーネ,山梨,相対,5.0,20470.0,20470.0,8640.0,,,1728,,
2025-08-22,淀橋,巨峰,山梨,相対,5.0,20470.0,20470.0,7560.0,,,1512,,
2025-08-22,淀橋,巨峰,長野,相対,0.35,20470.0,20470.0,756.0,,,2160,,
2025-08-22,葛西,シャインマスカット,各地,相対,5.0,4600.0,4600.0,,19440.0,,,3888,
2025-08-22,葛西,デラウェア,各地,相対,2.0,4600.0,4600.0,1728.0,1620.0,1404.0,864,810,702
2025-08-22,葛西,ピオーネ,各地,相対,5.0,4600.0,4600.0,,9180.0,,,1836,
2025-08-22,葛西,ピオーネ,山梨,相対,0.4,4600.0,4600.0,,540.0,,,1350,
2025-08-22,葛西,巨峰,各地,相対,0.35,4600.0,4600.0,,648.0,,,1851,
2025-08-22,豊島,シャインマスカット,山梨,相対,5.0,2300.0,2300.0,9720.0,,,1944,,
2025-08-22,豊島,シャインマスカット,長野,相対,5.0,2300.0,2300.0,14040.0,,12960.0,2808,,2592
2025-08-22,豊島,ピオーネ,各地,相対,5.0,2300.0,2300.0,7020.0,,,1404,,
2025-08-22,豊島,巨峰,山梨,相対,5.0,2300.0,2300.0,7020.0,,6480.0,1404,,1296
2025-08-22,豊洲,シャインマスカット,各地,相対,5.0,17928.0,28712.0,19440.0,12960.0,10800.0,3888,2592,2160
2025-08-22,豊洲,シャインマスカット,各地,第三者販売,5.0,10784.0,28712.0,12960.0,10800.0,9180.0,2592,2160,1836
2025-08-22,豊洲,シャインマスカット,山梨,相対,5.0,17928.0,28712.0,10800.0,9720.0,8640.0,2160,1944,1728
2025-08-22,豊洲,シャインマスカット,山梨,第三者販売,5.0,10784.0,28712.0,10800.0,,9720.0,2160,,1944
2025-08-22,豊洲,シャインマスカット,長野,相対,5.0,17928.0,28712.0,14580.0,12960.0,10800.0,2916,2592,2160
2025-08-22,豊洲,シャインマスカット,長野,第三者販売,5.0,10784.0,28712.0,,12960.0,,,2592,
2025-08-22,豊洲,デラウェア,山形,第三者販売,2.0,10784.0,28712.0,1512.0,756.0,540.0,756,378,270
2025-08-22,豊洲,ピオーネ,山梨,相対,0.4,17928.0,28712.0,410.0,,378.0,1025,,945
2025-08-22,豊洲,ピオーネ,山梨,第三者販売,0.4,10784.0,28712.0,,540.0,,,1350,
2025-08-22,豊洲,ピオーネ,岡山,相対,5.0,17928.0,28712.0,,5400.0,,,1080,
2025-08-22,豊洲,ピオーネ,岡山,第三者販売,5.0,10784.0,28712.0,,7560.0,,,1512,
2025-08-22,豊洲,巨峰,各地,第三者販売,0.35,10784.0,28712.0,,378.0,,,1080,
2025-08-22,豊洲,巨峰,山梨,相対,5.0,17928.0,28712.0,7560.0,7020.0,6480.0,1512,1404,1296
2025-08-22,豊洲,巨峰,山梨,第三者販売,5.0,10784.0,28712.0,7560.0,,7020.0,1512,,1404
2025-08-22,豊洲,巨峰,長野,相対,0.35,17928.0,28712.0,605.0,,518.0,1729,,1480
2025-08-23,世田谷,シャインマスカット,山梨,相対,5.0,1300.0,1300.0,10800.0,,,2160,,
2025-08-23,北足立,シャインマスカット,山梨,相対,5.0,14400.0,14400.0,,9720.0,,,1944,
2025-08-23,北足立,デラウェア,山形,相対,2.0,14400.0,14400.0,1728.0,1296.0,756.0,864,648,378
2025-08-23,北足立,巨峰,山梨,相対,5.0,14400.0,14400.0,7020.0,,,1404,,
2025-08-23,多摩NT,デラウェア,山形,相対,2.0,3207.0,3207.0,,2160.0,,,1080,
2025-08-23,多摩NT,ピオーネ,山梨,相対,0.4,3207.0,3207.0,,486.0,,,1215,
2025-08-23,多摩NT,巨峰,各地,相対,0.35,3207.0,3207.0,,486.0,464.0,,1389,1326
2025-08-23,大田,シャインマスカット,各地,商物分離,5.0,54.0,97983.0,12960.0,,,2592,,
2025-08-23,大田,シャインマスカット,各地,相対,5.0,96130.0,97983.0,21600.0,11880.0,7560.0,4320,2376,1512
2025-08-23,大田,シャインマスカット,各地,第三者販売,5.0,253.0,97983.0,12960.0,10800.0,9720.0,2592,2160,1944
2025-08-23,大田,シャインマスカット,山梨,せり・入札,5.0,1546.0,97983.0,9720.0,8100.0,7020.0,1944,1620,1404
2025-08-23,大田,シャインマスカット,山梨,相対,5.0,96130.0,97983.0,14040.0,9720.0,5400.0,2808,1944,1080
2025-08-23,大田,シャインマスカット,長野,相対,5.0,96130.0,97983.0,16200.0,11880.0,10800.0,3240,2376,2160
2025-08-23,大田,デラウェア,山形,相対,2.0,96130.0,97983.0,1728.0,1404.0,756.0,864,702,378
2025-08-23,大田,デラウェア,山梨,相対,2.0,96130.0,97983.0,1620.0,,1296.0,810,,648
2025-08-23,大田,ピオーネ,各地,せり・入札,5.0,1546.0,97983.0,4860.0,4320.0,3780.0,972,864,756
2025-08-23,大田,ピオーネ,各地,相対,5.0,96130.0,97983.0,14040.0,14040.0,,2808,2808,
2025-08-23,大田,ピオーネ,山梨,相対,0.4,96130.0,97983.0,486.0,,270.0,1215,,675
2025-08-23,大田,ピオーネ,岡山,相対,5.0,96130.0,97983.0,9720.0,6480.0,3780.0,1944,1296,756
2025-08-23,大田,巨峰,各地,せり・入札,0.35,1546.0,97983.0,410.0,378.0,,1171,1080,
2025-08-23,大田,巨峰,各地,相対,0.35,96130.0,97983.0,454.0,432.0,378.0,1297,1234,1080
2025-08-23,大田,巨峰,山梨,せり・入札,5.0,1546.0,97983.0,4860.0,3780.0,3240.0,972,756,648
2025-08-23,大田,巨峰,山梨,相対,5.0,96130.0,97983.0,7560.0,6696.0,5400.0,1512,1339,1080
2025-08-23,大田,巨峰,長野,相対,0.35,96130.0,97983.0,648.0,,540.0,1851,,1543
2025-08-23,板橋,シャインマスカット,山梨,相対,5.0,3990.0,4000.0,9720.0,9180.0,7020.0,1944,1836,1404
2025-08-23,板橋,デラウェア,山形,相対,2.0,3990.0,4000.0,,1620.0,,,810,
2025-08-23,板橋,ピオーネ,山梨,相対,5.0,3990.0,4000.0,4320.0,,3240.0,864,,648
2025-08-23,板橋,巨峰,山梨,相対,5.0,3990.0,4000.0,5400.0,3780.0,3240.0,1080,756,648
2025-08-23,板橋,巨峰,山梨,第三者販売,5.0,10.0,4000.0,4860.0,,,972,,
2025-08-23,淀橋,シャインマスカット,山梨,相対,5.0,17456.0,17456.0,12960.0,,,2592,,
2025-08-23,淀橋,シャインマスカット,長野,相対,5.0,17456.0,17456.0,17280.0,,16200.0,3456,,3240
2025-08-23,淀橋,デラウェア,山形,相対,2.0,17456.0,17456.0,2160.0,1944.0,1836.0,1080,972,918
2025-08-23,淀橋,デラウェア,山梨,相対,2.0,17456.0,17456.0,1728.0,,,864,,
2025-08-23,淀橋,ピオーネ,山梨,相対,5.0,17456.0,17456.0,8640.0,,,1728,,
2025-08-23,淀橋,巨峰,山梨,相対,5.0,17456.0,17456.0,7560.0,,,1512,,
2025-08-23,淀橋,巨峰,長野,相対,0.35,17456.0,17456.0,756.0,,,2160,,
2025-08-23,葛西,シャインマスカット,各地,相対,5.0,5800.0,5800.0,,19440.0,,,3888,
2025-08-23,葛西,デラウェア,山梨,相対,2.0,5800.0,5800.0,1728.0,1620.0,1404.0,864,810,702
2025-08-23,葛西,ピオーネ,各地,相対,5.0,5800.0,5800.0,,9180.0,,,1836,
2025-08-23,葛西,ピオーネ,山梨,相対,0.4,5800.0,5800.0,,540.0,,,1350,
2025-08-23,葛西,巨峰,各地,相対,0.35,5800.0,5800.0,,648.0,,,1851,
2025-08-23,豊島,シャインマスカット,山梨,相対,5.0,2200.0,2200.0,10800.0,10260.0,9720.0,2160,2052,1944
2025-08-23,豊島,シャインマスカット,長野,相対,5.0,2200.0,2200.0,14040.0,,12960.0,2808,,2592
2025-08-23,豊島,デラウェア,山形,相対,0.33,2200.0,2200.0,302.0,248.0,184.0,915,752,558
2025-08-23,豊島,巨峰,山梨,相対,5.0,2200.0,2200.0,7020.0,,6480.0,1404,,1296
2025-08-23,豊洲,シャインマスカット,各地,相対,5.0,20672.0,27582.0,12960.0,10800.0,8640.0,2592,2160,1728
2025-08-23,豊洲,シャインマスカット,各地,第三者販売,5.0,6370.0,27582.0,12960.0,10800.0,9720.0,2592,2160,1944
2025-08-23,豊洲,シャインマスカット,山梨,商物分離,5.0,715.0,27582.0,10800.0,10260.0,7560.0,2160,2052,1512
2025-08-23,豊洲,シャインマスカット,山梨,相対,5.0,20672.0,27582.0,9720.0,8640.0,6480.0,1944,1728,1296
2025-08-23,豊洲,シャインマスカット,山梨,第三者販売,5.0,6370.0,27582.0,10800.0,,9720.0,2160,,1944
2025-08-23,豊洲,シャインマスカット,長野,相対,5.0,20672.0,27582.0,16200.0,12960.0,10800.0,3240,2592,2160
2025-08-23,豊洲,シャインマスカット,長野,第三者販売,5.0,6370.0,27582.0,,12960.0,,,2592,
2025-08-23,豊洲,デラウェア,山形,相対,2.0,20672.0,27582.0,,1512.0,,,756,
2025-08-23,豊洲,デラウェア,山形,第三者販売,2.0,6370.0,27582.0,1620.0,,1512.0,810,,756
2025-08-23,豊洲,ピオーネ,山梨,相対,0.4,20672.0,27582.0,464.0,432.0,410.0,1160,1080,1025
2025-08-23,豊洲,ピオーネ,山梨,第三者販売,0.4,6370.0,27582.0,,540.0,,,1350,
2025-08-23,豊洲,ピオーネ,岡山,第三者販売,5.0,6370.0,27582.0,7560.0,,5400.0,1512,,1080
2025-08-23,豊洲,巨峰,各地,相対,0.35,20672.0,27582.0,,378.0,,,1080,
2025-08-23,豊洲,巨峰,山梨,相対,5.0,20672.0,27582.0,7560.0,7020.0,6480.0,1512,1404,1296
2025-08-23,豊洲,巨峰,山梨,第三者販売,5.0,6370.0,27582.0,6480.0,,5940.0,1296,,1188
2025-08-23,豊洲,巨峰,長野,相対,0.35,20672.0,27582.0,605.0,518.0,486.0,1729,1480,1389
2025-08-25,世田谷,シャインマスカット,山梨,相対,5.0,700.0,700.0,10800.0,,,2160,,
2025-08-25,世田谷,巨峰,各地,相対,0.35,700.0,700.0,486.0,,,1389,,
2025-08-25,世田谷,巨峰,山梨,相対,5.0,700.0,700.0,6480.0,,,1296,,
2025-08-25,北足立,シャインマスカット,各地,相対,5.0,13600.0,13600.0,8640.0,7560.0,6480.0,1728,1512,1296
2025-08-25,北足立,シャインマスカット,山梨,相対,5.0,13600.0,13600.0,,9720.0,,,1944,
2025-08-25,北足立,デラウェア,山形,相対,2.0,13600.0,13600.0,1728.0,1296.0,756.0,864,648,378
2025-08-25,北足立,巨峰,山梨,相対,5.0,13600.0,13600.0,7020.0,,,1404,,
2025-08-25,多摩NT,シャインマスカット,山梨,相対,5.0,2170.0,2170.0,8640.0,7560.0,,1728,1512,
2025-08-25,多摩NT,シャインマスカット,長野,相対,5.0,2170.0,2170.0,12960.0,,,2592,,
2025-08-25,多摩NT,デラウェア,山形,相対,2.0,2170.0,2170.0,1620.0,1404.0,1080.0,810,702,540
2025-08-25,多摩NT,デラウェア,山梨,相対,2.0,2170.0,2170.0,1944.0,,,972,,
2025-08-25,多摩NT,ピオーネ,山梨,相対,0.4,2170.0,2170.0,518.0,486.0,,1295,1215,
2025-08-25,多摩NT,巨峰,山梨,相対,5.0,2170.0,2170.0,5400.0,4320.0,3240.0,1080,864,648
2025-08-25,多摩NT,巨峰,長野,相対,0.35,2170.0,2170.0,648.0,,,1851,,
2025-08-25,大田,シャインマスカット,各地,商物分離,5.0,740.0,111985.0,12960.0,,,2592,,
2025-08-25,大田,シャインマスカット,各地,相対,5.0,108466.0,111985.0,16200.0,10800.0,7560.0,3240,2160,1512
2025-08-25,大田,シャインマスカット,各地,第三者販売,5.0,145.0,111985.0,10800.0,9720.0,8640.0,2160,1944,1728
2025-08-25,大田,シャインマスカット,山梨,せり・入札,5.0,2634.0,111985.0,7020.0,,6480.0,1404,,1296
2025-08-25,大田,シャインマスカット,山梨,商物分離,5.0,740.0,111985.0,10800.0,10487.0,10260.0,2160,2097,2052
2025-08-25,大田,シャインマスカット,山梨,相対,5.0,108466.0,111985.0,14040.0,8640.0,4860.0,2808,1728,972
2025-08-25,大田,シャインマスカット,長野,相対,5.0,108466.0,111985.0,14040.0,12960.0,8640.0,2808,2592,1728
2025-08-25,大田,デラウェア,山形,相対,2.0,108466.0,111985.0,1728.0,1404.0,756.0,864,702,378
2025-08-25,大田,デラウェア,山梨,相対,2.0,108466.0,111985.0,1620.0,,1296.0,810,,648
2025-08-25,大田,ピオーネ,各地,せり・入札,5.0,2634.0,111985.0,4320.0,,4104.0,864,,821
2025-08-25,大田,ピオーネ,各地,相対,5.0,108466.0,111985.0,7560.0,7560.0,4320.0,1512,1512,864
2025-08-25,大田,ピオーネ,山梨,相対,0.4,108466.0,111985.0,508.0,,324.0,1270,,810
2025-08-25,大田,ピオーネ,岡山,相対,5.0,108466.0,111985.0,9720.0,6480.0,4320.0,1944,1296,864
2025-08-25,大田,巨峰,各地,せり・入札,0.35,2634.0,111985.0,302.0,,,863,,
2025-08-25,大田,巨峰,各地,相対,0.35,108466.0,111985.0,454.0,432.0,216.0,1297,1234,617
2025-08-25,大田,巨峰,山梨,せり・入札,5.0,2634.0,111985.0,3888.0,3780.0,3240.0,778,756,648
2025-08-25,大田,巨峰,山梨,相対,5.0,108466.0,111985.0,7560.0,6912.0,4320.0,1512,1382,864
2025-08-25,大田,巨峰,長野,相対,0.35,108466.0,111985.0,594.0,486.0,,1697,1389,
2025-08-25,板橋,シャインマスカット,山梨,相対,5.0,3890.0,3900.0,9720.0,8640.0,7020.0,1944,1728,1404
2025-08-25,板橋,デラウェア,山形,相対,2.0,3890.0,3900.0,,1620.0,,,810,
2025-08-25,板橋,巨峰,山梨,相対,5.0,3890.0,3900.0,5400.0,,4860.0,1080,,972
2025-08-25,板橋,巨峰,山梨,第三者販売,5.0,10.0,3900.0,4860.0,,,972,,
2025-08-25,淀橋,シャインマスカット,山梨,相対,5.0,24944.0,24944.0,12960.0,,,2592,,
2025-08-25,淀橋,シャインマスカット,長野,相対,5.0,24944.0,24944.0,17280.0,,16200.0,3456,,3240
2025-08-25,淀橋,デラウェア,山形,相対,2.0,24944.0,24944.0,2160.0,1944.0,1836.0,1080,972,918
2025-08-25,淀橋,ピオーネ,山梨,相対,5.0,24944.0,24944.0,8640.0,,,1728,,
2025-08-25,淀橋,巨峰,山梨,相対,5.0,24944.0,24944.0,7560.0,,,1512,,
2025-08-25,淀橋,巨峰,長野,相対,0.35,24944.0,24944.0,756.0,,,2160,,
2025-08-25,葛西,シャインマスカット,各地,相対,5.0,4900.0,4900.0,,9180.0,,,1836,
2025-08-25,葛西,デラウェア,山形,相対,2.0,4900.0,4900.0,1728.0,1620.0,1404.0,864,810,702
2025-08-25,葛西,ピオーネ,山梨,相対,0.4,4900.0,4900.0,,378.0,,,945,
2025-08-25,葛西,ピオーネ,岡山,相対,5.0,4900.0,4900.0,,7560.0,,,1512,
2025-08-25,葛西,巨峰,山梨,相対,5.0,4900.0,4900.0,,4860.0,,,972,
2025-08-25,葛西,巨峰,長野,相対,0.35,4900.0,4900.0,,345.0,,,986,
2025-08-25,豊島,シャインマスカット,山梨,相対,5.0,3000.0,3000.0,10800.0,10260.0,9720.0,2160,2052,1944
2025-08-25,豊島,シャインマスカット,長野,相対,5.0,3000.0,3000.0,11880.0,,,2376,,
2025-08-25,豊島,デラウェア,山形,相対,0.33,3000.0,3000.0,346.0,248.0,184.0,1048,752,558
2025-08-25,豊島,ピオーネ,山梨,相対,5.0,3000.0,3000.0,6480.0,,,1296,,
2025-08-25,豊島,巨峰,各地,相対,0.35,3000.0,3000.0,594.0,,,1697,,
2025-08-25,豊島,巨峰,山梨,相対,5.0,3000.0,3000.0,7020.0,6804.0,4104.0,1404,1361,821
2025-08-25,豊洲,シャインマスカット,各地,相対,5.0,17310.0,25912.0,11880.0,9720.0,7560.0,2376,1944,1512
2025-08-25,豊洲,シャインマスカット,各地,第三者販売,5.0,7892.0,25912.0,11880.0,,8640.0,2376,,1728
2025-08-25,豊洲,シャインマスカット,山梨,商物分離,5.0,710.0,25912.0,14040.0,10260.0,9720.0,2808,2052,1944
2025-08-25,豊洲,シャインマスカット,山梨,相対,5.0,17310.0,25912.0,9720.0,9180.0,8640.0,1944,1836,1728
2025-08-25,豊洲,シャインマスカット,山梨,第三者販売,5.0,7892.0,25912.0,9180.0,,7560.0,1836,,1512
2025-08-25,豊洲,シャインマスカット,長野,相対,5.0,17310.0,25912.0,16200.0,11880.0,9720.0,3240,2376,1944
2025-08-25,豊洲,シャインマスカット,長野,第三者販売,5.0,7892.0,25912.0,,11880.0,,,2376,
2025-08-25,豊洲,デラウェア,山形,相対,2.0,17310.0,25912.0,864.0,,756.0,432,,378
2025-08-25,豊洲,デラウェア,山形,第三者販売,2.0,7892.0,25912.0,1620.0,,1512.0,810,,756
2025-08-25,豊洲,ピオーネ,山梨,相対,0.4,17310.0,25912.0,540.0,410.0,378.0,1350,1025,945
2025-08-25,豊洲,ピオーネ,山梨,第三者販売,0.4,7892.0,25912.0,,540.0,,,1350,
2025-08-25,豊洲,巨峰,各地,第三者販売,0.35,7892.0,25912.0,,378.0,,,1080,
2025-08-25,豊洲,巨峰,山梨,相対,5.0,17310.0,25912.0,6696.0,6480.0,5940.0,1339,1296,1188
2025-08-25,豊洲,巨峰,山梨,第三者販売,5.0,7892.0,25912.0,6696.0,6480.0,5940.0,1339,1296,1188
2025-08-25,豊洲,巨峰,長野,相対,0.35,17310.0,25912.0,648.0,572.0,486.0,1851,1634,1389
2025-08-26,世田谷,シャインマスカット,山梨,相対,5.0,2200.0,2200.0,,6480.0,,,1296,
2025-08-26,世田谷,巨峰,山梨,相対,5.0,2200.0,2200.0,,5400.0,,,1080,
2025-08-26,北足立,シャインマスカット,各地,相対,5.0,15000.0,15000.0,8640.0,7560.0,6480.0,1728,1512,1296
2025-08-26,北足立,シャインマスカット,山梨,相対,5.0,15000.0,15000.0,,8640.0,,,1728,
2025-08-26,北足立,デラウェア,山形,相対,2.0,15000.0,15000.0,1728.0,1296.0,756.0,864,648,378
2025-08-26,北足立,ピオーネ,山梨,相対,5.0,15000.0,15000.0,,6480.0,,,1296,
2025-08-26,北足立,巨峰,山梨,相対,5.0,15000.0,15000.0,6480.0,,,1296,,
2025-08-26,多摩NT,シャインマスカット,山梨,相対,5.0,1779.0,1779.0,8640.0,7560.0,,1728,1512,
2025-08-26,多摩NT,シャインマスカット,長野,相対,5.0,1779.0,1779.0,12960.0,,,2592,,
2025-08-26,多摩NT,デラウェア,山形,相対,2.0,1779.0,1779.0,1620.0,1404.0,1080.0,810,702,540
2025-08-26,多摩NT,デラウェア,山梨,相対,2.0,1779.0,1779.0,1944.0,,,972,,
2025-08-26,多摩NT,ピオーネ,山梨,相対,0.4,1779.0,1779.0,518.0,486.0,,1295,1215,
2025-08-26,多摩NT,巨峰,山梨,相対,5.0,1779.0,1779.0,5400.0,4320.0,3240.0,1080,864,648
2025-08-26,多摩NT,巨峰,長野,相対,0.35,1779.0,1779.0,648.0,,,1851,,
2025-08-26,大田,シャインマスカット,各地,商物分離,5.0,831.0,114550.0,10800.0,,,2160,,
2025-08-26,大田,シャインマスカット,各地,相対,5.0,111257.0,114550.0,19440.0,9720.0,3456.0,3888,1944,691
2025-08-26,大田,シャインマスカット,各地,第三者販売,5.0,110.0,114550.0,9720.0,,,1944,,
2025-08-26,大田,シャインマスカット,山梨,せり・入札,5.0,2352.0,114550.0,8100.0,7560.0,4104.0,1620,1512,821
2025-08-26,大田,シャインマスカット,山梨,商物分離,5.0,831.0,114550.0,10260.0,,,2052,,
2025-08-26,大田,シャインマスカット,山梨,相対,5.0,111257.0,114550.0,12960.0,8640.0,2160.0,2592,1728,432
2025-08-26,大田,シャインマスカット,長野,相対,5.0,111257.0,114550.0,14040.0,11880.0,9720.0,2808,2376,1944
2025-08-26,大田,デラウェア,山形,相対,2.0,111257.0,114550.0,1728.0,1404.0,756.0,864,702,378
2025-08-26,大田,デラウェア,山梨,相対,2.0,111257.0,114550.0,1728.0,,,864,,
2025-08-26,大田,ピオーネ,各地,せり・入札,5.0,2352.0,114550.0,4320.0,3024.0,2160.0,864,605,432
2025-08-26,大田,ピオーネ,各地,相対,5.0,111257.0,114550.0,11880.0,4320.0,3240.0,2376,864,648
2025-08-26,大田,ピオーネ,山梨,相対,0.4,111257.0,114550.0,486.0,,302.0,1215,,755
2025-08-26,大田,ピオーネ,岡山,相対,5.0,111257.0,114550.0,9720.0,6480.0,3240.0,1944,1296,648
2025-08-26,大田,巨峰,各地,相対,0.35,111257.0,114550.0,454.0,324.0,302.0,1297,926,863
2025-08-26,大田,巨峰,山梨,せり・入札,5.0,2352.0,114550.0,7560.0,7560.0,2700.0,1512,1512,540
2025-08-26,大田,巨峰,山梨,相対,5.0,111257.0,114550.0,7560.0,6804.0,4860.0,1512,1361,972
2025-08-26,大田,巨峰,長野,相対,0.35,111257.0,114550.0,594.0,540.0,486.0,1697,1543,1389
2025-08-26,板橋,シャインマスカット,山梨,相対,5.0,3975.0,4000.0,9720.0,8640.0,4860.0,1944,1728,972
2025-08-26,板橋,シャインマスカット,山梨,第三者販売,5.0,25.0,4000.0,9180.0,,,1836,,
2025-08-26,板橋,デラウェア,山形,相対,2.0,3975.0,4000.0,,1296.0,,,648,
2025-08-26,板橋,ピオーネ,山梨,相対,5.0,3975.0,4000.0,6480.0,5400.0,3564.0,1296,1080,713
2025-08-26,板橋,ピオーネ,山梨,第三者販売,5.0,25.0,4000.0,6480.0,,,1296,,
2025-08-26,板橋,巨峰,山梨,相対,5.0,3975.0,4000.0,5940.0,4860.0,4104.0,1188,972,821
2025-08-26,板橋,巨峰,山梨,第三者販売,5.0,25.0,4000.0,4860.0,,,972,,
2025-08-26,板橋,巨峰,長野,相対,0.35,3975.0,4000.0,,324.0,,,926,
2025-08-26,淀橋,シャインマスカット,山梨,相対,5.0,23403.0,23403.0,12960.0,,,2592,,
2025-08-26,淀橋,シャインマスカット,長野,相対,5.0,23403.0,23403.0,14040.0,,11880.0,2808,,2376
2025-08-26,淀橋,デラウェア,山形,相対,2.0,23403.0,23403.0,2160.0,1944.0,1836.0,1080,972,918
2025-08-26,淀橋,ピオーネ,山梨,相対,5.0,23403.0,23403.0,8640.0,,,1728,,
2025-08-26,淀橋,巨峰,山梨,相対,5.0,23403.0,23403.0,7560.0,,,1512,,
2025-08-26,淀橋,巨峰,長野,相対,0.35,23403.0,23403.0,648.0,,,1851,,
2025-08-26,葛西,シャインマスカット,各地,相対,5.0,6200.0,6200.0,,9180.0,,,1836,
2025-08-26,葛西,デラウェア,山形,相対,2.0,6200.0,6200.0,1728.0,1620.0,1404.0,864,810,702
2025-08-26,葛西,ピオーネ,各地,相対,5.0,6200.0,6200.0,,7560.0,,,1512,
2025-08-26,葛西,ピオーネ,山梨,相対,0.4,6200.0,6200.0,,378.0,,,945,
2025-08-26,葛西,巨峰,各地,相対,0.35,6200.0,6200.0,,345.0,,,986,
2025-08-26,葛西,巨峰,山梨,相対,5.0,6200.0,6200.0,,4860.0,,,972,
2025-08-26,豊島,シャインマスカット,山梨,相対,5.0,3000.0,3000.0,10800.0,10260.0,9720.0,2160,2052,1944
2025-08-26,豊島,シャインマスカット,長野,相対,5.0,3000.0,3000.0,12960.0,,10800.0,2592,,2160
2025-08-26,豊島,デラウェア,山形,相対,0.33,3000.0,3000.0,400.0,302.0,184.0,1212,915,558
2025-08-26,豊島,巨峰,各地,相対,0.35,3000.0,3000.0,594.0,,540.0,1697,,1543
2025-08-26,豊島,巨峰,山梨,相対,5.0,3000.0,3000.0,7020.0,6480.0,6264.0,1404,1296,1253
2025-08-26,豊洲,シャインマスカット,各地,相対,5.0,10962.0,25129.0,11880.0,9720.0,7560.0,2376,1944,1512
2025-08-26,豊洲,シャインマスカット,各地,第三者販売,5.0,13717.0,25129.0,15120.0,11880.0,9720.0,3024,2376,1944
2025-08-26,豊洲,シャインマスカット,山梨,商物分離,5.0,900.0,25129.0,14040.0,9720.0,7020.0,2808,1944,1404
2025-08-26,豊洲,シャインマスカット,山梨,相対,5.0,10962.0,25129.0,9180.0,8640.0,5400.0,1836,1728,1080
2025-08-26,豊洲,シャインマスカット,山梨,第三者販売,5.0,13717.0,25129.0,10260.0,8640.0,7560.0,2052,1728,1512
2025-08-26,豊洲,シャインマスカット,長野,相対,5.0,10962.0,25129.0,,11880.0,,,2376,
2025-08-26,豊洲,シャインマスカット,長野,第三者販売,5.0,13717.0,25129.0,,11880.0,,,2376,
2025-08-26,豊洲,デラウェア,山形,第三者販売,2.0,13717.0,25129.0,1620.0,,1404.0,810,,702
2025-08-26,豊洲,ピオーネ,各地,相対,5.0,10962.0,25129.0,,5400.0,,,1080,
2025-08-26,豊洲,ピオーネ,山梨,相対,0.4,10962.0,25129.0,,432.0,,,1080,
2025-08-26,豊洲,ピオーネ,山梨,第三者販売,0.4,13717.0,25129.0,540.0,,410.0,1350,,1025
2025-08-26,豊洲,ピオーネ,岡山,第三者販売,5.0,13717.0,25129.0,6480.0,,4860.0,1296,,972
2025-08-26,豊洲,巨峰,各地,第三者販売,0.35,13717.0,25129.0,,356.0,,,1017,
2025-08-26,豊洲,巨峰,山梨,相対,5.0,10962.0,25129.0,7020.0,5940.0,5400.0,1404,1188,1080
2025-08-26,豊洲,巨峰,山梨,第三者販売,5.0,13717.0,25129.0,6696.0,6480.0,5940.0,1339,1296,1188
2025-08-26,豊洲,巨峰,長野,相対,0.35,10962.0,25129.0,572.0,,324.0,1634,,926
2025-08-28,世田谷,シャインマスカット,各地,相対,5.0,1400.0,1400.0,12960.0,,,2592,,
2025-08-28,世田谷,シャインマスカット,山梨,相対,5.0,1400.0,1400.0,,7560.0,,,1512,
2025-08-28,世田谷,シャインマスカット,長野,相対,5.0,1400.0,1400.0,12960.0,,,2592,,
2025-08-28,北足立,シャインマスカット,各地,相対,5.0,15500.0,15500.0,8640.0,7560.0,6480.0,1728,1512,1296
2025-08-28,北足立,シャインマスカット,山梨,相対,5.0,15500.0,15500.0,,8640.0,,,1728,
2025-08-28,北足立,デラウェア,山形,相対,2.0,15500.0,15500.0,1728.0,1296.0,756.0,864,648,378
2025-08-28,北足立,巨峰,山梨,相対,5.0,15500.0,15500.0,,5940.0,,,1188,
2025-08-28,多摩NT,シャインマスカット,山梨,相対,5.0,2447.0,2447.0,8640.0,7560.0,,1728,1512,
2025-08-28,多摩NT,シャインマスカット,長野,相対,5.0,2447.0,2447.0,12960.0,,,2592,,
2025-08-28,多摩NT,デラウェア,山形,相対,2.0,2447.0,2447.0,1620.0,1404.0,1080.0,810,702,540
2025-08-28,多摩NT,デラウェア,山梨,相対,2.0,2447.0,2447.0,1944.0,,,972,,
2025-08-28,多摩NT,ピオーネ,山梨,相対,0.4,2447.0,2447.0,518.0,486.0,,1295,1215,
2025-08-28,多摩NT,巨峰,山梨,相対,5.0,2447.0,2447.0,5400.0,4320.0,3240.0,1080,864,648
2025-08-28,多摩NT,巨峰,長野,相対,0.35,2447.0,2447.0,648.0,,,1851,,
2025-08-28,大田,シャインマスカット,各地,商物分離,5.0,731.0,119575.0,10800.0,,,2160,,
2025-08-28,大田,シャインマスカット,各地,相対,5.0,116703.0,119575.0,16200.0,10800.0,7560.0,3240,2160,1512
2025-08-28,大田,シャインマスカット,各地,第三者販売,5.0,76.0,119575.0,8640.0,,,1728,,
2025-08-28,大田,シャインマスカット,山梨,せり・入札,5.0,2065.0,119575.0,8640.0,8100.0,6480.0,1728,1620,1296
2025-08-28,大田,シャインマスカット,山梨,商物分離,5.0,731.0,119575.0,9720.0,,,1944,,
2025-08-28,大田,シャインマスカット,山梨,相対,5.0,116703.0,119575.0,14040.0,8640.0,3780.0,2808,1728,756
2025-08-28,大田,シャインマスカット,長野,相対,5.0,116703.0,119575.0,12960.0,10800.0,8640.0,2592,2160,1728
2025-08-28,大田,デラウェア,山形,相対,2.0,116703.0,119575.0,1728.0,1296.0,756.0,864,648,378
2025-08-28,大田,ピオーネ,各地,せり・入札,5.0,2065.0,119575.0,4320.0,,3564.0,864,,713
2025-08-28,大田,ピオーネ,各地,相対,5.0,116703.0,119575.0,11880.0,11880.0,3780.0,2376,2376,756
2025-08-28,大田,ピオーネ,山梨,せり・入札,0.4,2065.0,119575.0,378.0,,,945,,
2025-08-28,大田,ピオーネ,山梨,相対,0.4,116703.0,119575.0,486.0,,378.0,1215,,945
2025-08-28,大田,ピオーネ,岡山,相対,5.0,116703.0,119575.0,8640.0,6480.0,5400.0,1728,1296,1080
2025-08-28,大田,巨峰,各地,相対,0.35,116703.0,119575.0,454.0,324.0,270.0,1297,926,771
2025-08-28,大田,巨峰,山梨,せり・入札,5.0,2065.0,119575.0,4860.0,,4536.0,972,,907
2025-08-28,大田,巨峰,山梨,相対,5.0,116703.0,119575.0,7560.0,7020.0,3780.0,1512,1404,756
2025-08-28,大田,巨峰,長野,相対,0.35,116703.0,119575.0,594.0,594.0,292.0,1697,1697,834
2025-08-28,板橋,シャインマスカット,山梨,相対,5.0,3985.0,4000.0,9720.0,8640.0,4860.0,1944,1728,972
2025-08-28,板橋,シャインマスカット,山梨,第三者販売,5.0,15.0,4000.0,9180.0,,,1836,,
2025-08-28,板橋,デラウェア,山形,相対,2.0,3985.0,4000.0,,1404.0,,,702,
2025-08-28,板橋,ピオーネ,山梨,相対,5.0,3985.0,4000.0,6480.0,,4860.0,1296,,972
2025-08-28,板橋,巨峰,山梨,相対,5.0,3985.0,4000.0,5940.0,5400.0,4860.0,1188,1080,972
2025-08-28,淀橋,シャインマスカット,山梨,相対,5.0,24656.0,24656.0,9720.0,,,1944,,
2025-08-28,淀橋,シャインマスカット,長野,相対,5.0,24656.0,24656.0,14040.0,,11880.0,2808,,2376
2025-08-28,淀橋,デラウェア,山形,相対,2.0,24656.0,24656.0,1944.0,1728.0,1512.0,972,864,756
2025-08-28,淀橋,ピオーネ,山梨,相対,5.0,24656.0,24656.0,8100.0,,,1620,,
2025-08-28,淀橋,巨峰,山梨,相対,5.0,24656.0,24656.0,7560.0,,,1512,,
2025-08-28,淀橋,巨峰,長野,相対,0.35,24656.0,24656.0,648.0,,,1851,,
2025-08-28,葛西,シャインマスカット,各地,相対,5.0,7400.0,7400.0,,9180.0,,,1836,
2025-08-28,葛西,デラウェア,山形,相対,2.0,7400.0,7400.0,1728.0,1620.0,1404.0,864,810,702
2025-08-28,葛西,ピオーネ,各地,相対,5.0,7400.0,7400.0,,5400.0,,,1080,
2025-08-28,葛西,ピオーネ,山梨,相対,0.4,7400.0,7400.0,,378.0,,,945,
2025-08-28,葛西,巨峰,山梨,相対,5.0,7400.0,7400.0,,4860.0,,,972,
2025-08-28,葛西,巨峰,長野,相対,0.35,7400.0,7400.0,,356.0,,,1017,
2025-08-28,豊島,シャインマスカット,山梨,相対,5.0,3000.0,3000.0,10260.0,9720.0,9180.0,2052,1944,1836
2025-08-28,豊島,シャインマスカット,長野,相対,5.0,3000.0,3000.0,12960.0,,10800.0,2592,,2160
2025-08-28,豊島,デラウェア,山形,相対,0.33,3000.0,3000.0,248.0,,,752,,
2025-08-28,豊島,巨峰,山梨,相対,5.0,3000.0,3000.0,6480.0,,5940.0,1296,,1188
2025-08-28,豊洲,シャインマスカット,各地,相対,5.0,23614.0,33238.0,10800.0,8640.0,7560.0,2160,1728,1512
2025-08-28,豊洲,シャインマスカット,各地,第三者販売,5.0,8929.0,33238.0,11880.0,,7560.0,2376,,1512
2025-08-28,豊洲,シャインマスカット,山梨,商物分離,5.0,1105.0,33238.0,14040.0,9720.0,8100.0,2808,1944,1620
2025-08-28,豊洲,シャインマスカット,山梨,相対,5.0,23614.0,33238.0,9180.0,8640.0,7560.0,1836,1728,1512
2025-08-28,豊洲,シャインマスカット,山梨,第三者販売,5.0,8929.0,33238.0,9180.0,8100.0,7560.0,1836,1620,1512
2025-08-28,豊洲,シャインマスカット,長野,相対,5.0,23614.0,33238.0,10800.0,,9720.0,2160,,1944
2025-08-28,豊洲,シャインマスカット,長野,第三者販売,5.0,8929.0,33238.0,,10800.0,,,2160,
2025-08-28,豊洲,デラウェア,山形,相対,2.0,23614.0,33238.0,1512.0,756.0,540.0,756,378,270
2025-08-28,豊洲,デラウェア,山形,第三者販売,2.0,8929.0,33238.0,1620.0,,1296.0,810,,648
2025-08-28,豊洲,ピオーネ,山梨,相対,0.4,23614.0,33238.0,540.0,,410.0,1350,,1025
2025-08-28,豊洲,ピオーネ,山梨,第三者販売,0.4,8929.0,33238.0,,540.0,,,1350,
2025-08-28,豊洲,ピオーネ,岡山,相対,5.0,23614.0,33238.0,,4860.0,,,972,
2025-08-28,豊洲,巨峰,各地,第三者販売,0.35,8929.0,33238.0,,410.0,,,1171,
2025-08-28,豊洲,巨峰,山梨,相対,5.0,23614.0,33238.0,7020.0,,5940.0,1404,,1188
2025-08-28,豊洲,巨峰,山梨,第三者販売,5.0,8929.0,33238.0,7020.0,,6480.0,1404,,1296
2025-08-28,豊洲,巨峰,長野,相対,0.35,23614.0,33238.0,540.0,,432.0,1543,,1234
2025-08-28,豊洲,巨峰,長野,第三者販売,0.35,8929.0,33238.0,,540.0,,,1543,
2025-08-29,世田谷,シャインマスカット,山梨,相対,5.0,1200.0,1200.0,,7560.0,,,1512,
2025-08-29,世田谷,巨峰,山梨,相対,5.0,1200.0,1200.0,6480.0,,,1296,,
2025-08-29,北足立,シャインマスカット,各地,相対,5.0,12000.0,12000.0,8640.0,7560.0,6480.0,1728,1512,1296
2025-08-29,北足立,シャインマスカット,山梨,相対,5.0,12000.0,12000.0,,8640.0,,,1728,
2025-08-29,北足立,デラウェア,山形,相対,2.0,12000.0,12000.0,1728.0,1296.0,756.0,864,648,378
2025-08-29,北足立,巨峰,山梨,相対,5.0,12000.0,12000.0,,5940.0,,,1188,
2025-08-29,多摩NT,シャインマスカット,山梨,相対,5.0,1876.0,1876.0,8640.0,7560.0,,1728,1512,
2025-08-29,多摩NT,シャインマスカット,長野,相対,5.0,1876.0,1876.0,12960.0,,,2592,,
2025-08-29,多摩NT,デラウェア,山形,相対,2.0,1876.0,1876.0,1620.0,1404.0,1080.0,810,702,540
2025-08-29,多摩NT,デラウェア,山梨,相対,2.0,1876.0,1876.0,1944.0,,,972,,
2025-08-29,多摩NT,ピオーネ,山梨,相対,0.4,1876.0,1876.0,518.0,486.0,,1295,1215,
2025-08-29,多摩NT,巨峰,山梨,相対,5.0,1876.0,1876.0,5400.0,4320.0,3240.0,1080,864,648
2025-08-29,多摩NT,巨峰,長野,相対,0.35,1876.0,1876.0,648.0,,,1851,,
2025-08-29,大田,シャインマスカット,各地,商物分離,5.0,97.0,118430.0,10800.0,,,2160,,
2025-08-29,大田,シャインマスカット,各地,相対,5.0,115872.0,118430.0,19440.0,9720.0,5940.0,3888,1944,1188
2025-08-29,大田,シャインマスカット,各地,第三者販売,5.0,180.0,118430.0,10800.0,9720.0,8640.0,2160,1944,1728
2025-08-29,大田,シャインマスカット,山梨,せり・入札,5.0,2281.0,118430.0,8640.0,7560.0,4320.0,1728,1512,864
2025-08-29,大田,シャインマスカット,山梨,相対,5.0,115872.0,118430.0,11880.0,8640.0,2700.0,2376,1728,540
2025-08-29,大田,シャインマスカット,長野,相対,5.0,115872.0,118430.0,12960.0,12960.0,9720.0,2592,2592,1944
2025-08-29,大田,デラウェア,山形,相対,2.0,115872.0,118430.0,1728.0,1296.0,756.0,864,648,378
2025-08-29,大田,ピオーネ,各地,せり・入札,5.0,2281.0,118430.0,3780.0,,3240.0,756,,648
2025-08-29,大田,ピオーネ,各地,相対,5.0,115872.0,118430.0,7560.0,7560.0,3780.0,1512,1512,756
2025-08-29,大田,ピオーネ,山梨,せり・入札,0.4,2281.0,118430.0,432.0,,410.0,1080,,1025
2025-08-29,大田,ピオーネ,山梨,相対,0.4,115872.0,118430.0,486.0,,324.0,1215,,810
2025-08-29,大田,巨峰,各地,相対,0.35,115872.0,118430.0,454.0,432.0,346.0,1297,1234,989
2025-08-29,大田,巨峰,山梨,せり・入札,5.0,2281.0,118430.0,7560.0,,4320.0,1512,,864
2025-08-29,大田,巨峰,山梨,相対,5.0,115872.0,118430.0,7560.0,6804.0,4320.0,1512,1361,864
2025-08-29,大田,巨峰,長野,相対,0.35,115872.0,118430.0,594.0,540.0,356.0,1697,1543,1017
2025-08-29,板橋,シャインマスカット,山梨,相対,5.0,7495.0,7500.0,9720.0,8640.0,8100.0,1944,1728,1620
2025-08-29,板橋,デラウェア,山形,相対,2.0,7495.0,7500.0,,1296.0,,,648,
2025-08-29,板橋,ピオーネ,山梨,相対,5.0,7495.0,7500.0,5940.0,5400.0,4860.0,1188,1080,972
2025-08-29,板橋,ピオーネ,山梨,第三者販売,5.0,5.0,7500.0,4940.0,,,988,,
2025-08-29,板橋,巨峰,山梨,相対,5.0,7495.0,7500.0,5400.0,,4320.0,1080,,864
2025-08-29,淀橋,シャインマスカット,山梨,相対,5.0,19828.0,19828.0,9720.0,,,1944,,
2025-08-29,淀橋,シャインマスカット,長野,相対,5.0,19828.0,19828.0,14040.0,,11880.0,2808,,2376
2025-08-29,淀橋,デラウェア,山形,相対,2.0,19828.0,19828.0,1944.0,1728.0,1512.0,972,864,756
2025-08-29,淀橋,ピオーネ,山梨,相対,5.0,19828.0,19828.0,8100.0,,,1620,,
2025-08-29,淀橋,巨峰,山梨,相対,5.0,19828.0,19828.0,7560.0,,,1512,,
2025-08-29,淀橋,巨峰,長野,相対,0.35,19828.0,19828.0,648.0,,,1851,,
2025-08-29,葛西,シャインマスカット,各地,相対,5.0,7700.0,7700.0,,9180.0,,,1836,
2025-08-29,葛西,デラウェア,山形,相対,2.0,7700.0,7700.0,1728.0,1620.0,1404.0,864,810,702
2025-08-29,葛西,ピオーネ,各地,相対,5.0,7700.0,7700.0,,5400.0,,,1080,
2025-08-29,葛西,ピオーネ,山梨,相対,0.4,7700.0,7700.0,,378.0,,,945,
2025-08-29,葛西,巨峰,各地,相対,0.35,7700.0,7700.0,,345.0,,,986,
2025-08-29,葛西,巨峰,山梨,相対,5.0,7700.0,7700.0,,4860.0,,,972,
2025-08-29,豊島,シャインマスカット,山梨,相対,5.0,2800.0,2800.0,10800.0,,9720.0,2160,,1944
2025-08-29,豊島,シャインマスカット,長野,相対,5.0,2800.0,2800.0,10800.0,,,2160,,
2025-08-29,豊島,デラウェア,山形,相対,0.33,2800.0,2800.0,270.0,216.0,184.0,818,655,558
2025-08-29,豊島,巨峰,山梨,相対,5.0,2800.0,2800.0,6696.0,6264.0,5940.0,1339,1253,1188
2025-08-29,豊洲,シャインマスカット,各地,相対,5.0,17231.0,32235.0,10800.0,8640.0,7560.0,2160,1728,1512
2025-08-29,豊洲,シャインマスカット,各地,第三者販売,5.0,14254.0,32235.0,11880.0,10800.0,7560.0,2376,2160,1512
2025-08-29,豊洲,シャインマスカット,山梨,商物分離,5.0,800.0,32235.0,10260.0,8100.0,,2052,1620,
2025-08-29,豊洲,シャインマスカット,山梨,相対,5.0,17231.0,32235.0,9720.0,8640.0,8100.0,1944,1728,1620
2025-08-29,豊洲,シャインマスカット,山梨,第三者販売,5.0,14254.0,32235.0,9180.0,8640.0,7560.0,1836,1728,1512
2025-08-29,豊洲,シャインマスカット,長野,相対,5.0,17231.0,32235.0,10800.0,,7776.0,2160,,1555
2025-08-29,豊洲,デラウェア,山形,第三者販売,2.0,14254.0,32235.0,1620.0,1512.0,756.0,810,756,378
2025-08-29,豊洲,ピオーネ,山梨,相対,0.4,17231.0,32235.0,,432.0,,,1080,
2025-08-29,豊洲,ピオーネ,山梨,第三者販売,0.4,14254.0,32235.0,,540.0,,,1350,
2025-08-29,豊洲,巨峰,各地,第三者販売,0.35,14254.0,32235.0,,378.0,,,1080,
2025-08-29,豊洲,巨峰,山梨,相対,5.0,17231.0,32235.0,7020.0,,5940.0,1404,,1188
2025-08-29,豊洲,巨峰,山梨,第三者販売,5.0,14254.0,32235.0,7020.0,,6480.0,1404,,1296
2025-08-29,豊洲,巨峰,長野,相対,0.35,17231.0,32235.0,540.0,,356.0,1543,,1017
2025-08-30,世田谷,シャインマスカット,山梨,相対,5.0,1900.0,1900.0,,7560.0,,,1512,
2025-08-30,世田谷,巨峰,山梨,相対,5.0,1900.0,1900.0,,6480.0,,,1296,
2025-08-30,北足立,シャインマスカット,各地,相対,5.0,11400.0,11400.0,8640.0,7560.0,6480.0,1728,1512,1296
2025-08-30,北足立,シャインマスカット,山梨,相対,5.0,11400.0,11400.0,,8640.0,,,1728,
2025-08-30,北足立,デラウェア,山形,相対,2.0,11400.0,11400.0,1728.0,1296.0,756.0,864,648,378
2025-08-30,北足立,巨峰,山梨,相対,5.0,11400.0,11400.0,,5940.0,,,1188,
2025-08-30,多摩NT,シャインマスカット,山梨,相対,5.0,2729.0,2734.0,8640.0,7560.0,,1728,1512,
2025-08-30,多摩NT,シャインマスカット,山梨,第三者販売,5.0,5.0,2734.0,8640.0,7560.0,,1728,1512,
2025-08-30,多摩NT,シャインマスカット,長野,相対,5.0,2729.0,2734.0,12960.0,,,2592,,
2025-08-30,多摩NT,シャインマスカット,長野,第三者販売,5.0,5.0,2734.0,12960.0,,,2592,,
2025-08-30,多摩NT,デラウェア,山形,相対,2.0,2729.0,2734.0,1620.0,1404.0,1080.0,810,702,540
2025-08-30,多摩NT,デラウェア,山梨,相対,2.0,2729.0,2734.0,1944.0,,,972,,
2025-08-30,多摩NT,ピオーネ,山梨,相対,0.4,2729.0,2734.0,518.0,486.0,,1295,1215,
2025-08-30,多摩NT,巨峰,山梨,相対,5.0,2729.0,2734.0,5400.0,4320.0,3240.0,1080,864,648
2025-08-30,多摩NT,巨峰,長野,相対,0.35,2729.0,2734.0,648.0,,,1851,,
2025-08-30,大田,シャインマスカット,各地,相対,5.0,128400.0,131889.0,16200.0,9720.0,5940.0,3240,1944,1188
2025-08-30,大田,シャインマスカット,各地,第三者販売,5.0,190.0,131889.0,9720.0,,,1944,,
2025-08-30,大田,シャインマスカット,山梨,せり・入札,5.0,2338.0,131889.0,9720.0,7560.0,4320.0,1944,1512,864
2025-08-30,大田,シャインマスカット,山梨,商物分離,5.0,961.0,131889.0,9720.0,,,1944,,
2025-08-30,大田,シャインマスカット,山梨,相対,5.0,128400.0,131889.0,16200.0,8640.0,2700.0,3240,1728,540
2025-08-30,大田,シャインマスカット,長野,せり・入札,5.0,2338.0,131889.0,12960.0,,,2592,,
2025-08-30,大田,シャインマスカット,長野,相対,5.0,128400.0,131889.0,12960.0,10800.0,6480.0,2592,2160,1296
2025-08-30,大田,デラウェア,山形,相対,2.0,128400.0,131889.0,1728.0,1296.0,756.0,864,648,378
2025-08-30,大田,ピオーネ,各地,せり・入札,5.0,2338.0,131889.0,4320.0,3780.0,3240.0,864,756,648
2025-08-30,大田,ピオーネ,各地,相対,5.0,128400.0,131889.0,10800.0,10800.0,3780.0,2160,2160,756
2025-08-30,大田,ピオーネ,山梨,せり・入札,0.4,2338.0,131889.0,324.0,,,810,,
2025-08-30,大田,ピオーネ,山梨,相対,0.4,128400.0,131889.0,486.0,,378.0,1215,,945
2025-08-30,大田,ピオーネ,岡山,相対,5.0,128400.0,131889.0,9720.0,6480.0,4860.0,1944,1296,972
2025-08-30,大田,ピオーネ,岡山,第三者販売,5.0,190.0,131889.0,4320.0,,,864,,
2025-08-30,大田,巨峰,各地,相対,0.35,128400.0,131889.0,454.0,432.0,346.0,1297,1234,989
2025-08-30,大田,巨峰,山梨,せり・入札,5.0,2338.0,131889.0,4860.0,,,972,,
2025-08-30,大田,巨峰,山梨,相対,5.0,128400.0,131889.0,7560.0,7020.0,5400.0,1512,1404,1080
2025-08-30,大田,巨峰,長野,相対,0.35,128400.0,131889.0,594.0,540.0,324.0,1697,1543,926
2025-08-30,板橋,シャインマスカット,山梨,相対,5.0,2685.0,2700.0,8640.0,7560.0,4860.0,1728,1512,972
2025-08-30,板橋,シャインマスカット,山梨,第三者販売,5.0,15.0,2700.0,8640.0,,,1728,,
2025-08-30,板橋,ピオーネ,山梨,相対,5.0,2685.0,2700.0,5400.0,,4860.0,1080,,972
2025-08-30,板橋,巨峰,山梨,相対,5.0,2685.0,2700.0,5400.0,,4860.0,1080,,972
2025-08-30,淀橋,シャインマスカット,山梨,相対,5.0,19775.0,19775.0,9720.0,,,1944,,
2025-08-30,淀橋,シャインマスカット,長野,相対,5.0,19775.0,19775.0,14040.0,,11880.0,2808,,2376
2025-08-30,淀橋,デラウェア,山形,相対,2.0,19775.0,19775.0,1944.0,1728.0,1512.0,972,864,756
2025-08-30,淀橋,ピオーネ,山梨,相対,5.0,19775.0,19775.0,8100.0,,,1620,,
2025-08-30,淀橋,巨峰,山梨,相対,5.0,19775.0,19775.0,7560.0,,,1512,,
2025-08-30,淀橋,巨峰,長野,相対,0.35,19775.0,19775.0,648.0,,,1851,,
2025-08-30,葛西,シャインマスカット,各地,相対,5.0,5200.0,5200.0,,9180.0,,,1836,
2025-08-30,葛西,デラウェア,山形,相対,2.0,5200.0,5200.0,1628.0,1520.0,1404.0,814,760,702
2025-08-30,葛西,ピオーネ,各地,相対,5.0,5200.0,5200.0,,5400.0,,,1080,
2025-08-30,葛西,ピオーネ,山梨,相対,0.4,5200.0,5200.0,,378.0,,,945,
2025-08-30,葛西,巨峰,山梨,相対,5.0,5200.0,5200.0,,4860.0,,,972,
2025-08-30,葛西,巨峰,長野,相対,0.35,5200.0,5200.0,,345.0,,,986,
2025-08-30,豊島,シャインマスカット,山梨,相対,5.0,3300.0,3300.0,10800.0,10260.0,9180.0,2160,2052,1836
2025-08-30,豊島,シャインマスカット,長野,相対,5.0,3300.0,3300.0,10800.0,,,2160,,
2025-08-30,豊島,デラウェア,山形,相対,0.33,3300.0,3300.0,248.0,,194.0,752,,588
2025-08-30,豊島,巨峰,山梨,相対,5.0,3300.0,3300.0,5940.0,,5400.0,1188,,1080
2025-08-30,豊洲,シャインマスカット,各地,相対,5.0,19669.0,30446.0,10800.0,,8640.0,2160,,1728
2025-08-30,豊洲,シャインマスカット,各地,第三者販売,5.0,9127.0,30446.0,15120.0,10800.0,8640.0,3024,2160,1728
2025-08-30,豊洲,シャインマスカット,山梨,商物分離,5.0,1715.0,30446.0,14040.0,9720.0,9180.0,2808,1944,1836
2025-08-30,豊洲,シャインマスカット,山梨,相対,5.0,19669.0,30446.0,9180.0,8640.0,7560.0,1836,1728,1512
2025-08-30,豊洲,シャインマスカット,山梨,第三者販売,5.0,9127.0,30446.0,9180.0,9180.0,8100.0,1836,1836,1620
2025-08-30,豊洲,シャインマスカット,長野,相対,5.0,19669.0,30446.0,,10800.0,,,2160,
2025-08-30,豊洲,シャインマスカット,長野,第三者販売,5.0,9127.0,30446.0,,10800.0,,,2160,
2025-08-30,豊洲,デラウェア,山形,第三者販売,2.0,9127.0,30446.0,1620.0,,756.0,810,,378
2025-08-30,豊洲,ピオーネ,山梨,相対,0.4,19669.0,30446.0,432.0,,410.0,1080,,1025
2025-08-30,豊洲,ピオーネ,山梨,第三者販売,0.4,9127.0,30446.0,,540.0,,,1350,
2025-08-30,豊洲,ピオーネ,岡山,第三者販売,5.0,9127.0,30446.0,6480.0,,4860.0,1296,,972
2025-08-30,豊洲,巨峰,山梨,相対,5.0,19669.0,30446.0,7020.0,5940.0,5400.0,1404,1188,1080
2025-08-30,豊洲,巨峰,山梨,第三者販売,5.0,9127.0,30446.0,6696.0,6480.0,5940.0,1339,1296,1188
2025-08-30,豊洲,巨峰,長野,相対,0.35,19669.0,30446.0,540.0,518.0,432.0,1543,1480,1234
2025-08-30,豊洲,巨峰,長野,第三者販売,0.35,9127.0,30446.0,540.0,,518.0,1543,,1480
2025-09-01,世田谷,シャインマスカット,山梨,相対,5.0,700.0,700.0,,7560.0,,,1512,
2025-09-01,世田谷,シャインマスカット,長野,相対,5.0,700.0,700.0,12960.0,,,2592,,
2025-09-01,世田谷,ピオーネ,山梨,相対,5.0,700.0,700.0,6480.0,,,1296,,
2025-09-01,北足立,シャインマスカット,各地,相対,5.0,13100.0,13100.0,8640.0,7560.0,6480.0,1728,1512,1296
2025-09-01,北足立,シャインマスカット,山梨,相対,5.0,13100.0,13100.0,,8640.0,,,1728,
2025-09-01,北足立,巨峰,山梨,相対,5.0,13100.0,13100.0,6480.0,,,1296,,
2025-09-01,多摩NT,シャインマスカット,山梨,相対,5.0,87.0,87.0,6480.0,,,1296,,
2025-09-01,多摩NT,シャインマスカット,長野,相対,5.0,87.0,87.0,10800.0,,,2160,,
2025-09-01,多摩NT,巨峰,山梨,相対,5.0,87.0,87.0,4320.0,,,864,,
2025-09-01,多摩NT,巨峰,長野,相対,0.35,87.0,87.0,540.0,,,1543,,
2025-09-01,大田,シャインマスカット,各地,商物分離,5.0,1310.0,129621.0,10800.0,10260.0,9720.0,2160,2052,1944
2025-09-01,大田,シャインマスカット,各地,相対,5.0,125075.0,129621.0,19440.0,10152.0,6480.0,3888,2030,1296
2025-09-01,大田,シャインマスカット,各地,第三者販売,5.0,196.0,129621.0,9720.0,8964.0,8640.0,1944,1793,1728
2025-09-01,大田,シャインマスカット,山梨,せり・入札,5.0,3040.0,129621.0,10800.0,7560.0,5184.0,2160,1512,1037
2025-09-01,大田,シャインマスカット,山梨,商物分離,5.0,1310.0,129621.0,11880.0,10584.0,9180.0,2376,2117,1836
2025-09-01,大田,シャインマスカット,山梨,相対,5.0,125075.0,129621.0,10800.0,8316.0,5400.0,2160,1663,1080
2025-09-01,大田,シャインマスカット,長野,せり・入札,5.0,3040.0,129621.0,11880.0,,,2376,,
2025-09-01,大田,シャインマスカット,長野,相対,5.0,125075.0,129621.0,11880.0,11880.0,7884.0,2376,2376,1577
2025-09-01,大田,ピオーネ,各地,相対,5.0,125075.0,129621.0,7560.0,7236.0,7020.0,1512,1447,1404
2025-09-01,大田,ピオーネ,山梨,せり・入札,5.0,3040.0,129621.0,4320.0,,3240.0,864,,648
2025-09-01,大田,ピオーネ,山梨,相対,5.0,125075.0,129621.0,7560.0,6048.0,4860.0,1512,1210,972
2025-09-01,大田,ピオーネ,岡山,相対,5.0,125075.0,129621.0,9720.0,6048.0,4320.0,1944,1210,864
2025-09-01,大田,巨峰,各地,せり・入札,0.35,3040.0,129621.0,594.0,216.0,,1697,617,
2025-09-01,大田,巨峰,各地,相対,0.35,125075.0,129621.0,432.0,346.0,216.0,1234,989,617
2025-09-01,大田,巨峰,山梨,せり・入札,5.0,3040.0,129621.0,6480.0,,2160.0,1296,,432
2025-09-01,大田,巨峰,山梨,相対,5.0,125075.0,129621.0,6480.0,6372.0,4860.0,1296,1274,972
2025-09-01,大田,巨峰,長野,相対,0.35,125075.0,129621.0,540.0,540.0,324.0,1543,1543,926
2025-09-01,板橋,シャインマスカット,山梨,相対,5.0,3465.0,3500.0,8640.0,8100.0,3780.0,1728,1620,756
2025-09-01,板橋,シャインマスカット,山梨,第三者販売,5.0,35.0,3500.0,8640.0,,,1728,,
2025-09-01,板橋,ピオーネ,山梨,相対,5.0,3465.0,3500.0,5400.0,,4860.0,1080,,972
2025-09-01,板橋,ピオーネ,山梨,第三者販売,5.0,35.0,3500.0,3780.0,,,756,,
2025-09-01,淀橋,シャインマスカット,山梨,相対,5.0,22932.0,22932.0,9720.0,,,1944,,
2025-09-01,淀橋,シャインマスカット,長野,相対,5.0,22932.0,22932.0,12960.0,,10800.0,2592,,2160
2025-09-01,淀橋,ピオーネ,山梨,相対,5.0,22932.0,22932.0,8100.0,,,1620,,
2025-09-01,淀橋,巨峰,山梨,相対,5.0,22932.0,22932.0,7560.0,,,1512,,
2025-09-01,淀橋,巨峰,長野,相対,0.35,22932.0,22932.0,594.0,,,1697,,
2025-09-01,葛西,シャインマスカット,山梨,相対,5.0,6900.0,7000.0,,7560.0,,,1512,
2025-09-01,葛西,巨峰,山梨,相対,5.0,6900.0,7000.0,,6480.0,,,1296,
2025-09-01,豊島,シャインマスカット,山梨,相対,5.0,4000.0,4000.0,10260.0,,9720.0,2052,,1944
2025-09-01,豊島,シャインマスカット,長野,相対,5.0,4000.0,4000.0,9720.0,,,1944,,
2025-09-01,豊島,ピオーネ,山梨,相対,5.0,4000.0,4000.0,7560.0,,6480.0,1512,,1296
2025-09-01,豊島,巨峰,山梨,相対,5.0,4000.0,4000.0,6696.0,,5940.0,1339,,1188
2025-09-01,豊洲,シャインマスカット,各地,相対,5.0,17987.0,30140.0,10800.0,8640.0,7560.0,2160,1728,1512
2025-09-01,豊洲,シャインマスカット,各地,第三者販売,5.0,11043.0,30140.0,14040.0,11880.0,7560.0,2808,2376,1512
2025-09-01,豊洲,シャインマスカット,山梨,商物分離,5.0,1360.0,30140.0,9720.0,9180.0,8100.0,1944,1836,1620
2025-09-01,豊洲,シャインマスカット,山梨,相対,5.0,17987.0,30140.0,9180.0,8640.0,7560.0,1836,1728,1512
2025-09-01,豊洲,シャインマスカット,山梨,第三者販売,5.0,11043.0,30140.0,9180.0,6480.0,3780.0,1836,1296,756
2025-09-01,豊洲,シャインマスカット,長野,相対,5.0,17987.0,30140.0,11340.0,,10260.0,2268,,2052
2025-09-01,豊洲,シャインマスカット,長野,第三者販売,5.0,11043.0,30140.0,10800.0,,10260.0,2160,,2052
2025-09-01,豊洲,ピオーネ,山梨,相対,5.0,17987.0,30140.0,7560.0,4860.0,3780.0,1512,972,756
2025-09-01,豊洲,ピオーネ,山梨,第三者販売,5.0,11043.0,30140.0,7560.0,,6480.0,1512,,1296
2025-09-01,豊洲,巨峰,各地,第三者販売,0.35,11043.0,30140.0,,356.0,,,1017,
2025-09-01,豊洲,巨峰,山梨,相対,5.0,17987.0,30140.0,6480.0,5940.0,5400.0,1296,1188,1080
2025-09-01,豊洲,巨峰,山梨,第三者販売,5.0,11043.0,30140.0,7020.0,6480.0,5940.0,1404,1296,1188
2025-09-01,豊洲,巨峰,長野,相対,0.35,17987.0,30140.0,540.0,,486.0,1543,,1389
2025-09-01,豊洲,巨峰,長野,第三者販売,0.35,11043.0,30140.0,540.0,,486.0,1543,,1389
2025-09-02,世田谷,シャインマスカット,山梨,相対,5.0,600.0,600.0,7560.0,,5400.0,1512,,1080
2025-09-02,世田谷,ピオーネ,岡山,相対,5.0,600.0,600.0,5400.0,,4320.0,1080,,864
2025-09-02,世田谷,巨峰,山梨,相対,5.0,600.0,600.0,5400.0,,4320.0,1080,,864
2025-09-02,北足立,シャインマスカット,各地,相対,5.0,10400.0,10400.0,8640.0,7560.0,6480.0,1728,1512,1296
2025-09-02,北足立,シャインマスカット,山梨,相対,5.0,10400.0,10400.0,,8640.0,,,1728,
2025-09-02,北足立,ピオーネ,各地,相対,5.0,10400.0,10400.0,6480.0,5400.0,4320.0,1296,1080,864
2025-09-02,北足立,巨峰,山梨,相対,5.0,10400.0,10400.0,6480.0,,,1296,,
2025-09-02,多摩NT,シャインマスカット,山梨,相対,5.0,1226.0,1226.0,6480.0,,,1296,,
2025-09-02,多摩NT,シャインマスカット,長野,相対,5.0,1226.0,1226.0,10800.0,,,2160,,
2025-09-02,多摩NT,巨峰,山梨,相対,5.0,1226.0,1226.0,4320.0,,,864,,
2025-09-02,多摩NT,巨峰,長野,相対,0.35,1226.0,1226.0,540.0,,,1543,,
2025-09-02,大田,シャインマスカット,各地,商物分離,5.0,426.0,120408.0,9720.0,,,1944,,
2025-09-02,大田,シャインマスカット,各地,相対,5.0,117498.0,120408.0,21600.0,10368.0,6480.0,4320,2074,1296
2025-09-02,大田,シャインマスカット,各地,第三者販売,5.0,165.0,120408.0,8640.0,7992.0,6480.0,1728,1598,1296
2025-09-02,大田,シャインマスカット,山梨,せり・入札,5.0,2319.0,120408.0,10800.0,7560.0,7020.0,2160,1512,1404
2025-09-02,大田,シャインマスカット,山梨,商物分離,5.0,426.0,120408.0,9180.0,,,1836,,
2025-09-02,大田,シャインマスカット,山梨,相対,5.0,117498.0,120408.0,10800.0,8208.0,3240.0,2160,1642,648
2025-09-02,大田,シャインマスカット,長野,相対,5.0,117498.0,120408.0,11880.0,9936.0,2160.0,2376,1987,432
2025-09-02,大田,ピオーネ,各地,相対,5.0,117498.0,120408.0,7560.0,6804.0,5940.0,1512,1361,1188
2025-09-02,大田,ピオーネ,山梨,せり・入札,5.0,2319.0,120408.0,4104.0,,,821,,
2025-09-02,大田,ピオーネ,山梨,相対,5.0,117498.0,120408.0,7560.0,5940.0,4860.0,1512,1188,972
2025-09-02,大田,ピオーネ,岡山,相対,5.0,117498.0,120408.0,9720.0,6048.0,4320.0,1944,1210,864
2025-09-02,大田,巨峰,各地,せり・入札,0.35,2319.0,120408.0,302.0,,,863,,
2025-09-02,大田,巨峰,各地,相対,0.35,117498.0,120408.0,346.0,335.0,324.0,989,957,926
2025-09-02,大田,巨峰,山梨,せり・入札,5.0,2319.0,120408.0,3780.0,,3240.0,756,,648
2025-09-02,大田,巨峰,山梨,相対,5.0,117498.0,120408.0,6480.0,6372.0,3780.0,1296,1274,756
2025-09-02,大田,巨峰,長野,相対,0.35,117498.0,120408.0,594.0,594.0,356.0,1697,1697,1017
2025-09-02,大田,甲斐路,山梨,相対,5.0,117498.0,120408.0,6480.0,,,1296,,
2025-09-02,板橋,シャインマスカット,山梨,相対,5.0,5650.0,5700.0,8640.0,7560.0,4320.0,1728,1512,864
2025-09-02,板橋,シャインマスカット,山梨,第三者販売,5.0,50.0,5700.0,8640.0,,,1728,,
2025-09-02,板橋,ピオーネ,山梨,相対,5.0,5650.0,5700.0,5400.0,,4860.0,1080,,972
2025-09-02,板橋,ピオーネ,山梨,第三者販売,5.0,50.0,5700.0,4104.0,,,821,,
2025-09-02,板橋,巨峰,山梨,相対,5.0,5650.0,5700.0,5400.0,,4860.0,1080,,972
2025-09-02,淀橋,シャインマスカット,山梨,相対,5.0,21507.0,21507.0,9720.0,,,1944,,
2025-09-02,淀橋,シャインマスカット,長野,相対,5.0,21507.0,21507.0,12960.0,,10800.0,2592,,2160
2025-09-02,淀橋,ピオーネ,山梨,相対,5.0,21507.0,21507.0,8100.0,,,1620,,
2025-09-02,淀橋,巨峰,山梨,相対,5.0,21507.0,21507.0,7560.0,,,1512,,
2025-09-02,淀橋,巨峰,長野,相対,0.35,21507.0,21507.0,594.0,,,1697,,
2025-09-02,葛西,シャインマスカット,山梨,相対,5.0,6200.0,6300.0,,7560.0,,,1512,
2025-09-02,葛西,巨峰,山梨,相対,5.0,6200.0,6300.0,,6480.0,,,1296,
2025-09-02,豊島,シャインマスカット,山梨,相対,5.0,2100.0,2100.0,10260.0,9720.0,8640.0,2052,1944,1728
2025-09-02,豊島,シャインマスカット,長野,相対,5.0,2100.0,2100.0,10800.0,,9720.0,2160,,1944
2025-09-02,豊島,ピオーネ,山梨,相対,5.0,2100.0,2100.0,7560.0,,6480.0,1512,,1296
2025-09-02,豊島,巨峰,山梨,相対,5.0,2100.0,2100.0,6696.0,,5940.0,1339,,1188
2025-09-02,豊洲,シャインマスカット,各地,相対,5.0,17640.0,31311.0,15120.0,10800.0,8640.0,3024,2160,1728
2025-09-02,豊洲,シャインマスカット,各地,第三者販売,5.0,13171.0,31311.0,11880.0,10800.0,8640.0,2376,2160,1728
2025-09-02,豊洲,シャインマスカット,山梨,商物分離,5.0,500.0,31311.0,,9720.0,,,1944,
2025-09-02,豊洲,シャインマスカット,山梨,相対,5.0,17640.0,31311.0,9720.0,9180.0,8640.0,1944,1836,1728
2025-09-02,豊洲,シャインマスカット,山梨,第三者販売,5.0,13171.0,31311.0,9180.0,8640.0,7560.0,1836,1728,1512
2025-09-02,豊洲,シャインマスカット,長野,相対,5.0,17640.0,31311.0,10800.0,10260.0,8640.0,2160,2052,1728
2025-09-02,豊洲,シャインマスカット,長野,第三者販売,5.0,13171.0,31311.0,10800.0,,10260.0,2160,,2052
2025-09-02,豊洲,ピオーネ,山梨,相対,5.0,17640.0,31311.0,7560.0,,5940.0,1512,,1188
2025-09-02,豊洲,ピオーネ,山梨,第三者販売,5.0,13171.0,31311.0,7560.0,5400.0,4860.0,1512,1080,972
2025-09-02,豊洲,ピオーネ,岡山,相対,5.0,17640.0,31311.0,7344.0,6480.0,5940.0,1469,1296,1188
2025-09-02,豊洲,巨峰,各地,第三者販売,0.35,13171.0,31311.0,,356.0,,,1017,
2025-09-02,豊洲,巨峰,山梨,相対,5.0,17640.0,31311.0,7020.0,,5940.0,1404,,1188
2025-09-02,豊洲,巨峰,山梨,第三者販売,5.0,13171.0,31311.0,6480.0,,5940.0,1296,,1188
2025-09-02,豊洲,巨峰,長野,相対,0.35,17640.0,31311.0,540.0,,486.0,1543,,1389
2025-09-02,豊洲,巨峰,長野,第三者販売,0.35,13171.0,31311.0,,486.0,,,1389,
2025-09-04,世田谷,シャインマスカット,山梨,相対,5.0,900.0,900.0,,7560.0,,,1512,
2025-09-04,北足立,シャインマスカット,各地,相対,5.0,13300.0,13300.0,8640.0,7560.0,6480.0,1728,1512,1296
2025-09-04,北足立,シャインマスカット,山梨,相対,5.0,13300.0,13300.0,,8640.0,,,1728,
2025-09-04,北足立,巨峰,山梨,相対,5.0,13300.0,13300.0,6480.0,,,1296,,
2025-09-04,多摩NT,シャインマスカット,山梨,相対,5.0,2879.0,2879.0,6480.0,,,1296,,
2025-09-04,多摩NT,シャインマスカット,長野,相対,5.0,2879.0,2879.0,10800.0,,,2160,,
2025-09-04,多摩NT,巨峰,山梨,相対,5.0,2879.0,2879.0,4320.0,,,864,,
2025-09-04,多摩NT,巨峰,長野,相対,0.35,2879.0,2879.0,540.0,,,1543,,
2025-09-04,大田,シャインマスカット,各地,商物分離,5.0,1391.0,139229.0,9720.0,,,1944,,
2025-09-04,大田,シャインマスカット,各地,相対,5.0,134869.0,139229.0,21600.0,10476.0,5400.0,4320,2095,1080
2025-09-04,大田,シャインマスカット,各地,第三者販売,5.0,131.0,139229.0,8640.0,,,1728,,
2025-09-04,大田,シャインマスカット,山梨,せり・入札,5.0,2838.0,139229.0,10800.0,6480.0,5400.0,2160,1296,1080
2025-09-04,大田,シャインマスカット,山梨,商物分離,5.0,1391.0,139229.0,9720.0,8532.0,8100.0,1944,1706,1620
2025-09-04,大田,シャインマスカット,山梨,相対,5.0,134869.0,139229.0,10800.0,8316.0,3240.0,2160,1663,648
2025-09-04,大田,シャインマスカット,長野,相対,5.0,134869.0,139229.0,11880.0,10368.0,8640.0,2376,2074,1728
2025-09-04,大田,ピオーネ,各地,相対,5.0,134869.0,139229.0,7020.0,6264.0,5400.0,1404,1253,1080
2025-09-04,大田,ピオーネ,山梨,せり・入札,5.0,2838.0,139229.0,5400.0,3780.0,3240.0,1080,756,648
2025-09-04,大田,ピオーネ,山梨,相対,5.0,134869.0,139229.0,7560.0,6156.0,4860.0,1512,1231,972
2025-09-04,大田,ピオーネ,岡山,相対,5.0,134869.0,139229.0,10800.0,5832.0,4320.0,2160,1166,864
2025-09-04,大田,巨峰,各地,相対,0.35,134869.0,139229.0,346.0,335.0,302.0,989,957,863
2025-09-04,大田,巨峰,山梨,せり・入札,5.0,2838.0,139229.0,6480.0,4860.0,,1296,972,
2025-09-04,大田,巨峰,山梨,相対,5.0,134869.0,139229.0,6480.0,,5400.0,1296,,1080
2025-09-04,大田,巨峰,長野,相対,0.35,134869.0,139229.0,594.0,572.0,464.0,1697,1634,1326
2025-09-04,大田,甲斐路,山梨,相対,5.0,134869.0,139229.0,6480.0,,,1296,,
2025-09-04,板橋,シャインマスカット,山梨,相対,5.0,4270.0,4300.0,8640.0,8100.0,4860.0,1728,1620,972
2025-09-04,板橋,シャインマスカット,山梨,第三者販売,5.0,30.0,4300.0,8640.0,,,1728,,
2025-09-04,板橋,ピオーネ,山梨,相対,5.0,4270.0,4300.0,5400.0,,4860.0,1080,,972
2025-09-04,板橋,巨峰,山梨,相対,5.0,4270.0,4300.0,5400.0,,4860.0,1080,,972
2025-09-04,淀橋,シャインマスカット,山梨,相対,5.0,25358.0,25358.0,9720.0,,,1944,,
2025-09-04,淀橋,シャインマスカット,長野,相対,5.0,25358.0,25358.0,12960.0,,10800.0,2592,,2160
2025-09-04,淀橋,ピオーネ,山梨,相対,5.0,25358.0,25358.0,8100.0,,,1620,,
2025-09-04,淀橋,巨峰,山梨,相対,5.0,25358.0,25358.0,7560.0,,,1512,,
2025-09-04,淀橋,巨峰,長野,相対,0.35,25358.0,25358.0,594.0,,,1697,,
2025-09-04,葛西,シャインマスカット,山梨,相対,5.0,4600.0,4700.0,,7560.0,,,1512,
2025-09-04,葛西,巨峰,山梨,相対,5.0,4600.0,4700.0,,6480.0,,,1296,
2025-09-04,豊島,シャインマスカット,山梨,相対,5.0,3200.0,3200.0,10800.0,10260.0,9720.0,2160,2052,1944
2025-09-04,豊島,シャインマスカット,長野,相対,5.0,3200.0,3200.0,10800.0,,9720.0,2160,,1944
2025-09-04,豊島,ピオーネ,山梨,相対,5.0,3200.0,3200.0,7344.0,,6480.0,1469,,1296
2025-09-04,豊島,巨峰,山梨,相対,5.0,3200.0,3200.0,6696.0,,5940.0,1339,,1188
2025-09-04,豊島,巨峰,長野,相対,0.35,3200.0,3200.0,540.0,,,1543,,
2025-09-04,豊洲,シャインマスカット,各地,相対,5.0,24579.0,32014.0,14040.0,10800.0,8640.0,2808,2160,1728
2025-09-04,豊洲,シャインマスカット,各地,第三者販売,5.0,5880.0,32014.0,15120.0,,11880.0,3024,,2376
2025-09-04,豊洲,シャインマスカット,山梨,商物分離,5.0,1950.0,32014.0,9720.0,8640.0,7560.0,1944,1728,1512
2025-09-04,豊洲,シャインマスカット,山梨,相対,5.0,24579.0,32014.0,9720.0,8640.0,7560.0,1944,1728,1512
2025-09-04,豊洲,シャインマスカット,山梨,第三者販売,5.0,5880.0,32014.0,9180.0,8640.0,8100.0,1836,1728,1620
2025-09-04,豊洲,シャインマスカット,長野,相対,5.0,24579.0,32014.0,10800.0,9720.0,8640.0,2160,1944,1728
2025-09-04,豊洲,シャインマスカット,長野,第三者販売,5.0,5880.0,32014.0,10800.0,,9720.0,2160,,1944
2025-09-04,豊洲,ピオーネ,山梨,相対,5.0,24579.0,32014.0,7560.0,,5400.0,1512,,1080
2025-09-04,豊洲,ピオーネ,山梨,第三者販売,5.0,5880.0,32014.0,7560.0,5940.0,5400.0,1512,1188,1080
2025-09-04,豊洲,巨峰,山梨,相対,5.0,24579.0,32014.0,7020.0,,5940.0,1404,,1188
2025-09-04,豊洲,巨峰,山梨,第三者販売,5.0,5880.0,32014.0,6696.0,,5940.0,1339,,1188
2025-09-04,豊洲,巨峰,長野,相対,0.35,24579.0,32014.0,540.0,,378.0,1543,,1080
2025-09-04,豊洲,巨峰,長野,第三者販売,0.35,5880.0,32014.0,540.0,,518.0,1543,,1480
2025-09-05,世田谷,シャインマスカット,山梨,相対,5.0,900.0,900.0,,7560.0,,,1512,
2025-09-05,世田谷,巨峰,各地,相対,0.35,900.0,900.0,,486.0,,,1389,
2025-09-05,北足立,シャインマスカット,各地,相対,5.0,12200.0,12200.0,8640.0,7560.0,6480.0,1728,1512,1296
2025-09-05,北足立,シャインマスカット,山梨,相対,5.0,12200.0,12200.0,,8640.0,,,1728,
2025-09-05,北足立,巨峰,山梨,相対,5.0,12200.0,12200.0,6480.0,,,1296,,
2025-09-05,多摩NT,シャインマスカット,山梨,相対,5.0,3453.0,3453.0,6480.0,,,1296,,
2025-09-05,多摩NT,シャインマスカット,長野,相対,5.0,3453.0,3453.0,10800.0,,,2160,,
2025-09-05,多摩NT,巨峰,山梨,相対,5.0,3453.0,3453.0,4320.0,,,864,,
2025-09-05,多摩NT,巨峰,長野,相対,0.35,3453.0,3453.0,540.0,,,1543,,
2025-09-05,大田,シャインマスカット,各地,商物分離,5.0,341.0,135121.0,9720.0,,,1944,,
2025-09-05,大田,シャインマスカット,各地,相対,5.0,132191.0,135121.0,21600.0,10152.0,6480.0,4320,2030,1296
2025-09-05,大田,シャインマスカット,各地,第三者販売,5.0,216.0,135121.0,8640.0,,,1728,,
2025-09-05,大田,シャインマスカット,山梨,せり・入札,5.0,2373.0,135121.0,11880.0,6480.0,5400.0,2376,1296,1080
2025-09-05,大田,シャインマスカット,山梨,商物分離,5.0,341.0,135121.0,9180.0,,,1836,,
2025-09-05,大田,シャインマスカット,山梨,相対,5.0,132191.0,135121.0,10800.0,8208.0,2700.0,2160,1642,540
2025-09-05,大田,シャインマスカット,長野,相対,5.0,132191.0,135121.0,11880.0,9936.0,5400.0,2376,1987,1080
2025-09-05,大田,ピオーネ,各地,相対,5.0,132191.0,135121.0,7020.0,6264.0,5400.0,1404,1253,1080
2025-09-05,大田,ピオーネ,山梨,せり・入札,5.0,2373.0,135121.0,5400.0,,,1080,,
2025-09-05,大田,ピオーネ,山梨,相対,5.0,132191.0,135121.0,7560.0,6048.0,4860.0,1512,1210,972
2025-09-05,大田,ピオーネ,岡山,相対,5.0,132191.0,135121.0,9720.0,5724.0,4320.0,1944,1145,864
2025-09-05,大田,巨峰,各地,相対,0.35,132191.0,135121.0,346.0,324.0,302.0,989,926,863
2025-09-05,大田,巨峰,山梨,相対,5.0,132191.0,135121.0,6480.0,,5400.0,1296,,1080
2025-09-05,大田,巨峰,長野,相対,0.35,132191.0,135121.0,594.0,594.0,270.0,1697,1697,771
2025-09-05,板橋,シャインマスカット,山梨,相対,5.0,5070.0,5100.0,8640.0,7560.0,5400.0,1728,1512,1080
2025-09-05,板橋,シャインマスカット,山梨,第三者販売,5.0,30.0,5100.0,8640.0,,,1728,,
2025-09-05,板橋,ピオーネ,山梨,相対,5.0,5070.0,5100.0,5400.0,4860.0,3240.0,1080,972,648
2025-09-05,板橋,ピオーネ,山梨,第三者販売,5.0,30.0,5100.0,5400.0,,,1080,,
2025-09-05,板橋,巨峰,山梨,相対,5.0,5070.0,5100.0,5400.0,,4860.0,1080,,972
2025-09-05,淀橋,シャインマスカット,山梨,相対,5.0,24007.0,24007.0,9720.0,,,1944,,
2025-09-05,淀橋,シャインマスカット,長野,相対,5.0,24007.0,24007.0,12960.0,,10800.0,2592,,2160
2025-09-05,淀橋,ピオーネ,山梨,相対,5.0,24007.0,24007.0,8100.0,,,1620,,
2025-09-05,淀橋,巨峰,山梨,相対,5.0,24007.0,24007.0,7560.0,,,1512,,
2025-09-05,淀橋,巨峰,長野,相対,0.35,24007.0,24007.0,594.0,,,1697,,
2025-09-05,葛西,シャインマスカット,山梨,相対,5.0,4700.0,4800.0,,7560.0,,,1512,
2025-09-05,葛西,巨峰,山梨,相対,5.0,4700.0,4800.0,,6480.0,,,1296,
2025-09-05,豊島,シャインマスカット,山梨,相対,5.0,3400.0,3400.0,10260.0,9720.0,9180.0,2052,1944,1836
2025-09-05,豊島,シャインマスカット,長野,相対,5.0,3400.0,3400.0,10800.0,,9720.0,2160,,1944
2025-09-05,豊島,ピオーネ,山梨,相対,5.0,3400.0,3400.0,7344.0,,6480.0,1469,,1296
2025-09-05,豊島,巨峰,山梨,相対,5.0,3400.0,3400.0,7020.0,6696.0,5940.0,1404,1339,1188
2025-09-05,豊島,巨峰,長野,相対,0.35,3400.0,3400.0,540.0,,,1543,,
2025-09-05,豊洲,シャインマスカット,各地,相対,5.0,15542.0,30917.0,15120.0,10800.0,8640.0,3024,2160,1728
2025-09-05,豊洲,シャインマスカット,各地,第三者販売,5.0,14550.0,30917.0,11880.0,10800.0,8640.0,2376,2160,1728
2025-09-05,豊洲,シャインマスカット,山梨,商物分離,5.0,825.0,30917.0,9720.0,,7560.0,1944,,1512
2025-09-05,豊洲,シャインマスカット,山梨,相対,5.0,15542.0,30917.0,8640.0,7560.0,6480.0,1728,1512,1296
2025-09-05,豊洲,シャインマスカット,山梨,第三者販売,5.0,14550.0,30917.0,9180.0,8640.0,7560.0,1836,1728,1512
2025-09-05,豊洲,シャインマスカット,長野,相対,5.0,15542.0,30917.0,10800.0,9720.0,7560.0,2160,1944,1512
2025-09-05,豊洲,シャインマスカット,長野,第三者販売,5.0,14550.0,30917.0,,10800.0,,,2160,
2025-09-05,豊洲,ピオーネ,山梨,相対,5.0,15542.0,30917.0,7560.0,,4860.0,1512,,972
2025-09-05,豊洲,ピオーネ,山梨,第三者販売,5.0,14550.0,30917.0,7560.0,,7020.0,1512,,1404
2025-09-05,豊洲,ピオーネ,岡山,相対,5.0,15542.0,30917.0,6480.0,,5940.0,1296,,1188
2025-09-05,豊洲,巨峰,各地,第三者販売,0.35,14550.0,30917.0,,356.0,,,1017,
2025-09-05,豊洲,巨峰,山梨,相対,5.0,15542.0,30917.0,7020.0,6912.0,5400.0,1404,1382,1080
2025-09-05,豊洲,巨峰,山梨,第三者販売,5.0,14550.0,30917.0,7020.0,,6696.0,1404,,1339
2025-09-05,豊洲,巨峰,長野,相対,0.35,15542.0,30917.0,540.0,518.0,432.0,1543,1480,1234
2025-09-05,豊洲,巨峰,長野,第三者販売,0.35,14550.0,30917.0,540.0,,518.0,1543,,1480
2025-09-06,世田谷,シャインマスカット,各地,相対,5.0,1600.0,1600.0,12960.0,,,2592,,
2025-09-06,世田谷,巨峰,山梨,相対,5.0,1600.0,1600.0,6480.0,,,1296,,
2025-09-06,世田谷,巨峰,長野,相対,0.35,1600.0,1600.0,540.0,,,1543,,
2025-09-06,北足立,シャインマスカット,各地,相対,5.0,11900.0,11900.0,8640.0,7560.0,6480.0,1728,1512,1296
2025-09-06,北足立,シャインマスカット,山梨,相対,5.0,11900.0,11900.0,,8640.0,,,1728,
2025-09-06,北足立,巨峰,山梨,相対,5.0,11900.0,11900.0,6480.0,,,1296,,
2025-09-06,多摩NT,シャインマスカット,山梨,相対,5.0,2772.0,2772.0,6480.0,,,1296,,
2025-09-06,多摩NT,シャインマスカット,長野,相対,5.0,2772.0,2772.0,10800.0,,,2160,,
2025-09-06,多摩NT,巨峰,山梨,相対,5.0,2772.0,2772.0,4320.0,,,864,,
2025-09-06,多摩NT,巨峰,長野,相対,0.35,2772.0,2772.0,540.0,,,1543,,
2025-09-06,大田,シャインマスカット,各地,商物分離,5.0,850.0,132217.0,9720.0,,,1944,,
2025-09-06,大田,シャインマスカット,各地,相対,5.0,129298.0,132217.0,21600.0,9720.0,5400.0,4320,1944,1080
2025-09-06,大田,シャインマスカット,各地,第三者販売,5.0,202.0,132217.0,8640.0,8208.0,7560.0,1728,1642,1512
2025-09-06,大田,シャインマスカット,山梨,せり・入札,5.0,1867.0,132217.0,10800.0,5940.0,3780.0,2160,1188,756
2025-09-06,大田,シャインマスカット,山梨,商物分離,5.0,850.0,132217.0,8100.0,,,1620,,
2025-09-06,大田,シャインマスカット,山梨,相対,5.0,129298.0,132217.0,10800.0,8208.0,3240.0,2160,1642,648
2025-09-06,大田,シャインマスカット,長野,相対,5.0,129298.0,132217.0,11880.0,9936.0,6480.0,2376,1987,1296
2025-09-06,大田,ピオーネ,各地,相対,5.0,129298.0,132217.0,7020.0,6048.0,5400.0,1404,1210,1080
2025-09-06,大田,ピオーネ,山梨,相対,5.0,129298.0,132217.0,7560.0,6156.0,4644.0,1512,1231,929
2025-09-06,大田,ピオーネ,岡山,相対,5.0,129298.0,132217.0,9720.0,6156.0,4320.0,1944,1231,864
2025-09-06,大田,巨峰,各地,相対,0.35,129298.0,132217.0,346.0,313.0,302.0,989,894,863
2025-09-06,大田,巨峰,山梨,相対,5.0,129298.0,132217.0,6480.0,,5400.0,1296,,1080
2025-09-06,大田,巨峰,長野,相対,0.35,129298.0,132217.0,594.0,518.0,432.0,1697,1480,1234
2025-09-06,大田,甲斐路,山梨,相対,5.0,129298.0,132217.0,6480.0,,,1296,,
2025-09-06,板橋,シャインマスカット,山梨,相対,5.0,4280.0,4300.0,8640.0,7560.0,4860.0,1728,1512,972
2025-09-06,板橋,シャインマスカット,山梨,第三者販売,5.0,20.0,4300.0,8640.0,,,1728,,
2025-09-06,板橋,ピオーネ,山梨,相対,5.0,4280.0,4300.0,5400.0,4320.0,3564.0,1080,864,713
2025-09-06,板橋,巨峰,山梨,相対,5.0,4280.0,4300.0,4860.0,,,972,,
2025-09-06,淀橋,シャインマスカット,山梨,相対,5.0,24892.0,24892.0,9720.0,,,1944,,
2025-09-06,淀橋,シャインマスカット,長野,相対,5.0,24892.0,24892.0,12960.0,,10800.0,2592,,2160
2025-09-06,淀橋,ピオーネ,山梨,相対,5.0,24892.0,24892.0,8100.0,,,1620,,
2025-09-06,淀橋,巨峰,山梨,相対,5.0,24892.0,24892.0,7560.0,,,1512,,
2025-09-06,淀橋,巨峰,長野,相対,0.35,24892.0,24892.0,594.0,,,1697,,
2025-09-06,葛西,シャインマスカット,山梨,相対,5.0,4300.0,4400.0,,7560.0,,,1512,
2025-09-06,葛西,巨峰,山梨,相対,5.0,4300.0,4400.0,,6480.0,,,1296,
2025-09-06,豊島,シャインマスカット,山梨,相対,5.0,3200.0,3200.0,9720.0,,9180.0,1944,,1836
2025-09-06,豊島,シャインマスカット,長野,相対,5.0,3200.0,3200.0,10800.0,10260.0,9180.0,2160,2052,1836
2025-09-06,豊島,ピオーネ,山梨,相対,5.0,3200.0,3200.0,7344.0,,6480.0,1469,,1296
2025-09-06,豊島,巨峰,山梨,相対,5.0,3200.0,3200.0,7020.0,6480.0,5940.0,1404,1296,1188
2025-09-06,豊島,巨峰,長野,相対,0.35,3200.0,3200.0,540.0,,518.0,1543,,1480
2025-09-06,豊洲,シャインマスカット,各地,相対,5.0,17235.0,29250.0,10800.0,8640.0,7560.0,2160,1728,1512
2025-09-06,豊洲,シャインマスカット,各地,第三者販売,5.0,10570.0,29250.0,14040.0,10800.0,9720.0,2808,2160,1944
2025-09-06,豊洲,シャインマスカット,山梨,商物分離,5.0,1520.0,29250.0,9720.0,7560.0,,1944,1512,
2025-09-06,豊洲,シャインマスカット,山梨,相対,5.0,17235.0,29250.0,9720.0,8640.0,7560.0,1944,1728,1512
2025-09-06,豊洲,シャインマスカット,山梨,第三者販売,5.0,10570.0,29250.0,11880.0,8640.0,7560.0,2376,1728,1512
2025-09-06,豊洲,シャインマスカット,長野,相対,5.0,17235.0,29250.0,10800.0,9720.0,8640.0,2160,1944,1728
2025-09-06,豊洲,シャインマスカット,長野,第三者販売,5.0,10570.0,29250.0,10800.0,9720.0,5940.0,2160,1944,1188
2025-09-06,豊洲,ピオーネ,山梨,相対,5.0,17235.0,29250.0,7560.0,,5400.0,1512,,1080
2025-09-06,豊洲,ピオーネ,山梨,第三者販売,5.0,10570.0,29250.0,7560.0,,7020.0,1512,,1404
2025-09-06,豊洲,ピオーネ,岡山,相対,5.0,17235.0,29250.0,,4320.0,,,864,
2025-09-06,豊洲,ピオーネ,岡山,第三者販売,5.0,10570.0,29250.0,7020.0,6480.0,5940.0,1404,1296,1188
2025-09-06,豊洲,巨峰,山梨,商物分離,5.0,1520.0,29250.0,,6912.0,,,1382,
2025-09-06,豊洲,巨峰,山梨,相対,5.0,17235.0,29250.0,7020.0,5940.0,5400.0,1404,1188,1080
2025-09-06,豊洲,巨峰,山梨,第三者販売,5.0,10570.0,29250.0,,6696.0,,,1339,
2025-09-06,豊洲,巨峰,長野,相対,0.35,17235.0,29250.0,540.0,,324.0,1543,,926
2025-09-06,豊洲,巨峰,長野,第三者販売,0.35,10570.0,29250.0,518.0,378.0,346.0,1480,1080,989
2025-09-08,世田谷,シャインマスカット,長野,相対,5.0,600.0,600.0,10800.0,,,2160,,
2025-09-08,世田谷,巨峰,長野,相対,0.35,600.0,600.0,572.0,,,1634,,
2025-09-08,北足立,シャインマスカット,各地,相対,5.0,17300.0,17300.0,8640.0,7560.0,6480.0,1728,1512,1296
2025-09-08,北足立,シャインマスカット,山梨,相対,5.0,17300.0,17300.0,,8640.0,,,1728,
2025-09-08,北足立,巨峰,山梨,相対,5.0,17300.0,17300.0,6480.0,,,1296,,
2025-09-08,多摩NT,シャインマスカット,長野,相対,5.0,632.0,632.0,10260.0,,,2052,,
2025-09-08,多摩NT,巨峰,山梨,相対,5.0,632.0,632.0,7668.0,,,1534,,
2025-09-08,多摩NT,巨峰,長野,相対,0.35,632.0,632.0,648.0,,,1851,,
2025-09-08,大田,シャインマスカット,各地,商物分離,5.0,2491.0,141161.0,9720.0,,,1944,,
2025-09-08,大田,シャインマスカット,各地,相対,5.0,136677.0,141161.0,19440.0,9396.0,3780.0,3888,1879,756
2025-09-08,大田,シャインマスカット,各地,第三者販売,5.0,161.0,141161.0,7560.0,,,1512,,
2025-09-08,大田,シャインマスカット,山梨,せり・入札,5.0,1832.0,141161.0,10800.0,3780.0,3240.0,2160,756,648
2025-09-08,大田,シャインマスカット,山梨,商物分離,5.0,2491.0,141161.0,11880.0,8964.0,8100.0,2376,1793,1620
2025-09-08,大田,シャインマスカット,山梨,相対,5.0,136677.0,141161.0,10800.0,8100.0,2160.0,2160,1620,432
2025-09-08,大田,シャインマスカット,長野,相対,5.0,136677.0,141161.0,11880.0,9936.0,8100.0,2376,1987,1620
2025-09-08,大田,ピオーネ,各地,相対,5.0,136677.0,141161.0,5940.0,5832.0,5400.0,1188,1166,1080
2025-09-08,大田,ピオーネ,山梨,せり・入札,5.0,1832.0,141161.0,6480.0,,5400.0,1296,,1080
2025-09-08,大田,ピオーネ,山梨,相対,5.0,136677.0,141161.0,7560.0,6156.0,4860.0,1512,1231,972
2025-09-08,大田,ピオーネ,岡山,相対,5.0,136677.0,141161.0,16200.0,6912.0,4320.0,3240,1382,864
2025-09-08,大田,巨峰,各地,せり・入札,0.35,1832.0,141161.0,410.0,,,1171,,
2025-09-08,大田,巨峰,各地,相対,0.35,136677.0,141161.0,400.0,324.0,302.0,1143,926,863
2025-09-08,大田,巨峰,山梨,せり・入札,5.0,1832.0,141161.0,6480.0,5400.0,,1296,1080,
2025-09-08,大田,巨峰,山梨,相対,5.0,136677.0,141161.0,6480.0,6372.0,3780.0,1296,1274,756
2025-09-08,大田,巨峰,長野,相対,0.35,136677.0,141161.0,540.0,540.0,292.0,1543,1543,834
2025-09-08,大田,甲斐路,山梨,相対,5.0,136677.0,141161.0,3780.0,,,756,,
2025-09-08,板橋,シャインマスカット,山梨,相対,5.0,4505.0,4700.0,8640.0,8640.0,4320.0,1728,1728,864
2025-09-08,板橋,シャインマスカット,山梨,第三者販売,5.0,170.0,4700.0,6480.0,,,1296,,
2025-09-08,板橋,ピオーネ,各地,せり・入札,5.0,25.0,4700.0,,,3780.0,,,756
2025-09-08,板橋,ピオーネ,山梨,相対,5.0,4505.0,4700.0,5400.0,,4860.0,1080,,972
2025-09-08,板橋,ピオーネ,山梨,第三者販売,5.0,170.0,4700.0,5400.0,,,1080,,
2025-09-08,板橋,巨峰,山梨,相対,5.0,4505.0,4700.0,5400.0,,4860.0,1080,,972
2025-09-08,淀橋,シャインマスカット,山梨,相対,5.0,24529.0,24529.0,9720.0,,,1944,,
2025-09-08,淀橋,シャインマスカット,長野,相対,5.0,24529.0,24529.0,12960.0,,10800.0,2592,,2160
2025-09-08,淀橋,ピオーネ,山梨,相対,5.0,24529.0,24529.0,8100.0,,,1620,,
2025-09-08,淀橋,巨峰,山梨,相対,5.0,24529.0,24529.0,7560.0,,,1512,,
2025-09-08,淀橋,巨峰,長野,相対,0.35,24529.0,24529.0,594.0,,,1697,,
2025-09-08,葛西,シャインマスカット,山梨,相対,5.0,4700.0,4800.0,,7560.0,,,1512,
2025-09-08,葛西,巨峰,山梨,相対,5.0,4700.0,4800.0,,6480.0,,,1296,
2025-09-08,豊島,シャインマスカット,山梨,相対,5.0,3100.0,3100.0,9720.0,,9180.0,1944,,1836
2025-09-08,豊島,シャインマスカット,長野,相対,5.0,3100.0,3100.0,10800.0,10260.0,9180.0,2160,2052,1836
2025-09-08,豊島,ピオーネ,山梨,相対,5.0,3100.0,3100.0,7344.0,,6480.0,1469,,1296
2025-09-08,豊島,巨峰,山梨,相対,5.0,3100.0,3100.0,6696.0,,5940.0,1339,,1188
2025-09-08,豊島,巨峰,長野,相対,0.35,3100.0,3100.0,540.0,,508.0,1543,,1451
2025-09-08,豊洲,シャインマスカット,各地,相対,5.0,17557.0,28784.0,10800.0,8640.0,7560.0,2160,1728,1512
2025-09-08,豊洲,シャインマスカット,各地,第三者販売,5.0,9272.0,28784.0,10800.0,,7560.0,2160,,1512
2025-09-08,豊洲,シャインマスカット,山梨,商物分離,5.0,2605.0,28784.0,10476.0,10260.0,7560.0,2095,2052,1512
2025-09-08,豊洲,シャインマスカット,山梨,相対,5.0,17557.0,28784.0,9180.0,8640.0,7560.0,1836,1728,1512
2025-09-08,豊洲,シャインマスカット,山梨,第三者販売,5.0,9272.0,28784.0,9180.0,8640.0,6480.0,1836,1728,1296
2025-09-08,豊洲,シャインマスカット,長野,商物分離,5.0,2605.0,28784.0,8964.0,,,1793,,
2025-09-08,豊洲,シャインマスカット,長野,相対,5.0,17557.0,28784.0,10800.0,,9180.0,2160,,1836
2025-09-08,豊洲,シャインマスカット,長野,第三者販売,5.0,9272.0,28784.0,10800.0,,8640.0,2160,,1728
2025-09-08,豊洲,ピオーネ,山梨,相対,5.0,17557.0,28784.0,7560.0,,7020.0,1512,,1404
2025-09-08,豊洲,ピオーネ,山梨,第三者販売,5.0,9272.0,28784.0,7560.0,,5940.0,1512,,1188
2025-09-08,豊洲,巨峰,山梨,商物分離,5.0,2605.0,28784.0,,6912.0,,,1382,
2025-09-08,豊洲,巨峰,山梨,相対,5.0,17557.0,28784.0,8100.0,7020.0,6696.0,1620,1404,1339
2025-09-08,豊洲,巨峰,山梨,第三者販売,5.0,9272.0,28784.0,7020.0,,6696.0,1404,,1339
2025-09-08,豊洲,巨峰,長野,相対,0.35,17557.0,28784.0,540.0,,378.0,1543,,1080
2025-09-08,豊洲,巨峰,長野,第三者販売,0.35,9272.0,28784.0,540.0,,378.0,1543,,1080
2025-09-09,世田谷,シャインマスカット,各地,相対,5.0,700.0,700.0,11880.0,,,2376,,
2025-09-09,世田谷,シャインマスカット,長野,相対,5.0,700.0,700.0,10800.0,,,2160,,
2025-09-09,世田谷,巨峰,長野,相対,0.35,700.0,700.0,540.0,,,1543,,
2025-09-09,北足立,シャインマスカット,各地,相対,5.0,10900.0,10900.0,8640.0,7560.0,6480.0,1728,1512,1296
2025-09-09,北足立,シャインマスカット,山梨,相対,5.0,10900.0,10900.0,,8640.0,,,1728,
2025-09-09,北足立,ピオーネ,各地,相対,5.0,10900.0,10900.0,6480.0,5940.0,5400.0,1296,1188,1080
2025-09-09,北足立,巨峰,山梨,相対,5.0,10900.0,10900.0,6480.0,,,1296,,
2025-09-09,多摩NT,シャインマスカット,長野,相対,5.0,3251.0,3251.0,10260.0,,,2052,,
2025-09-09,多摩NT,巨峰,山梨,相対,5.0,3251.0,3251.0,7668.0,,,1534,,
2025-09-09,大田,シャインマスカット,各地,商物分離,5.0,312.0,134126.0,9720.0,,,1944,,
2025-09-09,大田,シャインマスカット,各地,相対,5.0,131760.0,134126.0,19440.0,8532.0,5400.0,3888,1706,1080
2025-09-09,大田,シャインマスカット,各地,第三者販売,5.0,70.0,134126.0,7560.0,,,1512,,
2025-09-09,大田,シャインマスカット,山梨,せり・入札,5.0,1984.0,134126.0,11880.0,8100.0,4320.0,2376,1620,864
2025-09-09,大田,シャインマスカット,山梨,商物分離,5.0,312.0,134126.0,9180.0,,,1836,,
2025-09-09,大田,シャインマスカット,山梨,相対,5.0,131760.0,134126.0,10800.0,7992.0,2700.0,2160,1598,540
2025-09-09,大田,シャインマスカット,長野,相対,5.0,131760.0,134126.0,11880.0,9504.0,7020.0,2376,1901,1404
2025-09-09,大田,ピオーネ,各地,相対,5.0,131760.0,134126.0,9180.0,7560.0,5400.0,1836,1512,1080
2025-09-09,大田,ピオーネ,山梨,せり・入札,5.0,1984.0,134126.0,4860.0,,,972,,
2025-09-09,大田,ピオーネ,山梨,相対,5.0,131760.0,134126.0,7560.0,6156.0,4860.0,1512,1231,972
2025-09-09,大田,ピオーネ,岡山,相対,5.0,131760.0,134126.0,12960.0,6696.0,4320.0,2592,1339,864
2025-09-09,大田,巨峰,各地,相対,0.35,131760.0,134126.0,410.0,313.0,248.0,1171,894,709
2025-09-09,大田,巨峰,山梨,せり・入札,5.0,1984.0,134126.0,6480.0,4860.0,,1296,972,
2025-09-09,大田,巨峰,山梨,相対,5.0,131760.0,134126.0,6480.0,6156.0,4320.0,1296,1231,864
2025-09-09,大田,巨峰,長野,相対,0.35,131760.0,134126.0,594.0,497.0,324.0,1697,1420,926
2025-09-09,板橋,シャインマスカット,山梨,相対,5.0,4500.0,4600.0,8640.0,7560.0,3240.0,1728,1512,648
2025-09-09,板橋,シャインマスカット,山梨,第三者販売,5.0,100.0,4600.0,8640.0,,6480.0,1728,,1296
2025-09-09,板橋,ピオーネ,山梨,相対,5.0,4500.0,4600.0,5940.0,5400.0,4320.0,1188,1080,864
2025-09-09,板橋,ピオーネ,山梨,第三者販売,5.0,100.0,4600.0,5940.0,,5400.0,1188,,1080
2025-09-09,板橋,巨峰,山梨,相対,5.0,4500.0,4600.0,5940.0,,5400.0,1188,,1080
2025-09-09,板橋,巨峰,山梨,第三者販売,5.0,100.0,4600.0,5940.0,,,1188,,
2025-09-09,板橋,巨峰,長野,相対,0.35,4500.0,4600.0,486.0,,,1389,,
2025-09-09,淀橋,シャインマスカット,各地,相対,5.0,27372.0,27372.0,9720.0,8640.0,7560.0,1944,1728,1512
2025-09-09,淀橋,シャインマスカット,山梨,相対,5.0,27372.0,27372.0,9720.0,,,1944,,
2025-09-09,淀橋,シャインマスカット,長野,相対,5.0,27372.0,27372.0,12960.0,,10800.0,2592,,2160
2025-09-09,淀橋,ピオーネ,山梨,相対,5.0,27372.0,27372.0,8100.0,,,1620,,
2025-09-09,淀橋,巨峰,山梨,相対,5.0,27372.0,27372.0,7560.0,,,1512,,
2025-09-09,淀橋,巨峰,長野,相対,0.35,27372.0,27372.0,594.0,,,1697,,
2025-09-09,葛西,シャインマスカット,山梨,相対,5.0,4300.0,4400.0,,7560.0,,,1512,
2025-09-09,葛西,巨峰,山梨,せり・入札,5.0,100.0,4400.0,,7560.0,,,1512,
2025-09-09,豊島,シャインマスカット,山梨,相対,5.0,3400.0,3400.0,9720.0,9180.0,8640.0,1944,1836,1728
2025-09-09,豊島,シャインマスカット,長野,相対,5.0,3400.0,3400.0,10260.0,9720.0,9180.0,2052,1944,1836
2025-09-09,豊島,ピオーネ,山梨,相対,5.0,3400.0,3400.0,7344.0,6480.0,5400.0,1469,1296,1080
2025-09-09,豊島,巨峰,山梨,相対,5.0,3400.0,3400.0,6696.0,6480.0,5940.0,1339,1296,1188
2025-09-09,豊島,巨峰,長野,相対,0.35,3400.0,3400.0,540.0,,508.0,1543,,1451
2025-09-09,豊洲,シャインマスカット,各地,相対,5.0,20724.0,30271.0,10800.0,8640.0,7560.0,2160,1728,1512
2025-09-09,豊洲,シャインマスカット,各地,第三者販売,5.0,9197.0,30271.0,15120.0,10800.0,7560.0,3024,2160,1512
2025-09-09,豊洲,シャインマスカット,山梨,商物分離,5.0,350.0,30271.0,,9720.0,,,1944,
2025-09-09,豊洲,シャインマスカット,山梨,相対,5.0,20724.0,30271.0,9720.0,8640.0,7560.0,1944,1728,1512
2025-09-09,豊洲,シャインマスカット,山梨,第三者販売,5.0,9197.0,30271.0,7560.0,6480.0,5400.0,1512,1296,1080
2025-09-09,豊洲,シャインマスカット,長野,相対,5.0,20724.0,30271.0,10260.0,9180.0,8640.0,2052,1836,1728
2025-09-09,豊洲,シャインマスカット,長野,第三者販売,5.0,9197.0,30271.0,16200.0,10260.0,9180.0,3240,2052,1836
2025-09-09,豊洲,ピオーネ,山梨,相対,5.0,20724.0,30271.0,7560.0,,5400.0,1512,,1080
2025-09-09,豊洲,ピオーネ,山梨,第三者販売,5.0,9197.0,30271.0,7560.0,,7020.0,1512,,1404
2025-09-09,豊洲,ピオーネ,岡山,相対,5.0,20724.0,30271.0,8640.0,,7020.0,1728,,1404
2025-09-09,豊洲,ピオーネ,岡山,第三者販売,5.0,9197.0,30271.0,7776.0,6696.0,6156.0,1555,1339,1231
2025-09-09,豊洲,巨峰,山梨,相対,5.0,20724.0,30271.0,7020.0,5724.0,5400.0,1404,1145,1080
2025-09-09,豊洲,巨峰,山梨,第三者販売,5.0,9197.0,30271.0,7020.0,6696.0,4320.0,1404,1339,864
2025-09-09,豊洲,巨峰,長野,相対,0.35,20724.0,30271.0,540.0,,432.0,1543,,1234
2025-09-09,豊洲,巨峰,長野,第三者販売,0.35,9197.0,30271.0,540.0,,518.0,1543,,1480
2025-09-11,世田谷,シャインマスカット,山梨,相対,5.0,1100.0,1100.0,6480.0,,,1296,,
2025-09-11,世田谷,巨峰,山梨,相対,5.0,1100.0,1100.0,,5480.0,,,1096,
2025-09-11,世田谷,巨峰,長野,相対,0.35,1100.0,1100.0,562.0,,,1606,,
2025-09-11,世田谷,甲斐路,山梨,相対,5.0,1100.0,1100.0,,,4320.0,,,864
2025-09-11,北足立,シャインマスカット,各地,相対,5.0,12800.0,12800.0,8640.0,7560.0,6480.0,1728,1512,1296
2025-09-11,北足立,シャインマスカット,山梨,相対,5.0,12800.0,12800.0,,8640.0,,,1728,
2025-09-11,北足立,ピオーネ,各地,相対,5.0,12800.0,12800.0,6480.0,5940.0,5400.0,1296,1188,1080
2025-09-11,北足立,巨峰,山梨,相対,5.0,12800.0,12800.0,6480.0,,,1296,,
2025-09-11,多摩NT,シャインマスカット,長野,相対,5.0,2265.0,2265.0,10260.0,,,2052,,
2025-09-11,多摩NT,巨峰,山梨,相対,5.0,2265.0,2265.0,7668.0,,,1534,,
2025-09-11,多摩NT,巨峰,長野,相対,0.35,2265.0,2265.0,648.0,,,1851,,
2025-09-11,大田,シャインマスカット,各地,商物分離,5.0,1850.0,162628.0,9720.0,,,1944,,
2025-09-11,大田,シャインマスカット,各地,相対,5.0,158720.0,162628.0,19440.0,9720.0,5940.0,3888,1944,1188
2025-09-11,大田,シャインマスカット,各地,第三者販売,5.0,109.0,162628.0,7560.0,,,1512,,
2025-09-11,大田,シャインマスカット,山梨,せり・入札,5.0,1949.0,162628.0,11880.0,7560.0,5400.0,2376,1512,1080
2025-09-11,大田,シャインマスカット,山梨,商物分離,5.0,1850.0,162628.0,9720.0,8748.0,8100.0,1944,1750,1620
2025-09-11,大田,シャインマスカット,山梨,相対,5.0,158720.0,162628.0,10800.0,8208.0,2700.0,2160,1642,540
2025-09-11,大田,シャインマスカット,長野,相対,5.0,158720.0,162628.0,12960.0,10152.0,8586.0,2592,2030,1717
2025-09-11,大田,ピオーネ,各地,相対,5.0,158720.0,162628.0,6480.0,6156.0,5400.0,1296,1231,1080
2025-09-11,大田,ピオーネ,山梨,せり・入札,5.0,1949.0,162628.0,4320.0,,,864,,
2025-09-11,大田,ピオーネ,山梨,相対,5.0,158720.0,162628.0,7560.0,6156.0,4320.0,1512,1231,864
2025-09-11,大田,ピオーネ,岡山,相対,5.0,158720.0,162628.0,12960.0,6480.0,4320.0,2592,1296,864
2025-09-11,大田,巨峰,各地,相対,0.35,158720.0,162628.0,432.0,378.0,324.0,1234,1080,926
2025-09-11,大田,巨峰,山梨,せり・入札,5.0,1949.0,162628.0,6480.0,4104.0,3780.0,1296,821,756
2025-09-11,大田,巨峰,山梨,相対,5.0,158720.0,162628.0,6480.0,6264.0,4860.0,1296,1253,972
2025-09-11,大田,巨峰,長野,相対,0.35,158720.0,162628.0,540.0,486.0,378.0,1543,1389,1080
2025-09-11,大田,甲斐路,山梨,相対,5.0,158720.0,162628.0,6480.0,6480.0,,1296,1296,
2025-09-11,板橋,シャインマスカット,山梨,相対,5.0,6890.0,6900.0,8640.0,7560.0,,1728,1512,
2025-09-11,板橋,シャインマスカット,長野,相対,5.0,6890.0,6900.0,8640.0,,,1728,,
2025-09-11,板橋,ピオーネ,山梨,相対,5.0,6890.0,6900.0,5940.0,,5400.0,1188,,1080
2025-09-11,板橋,ピオーネ,山梨,第三者販売,5.0,10.0,6900.0,5940.0,,,1188,,
2025-09-11,板橋,巨峰,山梨,相対,5.0,6890.0,6900.0,5400.0,,,1080,,
2025-09-11,板橋,巨峰,長野,相対,0.35,6890.0,6900.0,486.0,,,1389,,
2025-09-11,淀橋,シャインマスカット,各地,相対,5.0,26961.0,26961.0,9720.0,8640.0,7560.0,1944,1728,1512
2025-09-11,淀橋,シャインマスカット,山梨,相対,5.0,26961.0,26961.0,9720.0,,,1944,,
2025-09-11,淀橋,シャインマスカット,長野,相対,5.0,26961.0,26961.0,10800.0,,9180.0,2160,,1836
2025-09-11,淀橋,ピオーネ,山梨,相対,5.0,26961.0,26961.0,8100.0,,,1620,,
2025-09-11,淀橋,巨峰,山梨,相対,5.0,26961.0,26961.0,7560.0,,,1512,,
2025-09-11,淀橋,巨峰,長野,相対,0.35,26961.0,26961.0,540.0,,,1543,,
2025-09-11,葛西,シャインマスカット,山梨,相対,5.0,4200.0,4300.0,,7560.0,,,1512,
2025-09-11,葛西,巨峰,山梨,せり・入札,5.0,100.0,4300.0,,7560.0,,,1512,
2025-09-11,豊島,シャインマスカット,山梨,相対,5.0,3100.0,3100.0,9720.0,9180.0,8100.0,1944,1836,1620
2025-09-11,豊島,シャインマスカット,長野,相対,5.0,3100.0,3100.0,10260.0,9720.0,9180.0,2052,1944,1836
2025-09-11,豊島,ピオーネ,山梨,相対,5.0,3100.0,3100.0,7344.0,,6480.0,1469,,1296
2025-09-11,豊島,巨峰,山梨,相対,5.0,3100.0,3100.0,6480.0,,5400.0,1296,,1080
2025-09-11,豊島,巨峰,長野,相対,0.35,3100.0,3100.0,508.0,,486.0,1451,,1389
2025-09-11,豊洲,シャインマスカット,各地,相対,5.0,19882.0,30926.0,14040.0,10800.0,8640.0,2808,2160,1728
2025-09-11,豊洲,シャインマスカット,各地,第三者販売,5.0,9174.0,30926.0,15120.0,10800.0,7560.0,3024,2160,1512
2025-09-11,豊洲,シャインマスカット,山梨,商物分離,5.0,2070.0,30926.0,10476.0,9720.0,9180.0,2095,1944,1836
2025-09-11,豊洲,シャインマスカット,山梨,相対,5.0,19882.0,30926.0,9720.0,8640.0,7560.0,1944,1728,1512
2025-09-11,豊洲,シャインマスカット,山梨,第三者販売,5.0,9174.0,30926.0,9720.0,8640.0,7560.0,1944,1728,1512
2025-09-11,豊洲,シャインマスカット,長野,商物分離,5.0,2070.0,30926.0,10044.0,9180.0,,2009,1836,
2025-09-11,豊洲,シャインマスカット,長野,相対,5.0,19882.0,30926.0,9180.0,8640.0,8316.0,1836,1728,1663
2025-09-11,豊洲,シャインマスカット,長野,第三者販売,5.0,9174.0,30926.0,16200.0,10800.0,8748.0,3240,2160,1750
2025-09-11,豊洲,ピオーネ,各地,相対,5.0,19882.0,30926.0,5940.0,5400.0,4320.0,1188,1080,864
2025-09-11,豊洲,ピオーネ,山梨,相対,5.0,19882.0,30926.0,7560.0,,7020.0,1512,,1404
2025-09-11,豊洲,ピオーネ,山梨,第三者販売,5.0,9174.0,30926.0,,7560.0,,,1512,
2025-09-11,豊洲,巨峰,山梨,商物分離,5.0,2070.0,30926.0,,6912.0,,,1382,
2025-09-11,豊洲,巨峰,山梨,相対,5.0,19882.0,30926.0,5940.0,5724.0,5400.0,1188,1145,1080
2025-09-11,豊洲,巨峰,山梨,第三者販売,5.0,9174.0,30926.0,7020.0,,6696.0,1404,,1339
2025-09-11,豊洲,巨峰,長野,商物分離,0.35,2070.0,30926.0,,540.0,,,1543,
2025-09-11,豊洲,巨峰,長野,相対,0.35,19882.0,30926.0,432.0,378.0,356.0,1234,1080,1017
2025-09-11,豊洲,巨峰,長野,第三者販売,0.35,9174.0,30926.0,518.0,486.0,410.0,1480,1389,1171
2025-09-11,豊洲,甲斐路,山梨,相対,5.0,19882.0,30926.0,,6480.0,,,1296,
2025-09-12,世田谷,シャインマスカット,各地,相対,5.0,800.0,800.0,11880.0,,,2376,,
2025-09-12,世田谷,巨峰,山梨,相対,5.0,800.0,800.0,6480.0,,,1296,,
2025-09-12,世田谷,甲斐路,山梨,相対,5.0,800.0,800.0,,4320.0,,,864,
2025-09-12,北足立,シャインマスカット,各地,相対,5.0,11000.0,11000.0,8640.0,7560.0,6480.0,1728,1512,1296
2025-09-12,北足立,シャインマスカット,山梨,相対,5.0,11000.0,11000.0,,8640.0,,,1728,
2025-09-12,北足立,ピオーネ,各地,相対,5.0,11000.0,11000.0,6480.0,5940.0,5400.0,1296,1188,1080
2025-09-12,北足立,巨峰,山梨,相対,5.0,11000.0,11000.0,6480.0,,,1296,,
2025-09-12,多摩NT,シャインマスカット,長野,相対,5.0,2282.0,2282.0,10260.0,,,2052,,
2025-09-12,多摩NT,巨峰,山梨,相対,5.0,2282.0,2282.0,7668.0,,,1534,,
2025-09-12,多摩NT,巨峰,長野,相対,0.35,2282.0,2282.0,648.0,,,1851,,
2025-09-12,大田,シャインマスカット,各地,商物分離,5.0,214.0,141911.0,9720.0,,,1944,,
2025-09-12,大田,シャインマスカット,各地,相対,5.0,140614.0,141911.0,21600.0,9180.0,5400.0,4320,1836,1080
2025-09-12,大田,シャインマスカット,山梨,せり・入札,5.0,1044.0,141911.0,10800.0,5940.0,5400.0,2160,1188,1080
2025-09-12,大田,シャインマスカット,山梨,商物分離,5.0,214.0,141911.0,9180.0,,,1836,,
2025-09-12,大田,シャインマスカット,山梨,相対,5.0,140614.0,141911.0,10800.0,8100.0,2160.0,2160,1620,432
2025-09-12,大田,シャインマスカット,長野,相対,5.0,140614.0,141911.0,11880.0,9072.0,3240.0,2376,1814,648
2025-09-12,大田,ピオーネ,各地,相対,5.0,140614.0,141911.0,9180.0,7668.0,5400.0,1836,1534,1080
2025-09-12,大田,ピオーネ,山梨,せり・入札,5.0,1044.0,141911.0,4320.0,,,864,,
2025-09-12,大田,ピオーネ,山梨,相対,5.0,140614.0,141911.0,7560.0,6372.0,4860.0,1512,1274,972
2025-09-12,大田,ピオーネ,岡山,相対,5.0,140614.0,141911.0,12960.0,6804.0,3780.0,2592,1361,756
2025-09-12,大田,巨峰,各地,相対,0.35,140614.0,141911.0,432.0,313.0,248.0,1234,894,709
2025-09-12,大田,巨峰,山梨,せり・入札,5.0,1044.0,141911.0,6480.0,,,1296,,
2025-09-12,大田,巨峰,山梨,相対,5.0,140614.0,141911.0,6480.0,6264.0,4860.0,1296,1253,972
2025-09-12,大田,巨峰,長野,相対,0.35,140614.0,141911.0,540.0,529.0,378.0,1543,1511,1080
2025-09-12,大田,甲斐路,山梨,せり・入札,5.0,1044.0,141911.0,4320.0,,,864,,
2025-09-12,大田,甲斐路,山梨,相対,5.0,140614.0,141911.0,6480.0,6480.0,,1296,1296,
2025-09-12,板橋,シャインマスカット,山梨,相対,5.0,5780.0,5800.0,8640.0,8640.0,4860.0,1728,1728,972
2025-09-12,板橋,シャインマスカット,山梨,第三者販売,5.0,20.0,5800.0,6480.0,,,1296,,
2025-09-12,板橋,ピオーネ,山梨,相対,5.0,5780.0,5800.0,5940.0,5400.0,4320.0,1188,1080,864
2025-09-12,板橋,ピオーネ,山梨,第三者販売,5.0,20.0,5800.0,5940.0,,,1188,,
2025-09-12,板橋,巨峰,長野,相対,0.35,5780.0,5800.0,486.0,,432.0,1389,,1234
2025-09-12,淀橋,シャインマスカット,各地,相対,5.0,26861.0,26861.0,9720.0,8640.0,7560.0,1944,1728,1512
2025-09-12,淀橋,シャインマスカット,山梨,相対,5.0,26861.0,26861.0,9720.0,,,1944,,
2025-09-12,淀橋,シャインマスカット,長野,相対,5.0,26861.0,26861.0,10800.0,,9180.0,2160,,1836
2025-09-12,淀橋,ピオーネ,山梨,相対,5.0,26861.0,26861.0,8100.0,,,1620,,
2025-09-12,淀橋,巨峰,山梨,相対,5.0,26861.0,26861.0,7560.0,,,1512,,
2025-09-12,淀橋,巨峰,長野,相対,0.35,26861.0,26861.0,540.0,,,1543,,
2025-09-12,淀橋,甲斐路,山梨,相対,5.0,26861.0,26861.0,7020.0,,6480.0,1404,,1296
2025-09-12,葛西,シャインマスカット,山梨,相対,5.0,3500.0,3600.0,,7560.0,,,1512,
2025-09-12,葛西,巨峰,山梨,せり・入札,5.0,100.0,3600.0,,7560.0,,,1512,
2025-09-12,豊島,シャインマスカット,山梨,相対,5.0,3300.0,3300.0,9720.0,9180.0,8640.0,1944,1836,1728
2025-09-12,豊島,シャインマスカット,長野,相対,5.0,3300.0,3300.0,10800.0,10260.0,9180.0,2160,2052,1836
2025-09-12,豊島,ピオーネ,山梨,相対,5.0,3300.0,3300.0,7344.0,,6480.0,1469,,1296
2025-09-12,豊島,巨峰,山梨,相対,5.0,3300.0,3300.0,6696.0,,6264.0,1339,,1253
2025-09-12,豊島,巨峰,長野,相対,0.35,3300.0,3300.0,508.0,,486.0,1451,,1389
2025-09-12,豊洲,シャインマスカット,各地,相対,5.0,24551.0,31251.0,12960.0,10800.0,2700.0,2592,2160,540
2025-09-12,豊洲,シャインマスカット,各地,第三者販売,5.0,6350.0,31251.0,19440.0,,9720.0,3888,,1944
2025-09-12,豊洲,シャインマスカット,山梨,商物分離,5.0,450.0,31251.0,,9720.0,,,1944,
2025-09-12,豊洲,シャインマスカット,山梨,相対,5.0,24551.0,31251.0,9180.0,8640.0,7560.0,1836,1728,1512
2025-09-12,豊洲,シャインマスカット,山梨,第三者販売,5.0,6350.0,31251.0,9720.0,6480.0,5940.0,1944,1296,1188
2025-09-12,豊洲,シャインマスカット,長野,商物分離,5.0,450.0,31251.0,9504.0,8640.0,,1901,1728,
2025-09-12,豊洲,シャインマスカット,長野,相対,5.0,24551.0,31251.0,9180.0,8640.0,8100.0,1836,1728,1620
2025-09-12,豊洲,シャインマスカット,長野,第三者販売,5.0,6350.0,31251.0,16200.0,10260.0,8370.0,3240,2052,1674
2025-09-12,豊洲,ピオーネ,各地,相対,5.0,24551.0,31251.0,8640.0,,6480.0,1728,,1296
2025-09-12,豊洲,ピオーネ,山梨,相対,5.0,24551.0,31251.0,7560.0,,4860.0,1512,,972
2025-09-12,豊洲,ピオーネ,山梨,第三者販売,5.0,6350.0,31251.0,,7560.0,,,1512,
2025-09-12,豊洲,ピオーネ,岡山,相対,5.0,24551.0,31251.0,7776.0,6696.0,6156.0,1555,1339,1231
2025-09-12,豊洲,ピオーネ,岡山,第三者販売,5.0,6350.0,31251.0,8640.0,7776.0,6156.0,1728,1555,1231
2025-09-12,豊洲,巨峰,山梨,相対,5.0,24551.0,31251.0,5724.0,5400.0,4860.0,1145,1080,972
2025-09-12,豊洲,巨峰,山梨,第三者販売,5.0,6350.0,31251.0,7020.0,,6696.0,1404,,1339
2025-09-12,豊洲,巨峰,長野,相対,0.35,24551.0,31251.0,594.0,540.0,486.0,1697,1543,1389
2025-09-12,豊洲,巨峰,長野,第三者販売,0.35,6350.0,31251.0,497.0,,486.0,1420,,1389
2025-09-12,豊洲,甲斐路,山梨,相対,5.0,24551.0,31251.0,,6480.0,,,1296,
2025-09-13,世田谷,シャインマスカット,長野,相対,5.0,700.0,700.0,10800.0,,,2160,,
2025-09-13,世田谷,巨峰,長野,相対,0.35,700.0,700.0,572.0,,,1634,,
2025-09-13,北足立,シャインマスカット,各地,相対,5.0,11300.0,11300.0,8640.0,7560.0,6480.0,1728,1512,1296
2025-09-13,北足立,シャインマスカット,山梨,相対,5.0,11300.0,11300.0,,8640.0,,,1728,
2025-09-13,北足立,ピオーネ,各地,相対,5.0,11300.0,11300.0,6480.0,5940.0,5400.0,1296,1188,1080
2025-09-13,北足立,巨峰,山梨,相対,5.0,11300.0,11300.0,6480.0,,,1296,,
2025-09-13,多摩NT,シャインマスカット,長野,相対,5.0,2518.0,2518.0,10260.0,,,2052,,
2025-09-13,多摩NT,巨峰,山梨,相対,5.0,2518.0,2518.0,7668.0,,,1534,,
2025-09-13,多摩NT,巨峰,長野,相対,0.35,2518.0,2518.0,648.0,,,1851,,
2025-09-13,大田,シャインマスカット,各地,商物分離,5.0,1442.0,149539.0,9720.0,,,1944,,
2025-09-13,大田,シャインマスカット,各地,相対,5.0,145998.0,149539.0,21600.0,9504.0,4860.0,4320,1901,972
2025-09-13,大田,シャインマスカット,各地,第三者販売,5.0,260.0,149539.0,7560.0,,,1512,,
2025-09-13,大田,シャインマスカット,山梨,せり・入札,5.0,1839.0,149539.0,10800.0,8640.0,8100.0,2160,1728,1620
2025-09-13,大田,シャインマスカット,山梨,商物分離,5.0,1442.0,149539.0,8100.0,,,1620,,
2025-09-13,大田,シャインマスカット,山梨,相対,5.0,145998.0,149539.0,11880.0,8316.0,2700.0,2376,1663,540
2025-09-13,大田,シャインマスカット,長野,相対,5.0,145998.0,149539.0,11880.0,9180.0,8100.0,2376,1836,1620
2025-09-13,大田,ピオーネ,各地,相対,5.0,145998.0,149539.0,9180.0,6480.0,4320.0,1836,1296,864
2025-09-13,大田,ピオーネ,山梨,せり・入札,5.0,1839.0,149539.0,5400.0,,4860.0,1080,,972
2025-09-13,大田,ピオーネ,山梨,相対,5.0,145998.0,149539.0,7560.0,6480.0,4860.0,1512,1296,972
2025-09-13,大田,ピオーネ,岡山,相対,5.0,145998.0,149539.0,12960.0,6804.0,4320.0,2592,1361,864
2025-09-13,大田,巨峰,各地,相対,0.35,145998.0,149539.0,432.0,,324.0,1234,,926
2025-09-13,大田,巨峰,山梨,せり・入札,5.0,1839.0,149539.0,6480.0,,3780.0,1296,,756
2025-09-13,大田,巨峰,山梨,相対,5.0,145998.0,149539.0,6480.0,6048.0,5400.0,1296,1210,1080
2025-09-13,大田,巨峰,長野,相対,0.35,145998.0,149539.0,540.0,508.0,378.0,1543,1451,1080
2025-09-13,板橋,シャインマスカット,山梨,相対,5.0,7580.0,7600.0,8640.0,7560.0,4860.0,1728,1512,972
2025-09-13,板橋,シャインマスカット,山梨,第三者販売,5.0,20.0,7600.0,8640.0,,6480.0,1728,,1296
2025-09-13,板橋,ピオーネ,山梨,相対,5.0,7580.0,7600.0,5940.0,,5400.0,1188,,1080
2025-09-13,板橋,巨峰,長野,相対,0.35,7580.0,7600.0,486.0,,432.0,1389,,1234
2025-09-13,淀橋,シャインマスカット,各地,相対,5.0,27774.0,27774.0,9720.0,8640.0,7560.0,1944,1728,1512
2025-09-13,淀橋,シャインマスカット,山梨,相対,5.0,27774.0,27774.0,9720.0,,,1944,,
2025-09-13,淀橋,シャインマスカット,長野,相対,5.0,27774.0,27774.0,10800.0,,9180.0,2160,,1836
2025-09-13,淀橋,ピオーネ,山梨,相対,5.0,27774.0,27774.0,8100.0,,,1620,,
2025-09-13,淀橋,巨峰,山梨,相対,5.0,27774.0,27774.0,7560.0,,,1512,,
2025-09-13,淀橋,巨峰,長野,相対,0.35,27774.0,27774.0,540.0,,,1543,,
2025-09-13,淀橋,甲斐路,山梨,相対,5.0,27774.0,27774.0,7020.0,,6480.0,1404,,1296
2025-09-13,葛西,シャインマスカット,山梨,相対,5.0,3000.0,3100.0,,7560.0,,,1512,
2025-09-13,葛西,巨峰,山梨,せり・入札,5.0,100.0,3100.0,,7560.0,,,1512,
2025-09-13,豊島,シャインマスカット,山梨,相対,5.0,2700.0,2700.0,9180.0,8640.0,8100.0,1836,1728,1620
2025-09-13,豊島,シャインマスカット,長野,相対,5.0,2700.0,2700.0,10800.0,10260.0,9180.0,2160,2052,1836
2025-09-13,豊島,ピオーネ,山梨,相対,5.0,2700.0,2700.0,7560.0,,6480.0,1512,,1296
2025-09-13,豊島,巨峰,山梨,相対,5.0,2700.0,2700.0,6480.0,6264.0,4860.0,1296,1253,972
2025-09-13,豊島,巨峰,長野,相対,0.35,2700.0,2700.0,540.0,,508.0,1543,,1451
2025-09-13,豊洲,シャインマスカット,各地,相対,5.0,24030.0,35270.0,10800.0,8640.0,7560.0,2160,1728,1512
2025-09-13,豊洲,シャインマスカット,各地,第三者販売,5.0,10540.0,35270.0,15120.0,10800.0,7560.0,3024,2160,1512
2025-09-13,豊洲,シャインマスカット,山梨,商物分離,5.0,700.0,35270.0,10260.0,,9720.0,2052,,1944
2025-09-13,豊洲,シャインマスカット,山梨,相対,5.0,24030.0,35270.0,9180.0,8640.0,7560.0,1836,1728,1512
2025-09-13,豊洲,シャインマスカット,山梨,第三者販売,5.0,10540.0,35270.0,9720.0,8640.0,8100.0,1944,1728,1620
2025-09-13,豊洲,シャインマスカット,長野,相対,5.0,24030.0,35270.0,9180.0,8640.0,8100.0,1836,1728,1620
2025-09-13,豊洲,シャインマスカット,長野,第三者販売,5.0,10540.0,35270.0,10800.0,10260.0,9720.0,2160,2052,1944
2025-09-13,豊洲,ピオーネ,山梨,相対,5.0,24030.0,35270.0,7560.0,,6480.0,1512,,1296
2025-09-13,豊洲,ピオーネ,山梨,第三者販売,5.0,10540.0,35270.0,7560.0,,7020.0,1512,,1404
2025-09-13,豊洲,ピオーネ,岡山,相対,5.0,24030.0,35270.0,7020.0,6480.0,5616.0,1404,1296,1123
2025-09-13,豊洲,ピオーネ,岡山,第三者販売,5.0,10540.0,35270.0,7776.0,6480.0,6156.0,1555,1296,1231
2025-09-13,豊洲,巨峰,山梨,相対,5.0,24030.0,35270.0,7020.0,5400.0,4860.0,1404,1080,972
2025-09-13,豊洲,巨峰,山梨,第三者販売,5.0,10540.0,35270.0,,7020.0,,,1404,
2025-09-13,豊洲,巨峰,長野,相対,0.35,24030.0,35270.0,594.0,540.0,464.0,1697,1543,1326
2025-09-13,豊洲,巨峰,長野,第三者販売,0.35,10540.0,35270.0,540.0,,486.0,1543,,1389
2025-09-16,世田谷,巨峰,山梨,相対,5.0,800.0,800.0,6480.0,,,1296,,
2025-09-16,世田谷,巨峰,長野,相対,0.35,800.0,800.0,572.0,,,1634,,
2025-09-16,世田谷,甲斐路,山梨,相対,5.0,800.0,800.0,4320.0,,,864,,
2025-09-16,北足立,シャインマスカット,各地,相対,5.0,13000.0,13000.0,8640.0,7560.0,6480.0,1728,1512,1296
2025-09-16,北足立,シャインマスカット,山梨,相対,5.0,13000.0,13000.0,,8640.0,,,1728,
2025-09-16,北足立,ピオーネ,各地,相対,5.0,13000.0,13000.0,6480.0,5940.0,5400.0,1296,1188,1080
2025-09-16,北足立,巨峰,山梨,相対,5.0,13000.0,13000.0,7020.0,,,1404,,
2025-09-16,多摩NT,シャインマスカット,山梨,相対,5.0,2446.0,2467.0,7560.0,,,1512,,
2025-09-16,多摩NT,シャインマスカット,山梨,第三者販売,5.0,21.0,2467.0,7560.0,,,1512,,
2025-09-16,多摩NT,シャインマスカット,長野,相対,5.0,2446.0,2467.0,9720.0,,,1944,,
2025-09-16,多摩NT,シャインマスカット,長野,第三者販売,5.0,21.0,2467.0,9720.0,,,1944,,
2025-09-16,多摩NT,ピオーネ,山梨,相対,5.0,2446.0,2467.0,5400.0,,,1080,,
2025-09-16,多摩NT,ピオーネ,山梨,第三者販売,5.0,21.0,2467.0,5400.0,,,1080,,
2025-09-16,多摩NT,巨峰,山梨,相対,5.0,2446.0,2467.0,5400.0,,,1080,,
2025-09-16,多摩NT,巨峰,山梨,第三者販売,5.0,21.0,2467.0,5400.0,,,1080,,
2025-09-16,多摩NT,巨峰,長野,相対,0.35,2446.0,2467.0,648.0,,,1851,,
2025-09-16,多摩NT,巨峰,長野,第三者販売,0.35,21.0,2467.0,454.0,,,1297,,
2025-09-16,多摩NT,甲斐路,山梨,相対,5.0,2446.0,2467.0,4860.0,,,972,,
2025-09-16,多摩NT,甲斐路,山梨,第三者販売,5.0,21.0,2467.0,4860.0,,,972,,
2025-09-16,大田,シャインマスカット,各地,相対,5.0,179029.0,184060.0,19440.0,8964.0,4320.0,3888,1793,864
2025-09-16,大田,シャインマスカット,各地,第三者販売,5.0,221.0,184060.0,7560.0,,,1512,,
2025-09-16,大田,シャインマスカット,山梨,せり・入札,5.0,2216.0,184060.0,12960.0,8640.0,7020.0,2592,1728,1404
2025-09-16,大田,シャインマスカット,山梨,商物分離,5.0,2594.0,184060.0,9180.0,8532.0,8100.0,1836,1706,1620
2025-09-16,大田,シャインマスカット,山梨,相対,5.0,179029.0,184060.0,10800.0,8100.0,1080.0,2160,1620,216
2025-09-16,大田,シャインマスカット,長野,相対,5.0,179029.0,184060.0,12960.0,9072.0,8100.0,2592,1814,1620
2025-09-16,大田,ピオーネ,各地,相対,5.0,179029.0,184060.0,8640.0,6372.0,5400.0,1728,1274,1080
2025-09-16,大田,ピオーネ,山梨,せり・入札,5.0,2216.0,184060.0,4320.0,,,864,,
2025-09-16,大田,ピオーネ,山梨,相対,5.0,179029.0,184060.0,7560.0,5940.0,3780.0,1512,1188,756
2025-09-16,大田,ピオーネ,岡山,相対,5.0,179029.0,184060.0,12960.0,6696.0,3780.0,2592,1339,756
2025-09-16,大田,巨峰,各地,相対,0.35,179029.0,184060.0,432.0,,346.0,1234,,989
2025-09-16,大田,巨峰,山梨,せり・入札,5.0,2216.0,184060.0,7020.0,,5400.0,1404,,1080
2025-09-16,大田,巨峰,山梨,相対,5.0,179029.0,184060.0,7020.0,6156.0,5940.0,1404,1231,1188
2025-09-16,大田,巨峰,長野,相対,0.35,179029.0,184060.0,540.0,540.0,324.0,1543,1543,926
2025-09-16,大田,甲斐路,山梨,相対,5.0,179029.0,184060.0,6480.0,5940.0,5400.0,1296,1188,1080
2025-09-16,板橋,シャインマスカット,山梨,相対,5.0,6565.0,6600.0,8640.0,7560.0,4860.0,1728,1512,972
2025-09-16,板橋,シャインマスカット,山梨,第三者販売,5.0,35.0,6600.0,6480.0,,,1296,,
2025-09-16,板橋,ピオーネ,山梨,相対,5.0,6565.0,6600.0,5940.0,,5400.0,1188,,1080
2025-09-16,板橋,巨峰,山梨,相対,5.0,6565.0,6600.0,5940.0,,5400.0,1188,,1080
2025-09-16,板橋,巨峰,山梨,第三者販売,5.0,35.0,6600.0,5940.0,,,1188,,
2025-09-16,板橋,巨峰,長野,相対,0.35,6565.0,6600.0,540.0,486.0,432.0,1543,1389,1234
2025-09-16,葛西,シャインマスカット,山梨,相対,5.0,6200.0,6300.0,,7560.0,,,1512,
2025-09-16,葛西,巨峰,山梨,せり・入札,5.0,100.0,6300.0,,7560.0,,,1512,
2025-09-16,葛西,巨峰,山梨,相対,5.0,6200.0,6300.0,,7560.0,,,1512,
2025-09-16,豊島,シャインマスカット,山梨,相対,5.0,3100.0,3100.0,9720.0,9180.0,8640.0,1944,1836,1728
2025-09-16,豊島,シャインマスカット,長野,相対,5.0,3100.0,3100.0,10800.0,10260.0,9180.0,2160,2052,1836
2025-09-16,豊島,ピオーネ,山梨,相対,5.0,3100.0,3100.0,7560.0,,,1512,,
2025-09-16,豊島,巨峰,山梨,相対,5.0,3100.0,3100.0,6480.0,,,1296,,
2025-09-16,豊島,巨峰,長野,相対,0.35,3100.0,3100.0,540.0,,508.0,1543,,1451
2025-09-16,豊洲,シャインマスカット,各地,相対,5.0,26173.0,36016.0,10800.0,5940.0,2700.0,2160,1188,540
2025-09-16,豊洲,シャインマスカット,各地,第三者販売,5.0,9493.0,36016.0,15120.0,10800.0,9720.0,3024,2160,1944
2025-09-16,豊洲,シャインマスカット,山梨,商物分離,5.0,350.0,36016.0,,9720.0,,,1944,
2025-09-16,豊洲,シャインマスカット,山梨,相対,5.0,26173.0,36016.0,9180.0,8640.0,7560.0,1836,1728,1512
2025-09-16,豊洲,シャインマスカット,山梨,第三者販売,5.0,9493.0,36016.0,9720.0,8640.0,7560.0,1944,1728,1512
2025-09-16,豊洲,シャインマスカット,長野,相対,5.0,26173.0,36016.0,9504.0,8640.0,7560.0,1901,1728,1512
2025-09-16,豊洲,シャインマスカット,長野,第三者販売,5.0,9493.0,36016.0,10260.0,,7560.0,2052,,1512
2025-09-16,豊洲,ピオーネ,山梨,相対,5.0,26173.0,36016.0,7560.0,,5400.0,1512,,1080
2025-09-16,豊洲,ピオーネ,山梨,第三者販売,5.0,9493.0,36016.0,7560.0,,7020.0,1512,,1404
2025-09-16,豊洲,ピオーネ,岡山,相対,5.0,26173.0,36016.0,7776.0,6480.0,6156.0,1555,1296,1231
2025-09-16,豊洲,ピオーネ,岡山,第三者販売,5.0,9493.0,36016.0,8964.0,7776.0,7128.0,1793,1555,1426
2025-09-16,豊洲,巨峰,山梨,相対,5.0,26173.0,36016.0,7020.0,5724.0,5400.0,1404,1145,1080
2025-09-16,豊洲,巨峰,山梨,第三者販売,5.0,9493.0,36016.0,,7020.0,,,1404,
2025-09-16,豊洲,巨峰,長野,相対,0.35,26173.0,36016.0,594.0,540.0,486.0,1697,1543,1389
2025-09-16,豊洲,巨峰,長野,第三者販売,0.35,9493.0,36016.0,540.0,518.0,497.0,1543,1480,1420
2025-09-18,世田谷,巨峰,長野,相対,0.35,700.0,700.0,572.0,,,1634,,
2025-09-18,世田谷,甲斐路,山梨,相対,5.0,700.0,700.0,,4320.0,,,864,
2025-09-18,北足立,シャインマスカット,各地,相対,5.0,13200.0,13200.0,8640.0,7560.0,6480.0,1728,1512,1296
2025-09-18,北足立,シャインマスカット,山梨,相対,5.0,13200.0,13200.0,,8640.0,,,1728,
2025-09-18,北足立,ピオーネ,各地,相対,5.0,13200.0,13200.0,6480.0,5940.0,5400.0,1296,1188,1080
2025-09-18,北足立,巨峰,山梨,相対,5.0,13200.0,13200.0,7020.0,,,1404,,
2025-09-18,多摩NT,シャインマスカット,山梨,相対,5.0,2614.0,2614.0,7560.0,,,1512,,
2025-09-18,多摩NT,シャインマスカット,長野,相対,5.0,2614.0,2614.0,9720.0,,,1944,,
2025-09-18,多摩NT,ピオーネ,山梨,相対,5.0,2614.0,2614.0,5400.0,,,1080,,
2025-09-18,多摩NT,巨峰,山梨,相対,5.0,2614.0,2614.0,5400.0,,,1080,,
2025-09-18,多摩NT,巨峰,長野,相対,0.35,2614.0,2614.0,454.0,,,1297,,
2025-09-18,多摩NT,甲斐路,山梨,相対,5.0,2614.0,2614.0,4860.0,,,972,,
2025-09-18,大田,シャインマスカット,各地,相対,5.0,161547.0,166481.0,21600.0,9720.0,5400.0,4320,1944,1080
2025-09-18,大田,シャインマスカット,各地,第三者販売,5.0,715.0,166481.0,14040.0,10800.0,7560.0,2808,2160,1512
2025-09-18,大田,シャインマスカット,山梨,せり・入札,5.0,2100.0,166481.0,15120.0,8100.0,6480.0,3024,1620,1296
2025-09-18,大田,シャインマスカット,山梨,商物分離,5.0,2119.0,166481.0,9720.0,8964.0,8100.0,1944,1793,1620
2025-09-18,大田,シャインマスカット,山梨,相対,5.0,161547.0,166481.0,10800.0,8100.0,2160.0,2160,1620,432
2025-09-18,大田,シャインマスカット,長野,相対,5.0,161547.0,166481.0,11880.0,10260.0,8100.0,2376,2052,1620
2025-09-18,大田,ピオーネ,各地,相対,5.0,161547.0,166481.0,10800.0,8424.0,6480.0,2160,1685,1296
2025-09-18,大田,ピオーネ,山梨,せり・入札,5.0,2100.0,166481.0,6480.0,5940.0,5400.0,1296,1188,1080
2025-09-18,大田,ピオーネ,山梨,相対,5.0,161547.0,166481.0,7560.0,6264.0,4860.0,1512,1253,972
2025-09-18,大田,ピオーネ,岡山,相対,5.0,161547.0,166481.0,12960.0,7452.0,3780.0,2592,1490,756
2025-09-18,大田,巨峰,各地,相対,0.35,161547.0,166481.0,486.0,432.0,270.0,1389,1234,771
2025-09-18,大田,巨峰,山梨,せり・入札,5.0,2100.0,166481.0,6480.0,,,1296,,
2025-09-18,大田,巨峰,山梨,相対,5.0,161547.0,166481.0,7020.0,6480.0,5400.0,1404,1296,1080
2025-09-18,大田,巨峰,長野,相対,0.35,161547.0,166481.0,540.0,,410.0,1543,,1171
2025-09-18,大田,甲斐路,山梨,せり・入札,5.0,2100.0,166481.0,4320.0,,,864,,
2025-09-18,大田,甲斐路,山梨,相対,5.0,161547.0,166481.0,6480.0,5940.0,5400.0,1296,1188,1080
2025-09-18,板橋,シャインマスカット,山梨,相対,5.0,5574.0,5600.0,8640.0,7560.0,6480.0,1728,1512,1296
2025-09-18,板橋,シャインマスカット,山梨,第三者販売,5.0,26.0,5600.0,6480.0,,,1296,,
2025-09-18,板橋,ピオーネ,山梨,相対,5.0,5574.0,5600.0,5940.0,,5400.0,1188,,1080
2025-09-18,板橋,巨峰,山梨,相対,5.0,5574.0,5600.0,5940.0,,5400.0,1188,,1080
2025-09-18,板橋,巨峰,山梨,第三者販売,5.0,26.0,5600.0,5940.0,,,1188,,
2025-09-18,板橋,巨峰,長野,相対,0.35,5574.0,5600.0,540.0,,486.0,1543,,1389
2025-09-18,板橋,巨峰,長野,第三者販売,0.35,26.0,5600.0,540.0,,,1543,,
2025-09-18,淀橋,シャインマスカット,各地,相対,5.0,28300.0,28300.0,9720.0,8640.0,7560.0,1944,1728,1512
2025-09-18,淀橋,シャインマスカット,山梨,相対,5.0,28300.0,28300.0,9720.0,,,1944,,
2025-09-18,淀橋,シャインマスカット,長野,相対,5.0,28300.0,28300.0,10800.0,,9180.0,2160,,1836
2025-09-18,淀橋,ピオーネ,山梨,相対,5.0,28300.0,28300.0,8100.0,,,1620,,
2025-09-18,淀橋,巨峰,山梨,相対,5.0,28300.0,28300.0,7560.0,,,1512,,
2025-09-18,淀橋,巨峰,長野,相対,0.35,28300.0,28300.0,540.0,,,1543,,
2025-09-18,淀橋,甲斐路,山梨,相対,5.0,28300.0,28300.0,7020.0,,6480.0,1404,,1296
2025-09-18,葛西,シャインマスカット,各地,相対,5.0,6600.0,6700.0,,7560.0,,,1512,
2025-09-18,葛西,巨峰,山梨,せり・入札,5.0,100.0,6700.0,,7560.0,,,1512,
2025-09-18,豊島,シャインマスカット,山梨,相対,5.0,3700.0,3700.0,9720.0,9180.0,8640.0,1944,1836,1728
2025-09-18,豊島,シャインマスカット,長野,相対,5.0,3700.0,3700.0,10800.0,10260.0,9180.0,2160,2052,1836
2025-09-18,豊島,ピオーネ,山梨,相対,5.0,3700.0,3700.0,7560.0,,,1512,,
2025-09-18,豊島,巨峰,山梨,相対,5.0,3700.0,3700.0,6480.0,,6264.0,1296,,1253
2025-09-18,豊島,巨峰,長野,相対,0.35,3700.0,3700.0,540.0,,508.0,1543,,1451
2025-09-18,豊洲,シャインマスカット,各地,相対,5.0,18407.0,32324.0,19440.0,10800.0,8640.0,3888,2160,1728
2025-09-18,豊洲,シャインマスカット,各地,第三者販売,5.0,10959.0,32324.0,7560.0,5940.0,5400.0,1512,1188,1080
2025-09-18,豊洲,シャインマスカット,山梨,せり・入札,5.0,1158.0,32324.0,7020.0,6480.0,5940.0,1404,1296,1188
2025-09-18,豊洲,シャインマスカット,山梨,商物分離,5.0,1825.0,32324.0,10260.0,,9720.0,2052,,1944
2025-09-18,豊洲,シャインマスカット,山梨,相対,5.0,18407.0,32324.0,9720.0,8640.0,7560.0,1944,1728,1512
2025-09-18,豊洲,シャインマスカット,山梨,第三者販売,5.0,10959.0,32324.0,10800.0,9720.0,8640.0,2160,1944,1728
2025-09-18,豊洲,シャインマスカット,長野,商物分離,5.0,1825.0,32324.0,,8640.0,,,1728,
2025-09-18,豊洲,シャインマスカット,長野,相対,5.0,18407.0,32324.0,9180.0,8640.0,6480.0,1836,1728,1296
2025-09-18,豊洲,シャインマスカット,長野,第三者販売,5.0,10959.0,32324.0,10260.0,8640.0,7560.0,2052,1728,1512
2025-09-18,豊洲,ピオーネ,各地,相対,5.0,18407.0,32324.0,8100.0,,7560.0,1620,,1512
2025-09-18,豊洲,ピオーネ,山梨,せり・入札,5.0,1158.0,32324.0,5400.0,,4860.0,1080,,972
2025-09-18,豊洲,ピオーネ,山梨,相対,5.0,18407.0,32324.0,7560.0,,7020.0,1512,,1404
2025-09-18,豊洲,ピオーネ,山梨,第三者販売,5.0,10959.0,32324.0,7560.0,,7020.0,1512,,1404
2025-09-18,豊洲,ピオーネ,岡山,相対,5.0,18407.0,32324.0,7776.0,6480.0,5616.0,1555,1296,1123
2025-09-18,豊洲,ピオーネ,岡山,第三者販売,5.0,10959.0,32324.0,9720.0,7776.0,6156.0,1944,1555,1231
2025-09-18,豊洲,巨峰,山梨,せり・入札,5.0,1158.0,32324.0,5940.0,,4860.0,1188,,972
2025-09-18,豊洲,巨峰,山梨,相対,5.0,18407.0,32324.0,7344.0,5940.0,4050.0,1469,1188,810
2025-09-18,豊洲,巨峰,山梨,第三者販売,5.0,10959.0,32324.0,,7020.0,,,1404,
2025-09-18,豊洲,巨峰,長野,商物分離,0.35,1825.0,32324.0,,540.0,,,1543,
2025-09-18,豊洲,巨峰,長野,相対,0.35,18407.0,32324.0,594.0,540.0,518.0,1697,1543,1480
2025-09-18,豊洲,巨峰,長野,第三者販売,0.35,10959.0,32324.0,562.0,540.0,518.0,1606,1543,1480
2025-09-18,豊洲,甲斐路,山梨,せり・入札,5.0,1158.0,32324.0,,3456.0,,,691,
2025-09-18,豊洲,甲斐路,山梨,相対,5.0,18407.0,32324.0,,6480.0,,,1296,
2025-09-19,世田谷,巨峰,長野,相対,0.35,400.0,400.0,572.0,,,1634,,
2025-09-19,北足立,シャインマスカット,各地,相対,5.0,10500.0,10500.0,8640.0,7560.0,6480.0,1728,1512,1296
2025-09-19,北足立,シャインマスカット,山梨,相対,5.0,10500.0,10500.0,,8640.0,,,1728,
2025-09-19,北足立,ピオーネ,各地,相対,5.0,10500.0,10500.0,6480.0,5940.0,5400.0,1296,1188,1080
2025-09-19,北足立,巨峰,山梨,相対,5.0,10500.0,10500.0,7020.0,,,1404,,
2025-09-19,多摩NT,シャインマスカット,山梨,相対,5.0,2550.0,2550.0,7560.0,,,1512,,
2025-09-19,多摩NT,シャインマスカット,長野,相対,5.0,2550.0,2550.0,9720.0,,,1944,,
2025-09-19,多摩NT,ピオーネ,山梨,相対,5.0,2550.0,2550.0,5400.0,,,1080,,
2025-09-19,多摩NT,巨峰,山梨,相対,5.0,2550.0,2550.0,5400.0,,,1080,,
2025-09-19,多摩NT,巨峰,長野,相対,0.35,2550.0,2550.0,454.0,,,1297,,
2025-09-19,多摩NT,甲斐路,山梨,相対,5.0,2550.0,2550.0,4860.0,,,972,,
2025-09-19,大田,シャインマスカット,各地,せり・入札,5.0,1505.0,136330.0,8640.0,,,1728,,
2025-09-19,大田,シャインマスカット,各地,相対,5.0,134024.0,136330.0,21600.0,9612.0,5400.0,4320,1922,1080
2025-09-19,大田,シャインマスカット,各地,第三者販売,5.0,256.0,136330.0,7560.0,,,1512,,
2025-09-19,大田,シャインマスカット,山梨,せり・入札,5.0,1505.0,136330.0,10800.0,5400.0,4860.0,2160,1080,972
2025-09-19,大田,シャインマスカット,山梨,商物分離,5.0,545.0,136330.0,9180.0,,,1836,,
2025-09-19,大田,シャインマスカット,山梨,相対,5.0,134024.0,136330.0,10800.0,8100.0,2160.0,2160,1620,432
2025-09-19,大田,シャインマスカット,長野,相対,5.0,134024.0,136330.0,11880.0,9072.0,4860.0,2376,1814,972
2025-09-19,大田,ピオーネ,各地,相対,5.0,134024.0,136330.0,10800.0,7668.0,6480.0,2160,1534,1296
2025-09-19,大田,ピオーネ,山梨,せり・入札,5.0,1505.0,136330.0,4320.0,3240.0,,864,648,
2025-09-19,大田,ピオーネ,山梨,相対,5.0,134024.0,136330.0,7560.0,5400.0,4320.0,1512,1080,864
2025-09-19,大田,ピオーネ,岡山,相対,5.0,134024.0,136330.0,14040.0,6804.0,3780.0,2808,1361,756
2025-09-19,大田,巨峰,各地,相対,0.35,134024.0,136330.0,486.0,432.0,324.0,1389,1234,926
2025-09-19,大田,巨峰,山梨,せり・入札,5.0,1505.0,136330.0,6480.0,,,1296,,
2025-09-19,大田,巨峰,山梨,相対,5.0,134024.0,136330.0,7020.0,6480.0,5400.0,1404,1296,1080
2025-09-19,大田,巨峰,長野,相対,0.35,134024.0,136330.0,540.0,497.0,410.0,1543,1420,1171
2025-09-19,大田,甲斐路,山梨,相対,5.0,134024.0,136330.0,6480.0,5940.0,5400.0,1296,1188,1080
2025-09-19,板橋,シャインマスカット,山梨,相対,5.0,3475.0,3500.0,8640.0,8100.0,5400.0,1728,1620,1080
2025-09-19,板橋,シャインマスカット,山梨,第三者販売,5.0,25.0,3500.0,6480.0,,,1296,,
2025-09-19,板橋,ピオーネ,山梨,相対,5.0,3475.0,3500.0,6480.0,,5940.0,1296,,1188
2025-09-19,板橋,ピオーネ,山梨,第三者販売,5.0,25.0,3500.0,6480.0,,,1296,,
2025-09-19,板橋,巨峰,長野,相対,0.35,3475.0,3500.0,540.0,518.0,486.0,1543,1480,1389
2025-09-19,淀橋,シャインマスカット,各地,相対,5.0,20553.0,20553.0,9720.0,8640.0,7560.0,1944,1728,1512
2025-09-19,淀橋,シャインマスカット,山梨,相対,5.0,20553.0,20553.0,9720.0,,,1944,,
2025-09-19,淀橋,シャインマスカット,長野,相対,5.0,20553.0,20553.0,10800.0,,9180.0,2160,,1836
2025-09-19,淀橋,ピオーネ,山梨,相対,5.0,20553.0,20553.0,8100.0,,,1620,,
2025-09-19,淀橋,巨峰,山梨,相対,5.0,20553.0,20553.0,7560.0,,,1512,,
2025-09-19,淀橋,巨峰,長野,相対,0.35,20553.0,20553.0,540.0,,,1543,,
2025-09-19,淀橋,甲斐路,山梨,相対,5.0,20553.0,20553.0,7020.0,,6480.0,1404,,1296
2025-09-19,葛西,シャインマスカット,山梨,相対,5.0,4700.0,4800.0,,7560.0,,,1512,
2025-09-19,葛西,巨峰,山梨,せり・入札,5.0,100.0,4800.0,,7560.0,,,1512,
2025-09-19,豊島,シャインマスカット,山梨,相対,5.0,3800.0,3800.0,9720.0,9180.0,8640.0,1944,1836,1728
2025-09-19,豊島,シャインマスカット,長野,相対,5.0,3800.0,3800.0,10800.0,10260.0,9180.0,2160,2052,1836
2025-09-19,豊島,ピオーネ,山梨,相対,5.0,3800.0,3800.0,7560.0,,,1512,,
2025-09-19,豊島,巨峰,山梨,相対,5.0,3800.0,3800.0,6480.0,,6264.0,1296,,1253
2025-09-19,豊島,巨峰,長野,相対,0.35,3800.0,3800.0,540.0,,508.0,1543,,1451
2025-09-19,豊洲,シャインマスカット,各地,相対,5.0,12735.0,29402.0,14040.0,10800.0,2376.0,2808,2160,475
2025-09-19,豊洲,シャインマスカット,各地,第三者販売,5.0,14779.0,29402.0,15120.0,10800.0,7560.0,3024,2160,1512
2025-09-19,豊洲,シャインマスカット,山梨,せり・入札,5.0,1538.0,29402.0,7020.0,6480.0,5940.0,1404,1296,1188
2025-09-19,豊洲,シャインマスカット,山梨,商物分離,5.0,400.0,29402.0,,9720.0,,,1944,
2025-09-19,豊洲,シャインマスカット,山梨,相対,5.0,12735.0,29402.0,9180.0,8640.0,7560.0,1836,1728,1512
2025-09-19,豊洲,シャインマスカット,山梨,第三者販売,5.0,14779.0,29402.0,9720.0,8640.0,8100.0,1944,1728,1620
2025-09-19,豊洲,シャインマスカット,長野,相対,5.0,12735.0,29402.0,8640.0,8424.0,8316.0,1728,1685,1663
2025-09-19,豊洲,シャインマスカット,長野,第三者販売,5.0,14779.0,29402.0,10260.0,8640.0,8100.0,2052,1728,1620
2025-09-19,豊洲,ピオーネ,各地,相対,5.0,12735.0,29402.0,,7560.0,,,1512,
2025-09-19,豊洲,ピオーネ,各地,第三者販売,5.0,14779.0,29402.0,8640.0,,8100.0,1728,,1620
2025-09-19,豊洲,ピオーネ,山梨,せり・入札,5.0,1538.0,29402.0,6480.0,,5400.0,1296,,1080
2025-09-19,豊洲,ピオーネ,山梨,相対,5.0,12735.0,29402.0,7560.0,,7020.0,1512,,1404
2025-09-19,豊洲,ピオーネ,山梨,第三者販売,5.0,14779.0,29402.0,7560.0,,6480.0,1512,,1296
2025-09-19,豊洲,ピオーネ,岡山,相対,5.0,12735.0,29402.0,7776.0,6480.0,5616.0,1555,1296,1123
2025-09-19,豊洲,ピオーネ,岡山,第三者販売,5.0,14779.0,29402.0,7776.0,6480.0,6156.0,1555,1296,1231
2025-09-19,豊洲,巨峰,山梨,せり・入札,5.0,1538.0,29402.0,6480.0,,5940.0,1296,,1188
2025-09-19,豊洲,巨峰,山梨,相対,5.0,12735.0,29402.0,7344.0,6264.0,5076.0,1469,1253,1015
2025-09-19,豊洲,巨峰,山梨,第三者販売,5.0,14779.0,29402.0,,7020.0,,,1404,
2025-09-19,豊洲,巨峰,長野,相対,0.35,12735.0,29402.0,594.0,540.0,514.0,1697,1543,1469
2025-09-19,豊洲,巨峰,長野,第三者販売,0.35,14779.0,29402.0,540.0,,497.0,1543,,1420
2025-09-19,豊洲,甲斐路,山梨,相対,5.0,12735.0,29402.0,,6480.0,,,1296,
2025-09-20,世田谷,シャインマスカット,長野,相対,5.0,600.0,600.0,10800.0,,,2160,,
2025-09-20,世田谷,ピオーネ,各地,相対,5.0,600.0,600.0,11880.0,,,2376,,
2025-09-20,世田谷,巨峰,長野,相対,0.35,600.0,600.0,572.0,,,1634,,
2025-09-20,北足立,シャインマスカット,各地,相対,5.0,9500.0,9500.0,8640.0,7560.0,6480.0,1728,1512,1296
2025-09-20,北足立,シャインマスカット,山梨,相対,5.0,9500.0,9500.0,,8640.0,,,1728,
2025-09-20,北足立,ピオーネ,各地,相対,5.0,9500.0,9500.0,6480.0,5940.0,5400.0,1296,1188,1080
2025-09-20,北足立,巨峰,山梨,相対,5.0,9500.0,9500.0,7020.0,,,1404,,
2025-09-20,多摩NT,シャインマスカット,山梨,相対,5.0,2067.0,2067.0,7560.0,,,1512,,
2025-09-20,多摩NT,シャインマスカット,長野,相対,5.0,2067.0,2067.0,9720.0,,,1944,,
2025-09-20,多摩NT,ピオーネ,山梨,相対,5.0,2067.0,2067.0,5400.0,,,1080,,
2025-09-20,多摩NT,巨峰,山梨,相対,5.0,2067.0,2067.0,5400.0,,,1080,,
2025-09-20,多摩NT,巨峰,長野,相対,0.35,2067.0,2067.0,454.0,,,1297,,
2025-09-20,多摩NT,甲斐路,山梨,相対,5.0,2067.0,2067.0,4860.0,,,972,,
2025-09-20,大田,シャインマスカット,各地,相対,5.0,141642.0,145771.0,19440.0,9720.0,5400.0,3888,1944,1080
2025-09-20,大田,シャインマスカット,各地,第三者販売,5.0,64.0,145771.0,7560.0,,,1512,,
2025-09-20,大田,シャインマスカット,山梨,せり・入札,5.0,3005.0,145771.0,10800.0,,4320.0,2160,,864
2025-09-20,大田,シャインマスカット,山梨,商物分離,5.0,1060.0,145771.0,9180.0,,,1836,,
2025-09-20,大田,シャインマスカット,山梨,相対,5.0,141642.0,145771.0,14040.0,7992.0,2160.0,2808,1598,432
2025-09-20,大田,シャインマスカット,長野,相対,5.0,141642.0,145771.0,11880.0,9072.0,4860.0,2376,1814,972
2025-09-20,大田,ピオーネ,各地,相対,5.0,141642.0,145771.0,10800.0,7452.0,6480.0,2160,1490,1296
2025-09-20,大田,ピオーネ,山梨,せり・入札,5.0,3005.0,145771.0,5400.0,,,1080,,
2025-09-20,大田,ピオーネ,山梨,相対,5.0,141642.0,145771.0,7560.0,6048.0,4860.0,1512,1210,972
2025-09-20,大田,ピオーネ,岡山,相対,5.0,141642.0,145771.0,14040.0,6912.0,3780.0,2808,1382,756
2025-09-20,大田,巨峰,各地,相対,0.35,141642.0,145771.0,432.0,,86.0,1234,,246
2025-09-20,大田,巨峰,山梨,せり・入札,5.0,3005.0,145771.0,6480.0,,4320.0,1296,,864
2025-09-20,大田,巨峰,山梨,相対,5.0,141642.0,145771.0,7020.0,6156.0,5940.0,1404,1231,1188
2025-09-20,大田,巨峰,長野,相対,0.35,141642.0,145771.0,540.0,529.0,400.0,1543,1511,1143
2025-09-20,大田,甲斐路,山梨,相対,5.0,141642.0,145771.0,6480.0,5616.0,5400.0,1296,1123,1080
2025-09-20,板橋,シャインマスカット,山梨,相対,5.0,6875.0,6900.0,8640.0,7560.0,5400.0,1728,1512,1080
2025-09-20,板橋,シャインマスカット,山梨,第三者販売,5.0,25.0,6900.0,8100.0,,6480.0,1620,,1296
2025-09-20,板橋,ピオーネ,山梨,相対,5.0,6875.0,6900.0,6480.0,5940.0,5400.0,1296,1188,1080
2025-09-20,板橋,ピオーネ,山梨,第三者販売,5.0,25.0,6900.0,6480.0,,,1296,,
2025-09-20,板橋,巨峰,長野,相対,0.35,6875.0,6900.0,540.0,,518.0,1543,,1480
2025-09-20,淀橋,シャインマスカット,各地,相対,5.0,20317.0,20317.0,9720.0,8640.0,7560.0,1944,1728,1512
2025-09-20,淀橋,シャインマスカット,山梨,相対,5.0,20317.0,20317.0,9720.0,,,1944,,
2025-09-20,淀橋,シャインマスカット,長野,相対,5.0,20317.0,20317.0,10800.0,,9180.0,2160,,1836
2025-09-20,淀橋,ピオーネ,山梨,相対,5.0,20317.0,20317.0,8100.0,,,1620,,
2025-09-20,淀橋,巨峰,山梨,相対,5.0,20317.0,20317.0,7560.0,,,1512,,
2025-09-20,淀橋,巨峰,長野,相対,0.35,20317.0,20317.0,540.0,,,1543,,
2025-09-20,葛西,シャインマスカット,山梨,相対,5.0,4100.0,4200.0,,7560.0,,,1512,
2025-09-20,葛西,巨峰,山梨,せり・入札,5.0,100.0,4200.0,,7560.0,,,1512,
2025-09-20,豊島,シャインマスカット,山梨,相対,5.0,3900.0,3900.0,9720.0,9180.0,8640.0,1944,1836,1728
2025-09-20,豊島,シャインマスカット,長野,相対,5.0,3900.0,3900.0,10260.0,9720.0,9180.0,2052,1944,1836
2025-09-20,豊島,ピオーネ,山梨,相対,5.0,3900.0,3900.0,7560.0,7020.0,6480.0,1512,1404,1296
2025-09-20,豊島,巨峰,山梨,相対,5.0,3900.0,3900.0,6480.0,,6264.0,1296,,1253
2025-09-20,豊島,巨峰,長野,相対,0.35,3900.0,3900.0,540.0,518.0,508.0,1543,1480,1451
2025-09-20,豊洲,シャインマスカット,各地,相対,5.0,18682.0,28775.0,10800.0,2376.0,2160.0,2160,475,432
2025-09-20,豊洲,シャインマスカット,各地,第三者販売,5.0,9743.0,28775.0,12960.0,10800.0,7560.0,2592,2160,1512
2025-09-20,豊洲,シャインマスカット,山梨,商物分離,5.0,485.0,28775.0,,10260.0,,,2052,
2025-09-20,豊洲,シャインマスカット,山梨,相対,5.0,18682.0,28775.0,9180.0,8640.0,7560.0,1836,1728,1512
2025-09-20,豊洲,シャインマスカット,山梨,第三者販売,5.0,9743.0,28775.0,9720.0,8640.0,7560.0,1944,1728,1512
2025-09-20,豊洲,シャインマスカット,長野,相対,5.0,18682.0,28775.0,9180.0,8640.0,8100.0,1836,1728,1620
2025-09-20,豊洲,シャインマスカット,長野,第三者販売,5.0,9743.0,28775.0,9504.0,9180.0,8640.0,1901,1836,1728
2025-09-20,豊洲,ピオーネ,各地,相対,5.0,18682.0,28775.0,,7560.0,,,1512,
2025-09-20,豊洲,ピオーネ,山梨,相対,5.0,18682.0,28775.0,7560.0,,7020.0,1512,,1404
2025-09-20,豊洲,ピオーネ,山梨,第三者販売,5.0,9743.0,28775.0,,7560.0,,,1512,
2025-09-20,豊洲,ピオーネ,岡山,相対,5.0,18682.0,28775.0,7884.0,6480.0,5616.0,1577,1296,1123
2025-09-20,豊洲,ピオーネ,岡山,第三者販売,5.0,9743.0,28775.0,6480.0,6156.0,5184.0,1296,1231,1037
2025-09-20,豊洲,巨峰,山梨,相対,5.0,18682.0,28775.0,6264.0,5400.0,5076.0,1253,1080,1015
2025-09-20,豊洲,巨峰,長野,相対,0.35,18682.0,28775.0,562.0,540.0,432.0,1606,1543,1234
2025-09-20,豊洲,巨峰,長野,第三者販売,0.35,9743.0,28775.0,594.0,540.0,508.0,1697,1543,1451
2025-09-22,世田谷,シャインマスカット,長野,相対,5.0,400.0,400.0,11340.0,,,2268,,
2025-09-22,世田谷,巨峰,各地,相対,0.35,400.0,400.0,454.0,,,1297,,
2025-09-22,北足立,シャインマスカット,各地,相対,5.0,14800.0,14800.0,8640.0,7560.0,6480.0,1728,1512,1296
2025-09-22,北足立,シャインマスカット,山梨,相対,5.0,14800.0,14800.0,,8640.0,,,1728,
2025-09-22,北足立,ピオーネ,各地,相対,5.0,14800.0,14800.0,6480.0,5940.0,5400.0,1296,1188,1080
2025-09-22,北足立,巨峰,山梨,相対,5.0,14800.0,14800.0,7020.0,,,1404,,
2025-09-22,多摩NT,シャインマスカット,山梨,相対,5.0,3268.0,3268.0,4860.0,,,972,,
2025-09-22,多摩NT,シャインマスカット,長野,相対,5.0,3268.0,3268.0,9180.0,,,1836,,
2025-09-22,多摩NT,ピオーネ,山梨,相対,5.0,3268.0,3268.0,8316.0,,,1663,,
2025-09-22,多摩NT,巨峰,山梨,相対,5.0,3268.0,3268.0,6480.0,,,1296,,
2025-09-22,多摩NT,巨峰,長野,相対,0.35,3268.0,3268.0,325.0,,,929,,
2025-09-22,多摩NT,甲斐路,山梨,相対,5.0,3268.0,3268.0,6957.0,,,1391,,
2025-09-22,大田,シャインマスカット,各地,相対,5.0,149609.0,153836.0,19440.0,9828.0,5400.0,3888,1966,1080
2025-09-22,大田,シャインマスカット,各地,第三者販売,5.0,105.0,153836.0,10800.0,9720.0,7560.0,2160,1944,1512
2025-09-22,大田,シャインマスカット,山梨,せり・入札,5.0,3032.0,153836.0,12960.0,4860.0,4320.0,2592,972,864
2025-09-22,大田,シャインマスカット,山梨,商物分離,5.0,1090.0,153836.0,9180.0,,,1836,,
2025-09-22,大田,シャインマスカット,山梨,相対,5.0,149609.0,153836.0,9720.0,8100.0,2160.0,1944,1620,432
2025-09-22,大田,シャインマスカット,長野,相対,5.0,149609.0,153836.0,11880.0,8964.0,7560.0,2376,1793,1512
2025-09-22,大田,ピオーネ,各地,相対,5.0,149609.0,153836.0,10800.0,7668.0,6480.0,2160,1534,1296
2025-09-22,大田,ピオーネ,山梨,せり・入札,5.0,3032.0,153836.0,5400.0,,,1080,,
2025-09-22,大田,ピオーネ,山梨,相対,5.0,149609.0,153836.0,7560.0,6372.0,5184.0,1512,1274,1037
2025-09-22,大田,ピオーネ,岡山,相対,5.0,149609.0,153836.0,14040.0,7236.0,4320.0,2808,1447,864
2025-09-22,大田,巨峰,各地,相対,0.35,149609.0,153836.0,486.0,432.0,324.0,1389,1234,926
2025-09-22,大田,巨峰,山梨,せり・入札,5.0,3032.0,153836.0,6480.0,,,1296,,
2025-09-22,大田,巨峰,山梨,相対,5.0,149609.0,153836.0,7560.0,5400.0,4320.0,1512,1080,864
2025-09-22,大田,巨峰,長野,相対,0.35,149609.0,153836.0,594.0,551.0,410.0,1697,1574,1171
2025-09-22,大田,甲斐路,山梨,せり・入札,5.0,3032.0,153836.0,5400.0,,4320.0,1080,,864
2025-09-22,大田,甲斐路,山梨,相対,5.0,149609.0,153836.0,5940.0,5724.0,5400.0,1188,1145,1080
2025-09-22,板橋,シャインマスカット,山梨,相対,5.0,5154.0,5200.0,8640.0,,7560.0,1728,,1512
2025-09-22,板橋,ピオーネ,山梨,相対,5.0,5154.0,5200.0,7020.0,6480.0,5940.0,1404,1296,1188
2025-09-22,板橋,ピオーネ,山梨,第三者販売,5.0,46.0,5200.0,6480.0,,,1296,,
2025-09-22,板橋,巨峰,長野,相対,0.35,5154.0,5200.0,540.0,,486.0,1543,,1389
2025-09-22,板橋,巨峰,長野,第三者販売,0.35,46.0,5200.0,594.0,,,1697,,
2025-09-22,淀橋,シャインマスカット,各地,相対,5.0,19792.0,19792.0,9720.0,8640.0,7560.0,1944,1728,1512
2025-09-22,淀橋,シャインマスカット,山梨,相対,5.0,19792.0,19792.0,9720.0,,,1944,,
2025-09-22,淀橋,シャインマスカット,長野,相対,5.0,19792.0,19792.0,10800.0,,9180.0,2160,,1836
2025-09-22,淀橋,ピオーネ,山梨,相対,5.0,19792.0,19792.0,8100.0,,,1620,,
2025-09-22,淀橋,巨峰,山梨,相対,5.0,19792.0,19792.0,7560.0,,,1512,,
2025-09-22,淀橋,巨峰,長野,相対,0.35,19792.0,19792.0,540.0,,,1543,,
2025-09-22,淀橋,甲斐路,山梨,相対,5.0,19792.0,19792.0,7020.0,,6480.0,1404,,1296
2025-09-22,葛西,シャインマスカット,山梨,相対,5.0,5000.0,5100.0,,7560.0,,,1512,
2025-09-22,葛西,巨峰,山梨,せり・入札,5.0,100.0,5100.0,,7560.0,,,1512,
2025-09-22,豊島,シャインマスカット,山梨,相対,5.0,4400.0,4400.0,9720.0,9180.0,8640.0,1944,1836,1728
2025-09-22,豊島,シャインマスカット,長野,相対,5.0,4400.0,4400.0,10260.0,,9180.0,2052,,1836
2025-09-22,豊島,ピオーネ,山梨,相対,5.0,4400.0,4400.0,8100.0,7020.0,6480.0,1620,1404,1296
2025-09-22,豊島,巨峰,山梨,相対,5.0,4400.0,4400.0,6480.0,,,1296,,
2025-09-22,豊島,巨峰,長野,相対,0.35,4400.0,4400.0,540.0,,,1543,,
2025-09-22,豊島,甲斐路,山梨,相対,5.0,4400.0,4400.0,6480.0,,,1296,,
2025-09-22,豊洲,シャインマスカット,各地,相対,5.0,13534.0,23760.0,10800.0,2376.0,2160.0,2160,475,432
2025-09-22,豊洲,シャインマスカット,各地,第三者販売,5.0,10226.0,23760.0,10800.0,5940.0,5400.0,2160,1188,1080
2025-09-22,豊洲,シャインマスカット,山梨,相対,5.0,13534.0,23760.0,9180.0,8640.0,7560.0,1836,1728,1512
2025-09-22,豊洲,シャインマスカット,山梨,第三者販売,5.0,10226.0,23760.0,9720.0,8640.0,7560.0,1944,1728,1512
2025-09-22,豊洲,シャインマスカット,長野,相対,5.0,13534.0,23760.0,9180.0,8640.0,7884.0,1836,1728,1577
2025-09-22,豊洲,シャインマスカット,長野,第三者販売,5.0,10226.0,23760.0,9180.0,8640.0,8100.0,1836,1728,1620
2025-09-22,豊洲,ピオーネ,各地,相対,5.0,13534.0,23760.0,8640.0,,8100.0,1728,,1620
2025-09-22,豊洲,ピオーネ,山梨,相対,5.0,13534.0,23760.0,7560.0,,5400.0,1512,,1080
2025-09-22,豊洲,ピオーネ,山梨,第三者販売,5.0,10226.0,23760.0,7560.0,,5940.0,1512,,1188
2025-09-22,豊洲,巨峰,山梨,相対,5.0,13534.0,23760.0,6480.0,6264.0,4860.0,1296,1253,972
2025-09-22,豊洲,巨峰,長野,相対,0.35,13534.0,23760.0,594.0,562.0,443.0,1697,1606,1266
2025-09-22,豊洲,巨峰,長野,第三者販売,0.35,10226.0,23760.0,572.0,518.0,356.0,1634,1480,1017
2025-09-22,豊洲,甲斐路,山梨,相対,5.0,13534.0,23760.0,,6480.0,,,1296,
2025-09-22,豊洲,甲斐路,山梨,第三者販売,5.0,10226.0,23760.0,,6480.0,,,1296,
2025-09-24,世田谷,甲斐路,山梨,相対,5.0,500.0,500.0,,4320.0,,,864,
2025-09-24,北足立,シャインマスカット,各地,相対,5.0,14700.0,14700.0,8640.0,7560.0,6480.0,1728,1512,1296
2025-09-24,北足立,シャインマスカット,山梨,相対,5.0,14700.0,14700.0,,8640.0,,,1728,
2025-09-24,北足立,ピオーネ,各地,相対,5.0,14700.0,14700.0,6480.0,5940.0,5400.0,1296,1188,1080
2025-09-24,北足立,巨峰,山梨,相対,5.0,14700.0,14700.0,7020.0,,,1404,,
2025-09-24,多摩NT,シャインマスカット,山梨,相対,5.0,3828.0,3828.0,4860.0,,,972,,
2025-09-24,多摩NT,シャインマスカット,長野,相対,5.0,3828.0,3828.0,9180.0,,,1836,,
2025-09-24,多摩NT,ピオーネ,山梨,相対,5.0,3828.0,3828.0,8316.0,,,1663,,
2025-09-24,多摩NT,巨峰,山梨,相対,5.0,3828.0,3828.0,6480.0,,,1296,,
2025-09-24,多摩NT,巨峰,長野,相対,0.35,3828.0,3828.0,325.0,,,929,,
2025-09-24,多摩NT,甲斐路,山梨,相対,5.0,3828.0,3828.0,6958.0,,,1392,,
2025-09-24,大田,シャインマスカット,各地,相対,5.0,154066.0,160877.0,21600.0,10044.0,4860.0,4320,2009,972
2025-09-24,大田,シャインマスカット,各地,第三者販売,5.0,505.0,160877.0,6480.0,,,1296,,
2025-09-24,大田,シャインマスカット,山梨,せり・入札,5.0,2881.0,160877.0,10800.0,5400.0,4860.0,2160,1080,972
2025-09-24,大田,シャインマスカット,山梨,商物分離,5.0,3425.0,160877.0,9720.0,9396.0,9180.0,1944,1879,1836
2025-09-24,大田,シャインマスカット,山梨,相対,5.0,154066.0,160877.0,9720.0,7776.0,2160.0,1944,1555,432
2025-09-24,大田,シャインマスカット,長野,商物分離,5.0,3425.0,160877.0,9720.0,8964.0,8640.0,1944,1793,1728
2025-09-24,大田,シャインマスカット,長野,相対,5.0,154066.0,160877.0,11880.0,8964.0,3240.0,2376,1793,648
2025-09-24,大田,ピオーネ,各地,相対,5.0,154066.0,160877.0,10800.0,7884.0,6480.0,2160,1577,1296
2025-09-24,大田,ピオーネ,山梨,せり・入札,5.0,2881.0,160877.0,5400.0,,4860.0,1080,,972
2025-09-24,大田,ピオーネ,山梨,相対,5.0,154066.0,160877.0,7560.0,6156.0,5400.0,1512,1231,1080
2025-09-24,大田,ピオーネ,岡山,相対,5.0,154066.0,160877.0,14040.0,7884.0,4860.0,2808,1577,972
2025-09-24,大田,巨峰,各地,相対,0.35,154066.0,160877.0,432.0,,400.0,1234,,1143
2025-09-24,大田,巨峰,山梨,せり・入札,5.0,2881.0,160877.0,6480.0,,,1296,,
2025-09-24,大田,巨峰,山梨,相対,5.0,154066.0,160877.0,7560.0,5616.0,4320.0,1512,1123,864
2025-09-24,大田,巨峰,長野,商物分離,0.35,3425.0,160877.0,562.0,,,1606,,
2025-09-24,大田,巨峰,長野,相対,0.35,154066.0,160877.0,594.0,518.0,324.0,1697,1480,926
2025-09-24,大田,甲斐路,山梨,相対,5.0,154066.0,160877.0,7020.0,5940.0,4860.0,1404,1188,972
2025-09-24,板橋,シャインマスカット,山梨,相対,5.0,4062.0,4100.0,8640.0,,7560.0,1728,,1512
2025-09-24,板橋,シャインマスカット,山梨,第三者販売,5.0,38.0,4100.0,6480.0,,,1296,,
2025-09-24,板橋,巨峰,長野,相対,0.35,4062.0,4100.0,540.0,,486.0,1543,,1389
2025-09-24,板橋,巨峰,長野,第三者販売,0.35,38.0,4100.0,594.0,,,1697,,
2025-09-24,淀橋,シャインマスカット,各地,相対,5.0,19230.0,19230.0,9720.0,8640.0,7560.0,1944,1728,1512
2025-09-24,淀橋,シャインマスカット,山梨,相対,5.0,19230.0,19230.0,9720.0,,,1944,,
2025-09-24,淀橋,シャインマスカット,長野,相対,5.0,19230.0,19230.0,10800.0,,9180.0,2160,,1836
2025-09-24,淀橋,ピオーネ,山梨,相対,5.0,19230.0,19230.0,8100.0,,,1620,,
2025-09-24,淀橋,巨峰,山梨,相対,5.0,19230.0,19230.0,7560.0,,,1512,,
2025-09-24,淀橋,巨峰,長野,相対,0.35,19230.0,19230.0,540.0,,,1543,,
2025-09-24,淀橋,甲斐路,山梨,相対,5.0,19230.0,19230.0,7020.0,,6480.0,1404,,1296
2025-09-24,葛西,シャインマスカット,山梨,相対,5.0,4600.0,4700.0,,7560.0,,,1512,
2025-09-24,葛西,ピオーネ,山梨,相対,5.0,4600.0,4700.0,,7560.0,,,1512,
2025-09-24,葛西,巨峰,山梨,せり・入札,5.0,100.0,4700.0,,7560.0,,,1512,
2025-09-24,葛西,巨峰,山梨,相対,5.0,4600.0,4700.0,,7560.0,,,1512,
2025-09-24,豊島,シャインマスカット,山梨,相対,5.0,4400.0,4400.0,9720.0,,9180.0,1944,,1836
2025-09-24,豊島,シャインマスカット,長野,相対,5.0,4400.0,4400.0,10260.0,,9180.0,2052,,1836
2025-09-24,豊島,ピオーネ,山梨,相対,5.0,4400.0,4400.0,8100.0,6480.0,5940.0,1620,1296,1188
2025-09-24,豊島,巨峰,長野,相対,0.35,4400.0,4400.0,572.0,,540.0,1634,,1543
2025-09-24,豊島,甲斐路,山梨,相対,5.0,4400.0,4400.0,6480.0,,,1296,,
2025-09-24,豊洲,シャインマスカット,各地,相対,5.0,20571.0,26346.0,15120.0,10800.0,5940.0,3024,2160,1188
2025-09-24,豊洲,シャインマスカット,各地,第三者販売,5.0,5425.0,26346.0,10800.0,,5940.0,2160,,1188
2025-09-24,豊洲,シャインマスカット,山梨,商物分離,5.0,350.0,26346.0,,9720.0,,,1944,
2025-09-24,豊洲,シャインマスカット,山梨,相対,5.0,20571.0,26346.0,9180.0,8640.0,7560.0,1836,1728,1512
2025-09-24,豊洲,シャインマスカット,山梨,第三者販売,5.0,5425.0,26346.0,9720.0,8640.0,5940.0,1944,1728,1188
2025-09-24,豊洲,シャインマスカット,長野,相対,5.0,20571.0,26346.0,9180.0,8640.0,8100.0,1836,1728,1620
2025-09-24,豊洲,シャインマスカット,長野,第三者販売,5.0,5425.0,26346.0,9180.0,,8640.0,1836,,1728
2025-09-24,豊洲,ピオーネ,各地,相対,5.0,20571.0,26346.0,8100.0,,7884.0,1620,,1577
2025-09-24,豊洲,ピオーネ,山梨,相対,5.0,20571.0,26346.0,7560.0,,5940.0,1512,,1188
2025-09-24,豊洲,ピオーネ,岡山,相対,5.0,20571.0,26346.0,7236.0,5616.0,5400.0,1447,1123,1080
2025-09-24,豊洲,ピオーネ,岡山,第三者販売,5.0,5425.0,26346.0,7560.0,7236.0,6480.0,1512,1447,1296
2025-09-24,豊洲,巨峰,山梨,相対,5.0,20571.0,26346.0,7020.0,6480.0,6264.0,1404,1296,1253
2025-09-24,豊洲,巨峰,長野,相対,0.35,20571.0,26346.0,594.0,562.0,443.0,1697,1606,1266
2025-09-24,豊洲,巨峰,長野,第三者販売,0.35,5425.0,26346.0,594.0,,562.0,1697,,1606
2025-09-24,豊洲,甲斐路,山梨,相対,5.0,20571.0,26346.0,,6480.0,,,1296,
2025-09-25,世田谷,シャインマスカット,長野,相対,5.0,600.0,600.0,9720.0,,,1944,,
2025-09-25,世田谷,巨峰,山梨,相対,5.0,600.0,600.0,6480.0,,,1296,,
2025-09-25,世田谷,巨峰,長野,相対,0.35,600.0,600.0,626.0,,,1789,,
2025-09-25,世田谷,甲斐路,山梨,相対,5.0,600.0,600.0,,4320.0,,,864,
2025-09-25,北足立,シャインマスカット,各地,相対,5.0,10500.0,10500.0,8640.0,7560.0,6480.0,1728,1512,1296
2025-09-25,北足立,シャインマスカット,山梨,相対,5.0,10500.0,10500.0,,8640.0,,,1728,
2025-09-25,北足立,ピオーネ,各地,相対,5.0,10500.0,10500.0,6480.0,5940.0,5400.0,1296,1188,1080
2025-09-25,北足立,巨峰,山梨,相対,5.0,10500.0,10500.0,7020.0,,,1404,,
2025-09-25,多摩NT,シャインマスカット,山梨,相対,5.0,1790.0,1790.0,4860.0,,,972,,
2025-09-25,多摩NT,シャインマスカット,長野,相対,5.0,1790.0,1790.0,9180.0,,,1836,,
2025-09-25,多摩NT,ピオーネ,山梨,相対,5.0,1790.0,1790.0,8316.0,,,1663,,
2025-09-25,多摩NT,巨峰,山梨,相対,5.0,1790.0,1790.0,6480.0,,,1296,,
2025-09-25,多摩NT,巨峰,長野,相対,0.35,1790.0,1790.0,325.0,,,929,,
2025-09-25,多摩NT,甲斐路,山梨,相対,5.0,1790.0,1790.0,6958.0,,,1392,,
2025-09-25,大田,シャインマスカット,各地,相対,5.0,140226.0,144374.0,19440.0,9612.0,5400.0,3888,1922,1080
2025-09-25,大田,シャインマスカット,山梨,せり・入札,5.0,2738.0,144374.0,10800.0,4320.0,3780.0,2160,864,756
2025-09-25,大田,シャインマスカット,山梨,商物分離,5.0,1230.0,144374.0,9720.0,,,1944,,
2025-09-25,大田,シャインマスカット,山梨,相対,5.0,140226.0,144374.0,9720.0,8208.0,2160.0,1944,1642,432
2025-09-25,大田,シャインマスカット,長野,相対,5.0,140226.0,144374.0,11880.0,9072.0,7560.0,2376,1814,1512
2025-09-25,大田,ピオーネ,各地,相対,5.0,140226.0,144374.0,10800.0,7776.0,6480.0,2160,1555,1296
2025-09-25,大田,ピオーネ,山梨,せり・入札,5.0,2738.0,144374.0,7020.0,,6480.0,1404,,1296
2025-09-25,大田,ピオーネ,山梨,相対,5.0,140226.0,144374.0,7560.0,6372.0,5400.0,1512,1274,1080
2025-09-25,大田,ピオーネ,岡山,相対,5.0,140226.0,144374.0,14040.0,7776.0,4860.0,2808,1555,972
2025-09-25,大田,巨峰,各地,相対,0.35,140226.0,144374.0,486.0,432.0,324.0,1389,1234,926
2025-09-25,大田,巨峰,山梨,せり・入札,5.0,2738.0,144374.0,6480.0,,,1296,,
2025-09-25,大田,巨峰,山梨,相対,5.0,140226.0,144374.0,7560.0,6048.0,5940.0,1512,1210,1188
2025-09-25,大田,巨峰,長野,相対,0.35,140226.0,144374.0,648.0,475.0,3.0,1851,1357,9
2025-09-25,大田,甲斐路,山梨,せり・入札,5.0,2738.0,144374.0,4320.0,,,864,,
2025-09-25,大田,甲斐路,山梨,相対,5.0,140226.0,144374.0,7020.0,6264.0,5940.0,1404,1253,1188
2025-09-25,板橋,シャインマスカット,山梨,相対,5.0,2984.0,3000.0,8640.0,7560.0,6480.0,1728,1512,1296
2025-09-25,板橋,シャインマスカット,長野,第三者販売,5.0,16.0,3000.0,8100.0,,6480.0,1620,,1296
2025-09-25,板橋,ピオーネ,岡山,相対,5.0,2984.0,3000.0,7020.0,,,1404,,
2025-09-25,板橋,巨峰,長野,相対,0.35,2984.0,3000.0,594.0,540.0,486.0,1697,1543,1389
2025-09-25,板橋,巨峰,長野,第三者販売,0.35,16.0,3000.0,594.0,,,1697,,
2025-09-25,淀橋,シャインマスカット,各地,相対,5.0,15921.0,15921.0,9720.0,8640.0,7560.0,1944,1728,1512
2025-09-25,淀橋,シャインマスカット,山梨,相対,5.0,15921.0,15921.0,9720.0,,,1944,,
2025-09-25,淀橋,シャインマスカット,長野,相対,5.0,15921.0,15921.0,9720.0,,8640.0,1944,,1728
2025-09-25,淀橋,ピオーネ,山梨,相対,5.0,15921.0,15921.0,8100.0,,,1620,,
2025-09-25,淀橋,巨峰,山梨,相対,5.0,15921.0,15921.0,7560.0,,,1512,,
2025-09-25,淀橋,巨峰,長野,相対,0.35,15921.0,15921.0,540.0,,,1543,,
2025-09-25,淀橋,甲斐路,山梨,相対,5.0,15921.0,15921.0,7020.0,,6480.0,1404,,1296
2025-09-25,葛西,シャインマスカット,山梨,相対,5.0,3700.0,3800.0,,7560.0,,,1512,
2025-09-25,葛西,ピオーネ,山梨,相対,5.0,3700.0,3800.0,,7560.0,,,1512,
2025-09-25,葛西,巨峰,山梨,せり・入札,5.0,100.0,3800.0,,7560.0,,,1512,
2025-09-25,葛西,巨峰,山梨,相対,5.0,3700.0,3800.0,,7560.0,,,1512,
2025-09-25,豊島,シャインマスカット,山梨,相対,5.0,3500.0,3500.0,9720.0,9180.0,8640.0,1944,1836,1728
2025-09-25,豊島,シャインマスカット,長野,相対,5.0,3500.0,3500.0,10260.0,,9180.0,2052,,1836
2025-09-25,豊島,ピオーネ,山梨,相対,5.0,3500.0,3500.0,8100.0,6480.0,5940.0,1620,1296,1188
2025-09-25,豊島,巨峰,山梨,相対,5.0,3500.0,3500.0,7020.0,,5940.0,1404,,1188
2025-09-25,豊島,巨峰,長野,相対,0.35,3500.0,3500.0,572.0,,540.0,1634,,1543
2025-09-25,豊島,甲斐路,山梨,相対,5.0,3500.0,3500.0,5400.0,,,1080,,
2025-09-25,豊洲,シャインマスカット,各地,相対,5.0,14504.0,23254.0,11880.0,10800.0,7560.0,2376,2160,1512
2025-09-25,豊洲,シャインマスカット,各地,第三者販売,5.0,8750.0,23254.0,19980.0,14904.0,11340.0,3996,2981,2268
2025-09-25,豊洲,シャインマスカット,山梨,相対,5.0,14504.0,23254.0,9720.0,8640.0,8100.0,1944,1728,1620
2025-09-25,豊洲,シャインマスカット,山梨,第三者販売,5.0,8750.0,23254.0,9720.0,8640.0,7560.0,1944,1728,1512
2025-09-25,豊洲,シャインマスカット,長野,相対,5.0,14504.0,23254.0,9180.0,8640.0,8100.0,1836,1728,1620
2025-09-25,豊洲,シャインマスカット,長野,第三者販売,5.0,8750.0,23254.0,9180.0,,8640.0,1836,,1728
2025-09-25,豊洲,ピオーネ,各地,相対,5.0,14504.0,23254.0,8100.0,7884.0,7776.0,1620,1577,1555
2025-09-25,豊洲,ピオーネ,山梨,相対,5.0,14504.0,23254.0,7560.0,,6480.0,1512,,1296
2025-09-25,豊洲,ピオーネ,山梨,第三者販売,5.0,8750.0,23254.0,,6480.0,,,1296,
2025-09-25,豊洲,ピオーネ,岡山,相対,5.0,14504.0,23254.0,7560.0,,6480.0,1512,,1296
2025-09-25,豊洲,ピオーネ,岡山,第三者販売,5.0,8750.0,23254.0,9288.0,7776.0,5616.0,1858,1555,1123
2025-09-25,豊洲,巨峰,山梨,相対,5.0,14504.0,23254.0,7020.0,6480.0,5400.0,1404,1296,1080
2025-09-25,豊洲,巨峰,長野,相対,0.35,14504.0,23254.0,594.0,562.0,443.0,1697,1606,1266
2025-09-25,豊洲,巨峰,長野,第三者販売,0.35,8750.0,23254.0,594.0,562.0,540.0,1697,1606,1543
2025-09-25,豊洲,甲斐路,山梨,相対,5.0,14504.0,23254.0,,6480.0,,,1296,
2025-09-26,世田谷,甲斐路,山梨,相対,5.0,400.0,400.0,,4320.0,,,864,
2025-09-26,北足立,シャインマスカット,各地,相対,5.0,7900.0,7900.0,8640.0,7560.0,6480.0,1728,1512,1296
2025-09-26,北足立,シャインマスカット,山梨,相対,5.0,7900.0,7900.0,,8640.0,,,1728,
2025-09-26,北足立,ピオーネ,各地,相対,5.0,7900.0,7900.0,6480.0,5940.0,5400.0,1296,1188,1080
2025-09-26,北足立,巨峰,山梨,相対,5.0,7900.0,7900.0,7020.0,,,1404,,
2025-09-26,多摩NT,シャインマスカット,山梨,相対,5.0,2259.0,2259.0,4860.0,,,972,,
2025-09-26,多摩NT,シャインマスカット,長野,相対,5.0,2259.0,2259.0,9180.0,,,1836,,
2025-09-26,多摩NT,ピオーネ,山梨,相対,5.0,2259.0,2259.0,8316.0,,,1663,,
2025-09-26,多摩NT,巨峰,山梨,相対,5.0,2259.0,2259.0,6480.0,,,1296,,
2025-09-26,多摩NT,巨峰,長野,相対,0.35,2259.0,2259.0,325.0,,,929,,
2025-09-26,多摩NT,甲斐路,山梨,相対,5.0,2259.0,2259.0,6958.0,,,1392,,
2025-09-26,大田,シャインマスカット,各地,相対,5.0,127173.0,129574.0,21600.0,9612.0,6480.0,4320,1922,1296
2025-09-26,大田,シャインマスカット,各地,第三者販売,5.0,217.0,129574.0,7560.0,6588.0,6480.0,1512,1318,1296
2025-09-26,大田,シャインマスカット,山梨,せり・入札,5.0,1493.0,129574.0,9720.0,9720.0,5940.0,1944,1944,1188
2025-09-26,大田,シャインマスカット,山梨,商物分離,5.0,691.0,129574.0,9720.0,,,1944,,
2025-09-26,大田,シャインマスカット,山梨,相対,5.0,127173.0,129574.0,9720.0,8100.0,2160.0,1944,1620,432
2025-09-26,大田,シャインマスカット,長野,相対,5.0,127173.0,129574.0,11880.0,9720.0,7560.0,2376,1944,1512
2025-09-26,大田,ピオーネ,各地,相対,5.0,127173.0,129574.0,10800.0,9504.0,8100.0,2160,1901,1620
2025-09-26,大田,ピオーネ,山梨,相対,5.0,127173.0,129574.0,7560.0,6156.0,5400.0,1512,1231,1080
2025-09-26,大田,ピオーネ,岡山,相対,5.0,127173.0,129574.0,14040.0,7668.0,4320.0,2808,1534,864
2025-09-26,大田,巨峰,各地,相対,0.35,127173.0,129574.0,486.0,432.0,324.0,1389,1234,926
2025-09-26,大田,巨峰,山梨,せり・入札,5.0,1493.0,129574.0,6480.0,,,1296,,
2025-09-26,大田,巨峰,山梨,相対,5.0,127173.0,129574.0,7560.0,6048.0,5940.0,1512,1210,1188
2025-09-26,大田,巨峰,長野,相対,0.35,127173.0,129574.0,648.0,529.0,432.0,1851,1511,1234
2025-09-26,大田,甲斐路,山梨,相対,5.0,127173.0,129574.0,6480.0,5940.0,4860.0,1296,1188,972
2025-09-26,板橋,シャインマスカット,山梨,相対,5.0,2884.0,2900.0,8640.0,8640.0,6480.0,1728,1728,1296
2025-09-26,板橋,シャインマスカット,山梨,第三者販売,5.0,16.0,2900.0,8640.0,,,1728,,
2025-09-26,板橋,巨峰,長野,相対,0.35,2884.0,2900.0,594.0,,,1697,,
2025-09-26,板橋,巨峰,長野,第三者販売,0.35,16.0,2900.0,594.0,,,1697,,
2025-09-26,淀橋,シャインマスカット,各地,相対,5.0,16131.0,16131.0,9720.0,8640.0,7560.0,1944,1728,1512
2025-09-26,淀橋,シャインマスカット,山梨,相対,5.0,16131.0,16131.0,9720.0,,,1944,,
2025-09-26,淀橋,シャインマスカット,長野,相対,5.0,16131.0,16131.0,9720.0,,8640.0,1944,,1728
2025-09-26,淀橋,ピオーネ,山梨,相対,5.0,16131.0,16131.0,8100.0,,,1620,,
2025-09-26,淀橋,巨峰,山梨,相対,5.0,16131.0,16131.0,7560.0,,,1512,,
2025-09-26,淀橋,巨峰,長野,相対,0.35,16131.0,16131.0,540.0,,,1543,,
2025-09-26,淀橋,甲斐路,山梨,相対,5.0,16131.0,16131.0,7020.0,,6480.0,1404,,1296
2025-09-26,葛西,シャインマスカット,山梨,相対,5.0,4000.0,4100.0,,7560.0,,,1512,
2025-09-26,葛西,ピオーネ,岡山,相対,5.0,4000.0,4100.0,,7560.0,,,1512,
2025-09-26,葛西,巨峰,山梨,せり・入札,5.0,100.0,4100.0,,7560.0,,,1512,
2025-09-26,葛西,巨峰,山梨,相対,5.0,4000.0,4100.0,,7560.0,,,1512,
2025-09-26,豊島,シャインマスカット,山梨,相対,5.0,3500.0,3500.0,9720.0,9180.0,8100.0,1944,1836,1620
2025-09-26,豊島,シャインマスカット,長野,相対,5.0,3500.0,3500.0,9720.0,,9180.0,1944,,1836
2025-09-26,豊島,ピオーネ,山梨,相対,5.0,3500.0,3500.0,8100.0,7020.0,5940.0,1620,1404,1188
2025-09-26,豊島,巨峰,山梨,相対,5.0,3500.0,3500.0,6480.0,,5400.0,1296,,1080
2025-09-26,豊島,巨峰,長野,相対,0.35,3500.0,3500.0,572.0,,540.0,1634,,1543
2025-09-26,豊島,甲斐路,山梨,相対,5.0,3500.0,3500.0,6480.0,,5400.0,1296,,1080
2025-09-26,豊洲,シャインマスカット,各地,相対,5.0,16519.0,24161.0,5940.0,,4860.0,1188,,972
2025-09-26,豊洲,シャインマスカット,各地,第三者販売,5.0,7642.0,24161.0,19980.0,14904.0,11340.0,3996,2981,2268
2025-09-26,豊洲,シャインマスカット,山梨,相対,5.0,16519.0,24161.0,9180.0,8640.0,8100.0,1836,1728,1620
2025-09-26,豊洲,シャインマスカット,山梨,第三者販売,5.0,7642.0,24161.0,9720.0,8640.0,7560.0,1944,1728,1512
2025-09-26,豊洲,シャインマスカット,長野,相対,5.0,16519.0,24161.0,9180.0,8640.0,8100.0,1836,1728,1620
2025-09-26,豊洲,シャインマスカット,長野,第三者販売,5.0,7642.0,24161.0,9720.0,9180.0,8640.0,1944,1836,1728
2025-09-26,豊洲,ピオーネ,各地,相対,5.0,16519.0,24161.0,8100.0,7884.0,7344.0,1620,1577,1469
2025-09-26,豊洲,ピオーネ,山梨,相対,5.0,16519.0,24161.0,5400.0,,4860.0,1080,,972
2025-09-26,豊洲,ピオーネ,山梨,第三者販売,5.0,7642.0,24161.0,,4320.0,,,864,
2025-09-26,豊洲,ピオーネ,岡山,相対,5.0,16519.0,24161.0,6480.0,,5616.0,1296,,1123
2025-09-26,豊洲,ピオーネ,岡山,第三者販売,5.0,7642.0,24161.0,9504.0,7776.0,7236.0,1901,1555,1447
2025-09-26,豊洲,巨峰,山梨,相対,5.0,16519.0,24161.0,7020.0,,6480.0,1404,,1296
2025-09-26,豊洲,巨峰,長野,相対,0.35,16519.0,24161.0,594.0,562.0,443.0,1697,1606,1266
2025-09-26,豊洲,巨峰,長野,第三者販売,0.35,7642.0,24161.0,626.0,594.0,562.0,1789,1697,1606
2025-09-26,豊洲,甲斐路,山梨,相対,5.0,16519.0,24161.0,,6480.0,,,1296,
2025-09-27,世田谷,シャインマスカット,山梨,相対,5.0,800.0,800.0,,6480.0,,,1296,
2025-09-27,世田谷,シャインマスカット,長野,相対,5.0,800.0,800.0,9180.0,,,1836,,
2025-09-27,世田谷,巨峰,長野,相対,0.35,800.0,800.0,626.0,,,1789,,
2025-09-27,北足立,シャインマスカット,各地,相対,5.0,9000.0,9000.0,8640.0,7560.0,6480.0,1728,1512,1296
2025-09-27,北足立,シャインマスカット,山梨,相対,5.0,9000.0,9000.0,,8640.0,,,1728,
2025-09-27,北足立,ピオーネ,各地,相対,5.0,9000.0,9000.0,6480.0,5940.0,5400.0,1296,1188,1080
2025-09-27,北足立,巨峰,山梨,相対,5.0,9000.0,9000.0,7020.0,,,1404,,
2025-09-27,多摩NT,シャインマスカット,山梨,相対,5.0,1220.0,1220.0,4860.0,,,972,,
2025-09-27,多摩NT,シャインマスカット,長野,相対,5.0,1220.0,1220.0,9180.0,,,1836,,
2025-09-27,多摩NT,ピオーネ,山梨,相対,5.0,1220.0,1220.0,8316.0,,,1663,,
2025-09-27,多摩NT,巨峰,山梨,相対,5.0,1220.0,1220.0,6480.0,,,1296,,
2025-09-27,多摩NT,巨峰,長野,相対,0.35,1220.0,1220.0,325.0,,,929,,
2025-09-27,多摩NT,甲斐路,山梨,相対,5.0,1220.0,1220.0,6958.0,,,1392,,
2025-09-27,大田,シャインマスカット,各地,相対,5.0,129893.0,134024.0,27000.0,9720.0,5400.0,5400,1944,1080
2025-09-27,大田,シャインマスカット,山梨,せり・入札,5.0,2470.0,134024.0,10800.0,5400.0,4320.0,2160,1080,864
2025-09-27,大田,シャインマスカット,山梨,商物分離,5.0,1391.0,134024.0,9720.0,,,1944,,
2025-09-27,大田,シャインマスカット,山梨,相対,5.0,129893.0,134024.0,9720.0,8208.0,2160.0,1944,1642,432
2025-09-27,大田,シャインマスカット,長野,商物分離,5.0,1391.0,134024.0,8640.0,,,1728,,
2025-09-27,大田,シャインマスカット,長野,相対,5.0,129893.0,134024.0,11880.0,9180.0,4860.0,2376,1836,972
2025-09-27,大田,ピオーネ,各地,相対,5.0,129893.0,134024.0,10800.0,7344.0,6480.0,2160,1469,1296
2025-09-27,大田,ピオーネ,山梨,相対,5.0,129893.0,134024.0,7560.0,,,1512,,
2025-09-27,大田,ピオーネ,岡山,相対,5.0,129893.0,134024.0,14040.0,7776.0,4320.0,2808,1555,864
2025-09-27,大田,巨峰,各地,相対,0.35,129893.0,134024.0,486.0,432.0,324.0,1389,1234,926
2025-09-27,大田,巨峰,山梨,相対,5.0,129893.0,134024.0,7560.0,7560.0,5400.0,1512,1512,1080
2025-09-27,大田,巨峰,長野,相対,0.35,129893.0,134024.0,648.0,529.0,432.0,1851,1511,1234
2025-09-27,大田,甲斐路,山梨,せり・入札,5.0,2470.0,134024.0,3240.0,,,648,,
2025-09-27,大田,甲斐路,山梨,相対,5.0,129893.0,134024.0,6480.0,5832.0,5400.0,1296,1166,1080
2025-09-27,板橋,シャインマスカット,山梨,相対,5.0,2685.0,2700.0,8640.0,7560.0,5400.0,1728,1512,1080
2025-09-27,板橋,シャインマスカット,山梨,第三者販売,5.0,15.0,2700.0,7560.0,,6480.0,1512,,1296
2025-09-27,板橋,巨峰,長野,相対,0.35,2685.0,2700.0,594.0,,,1697,,
2025-09-27,淀橋,シャインマスカット,各地,相対,5.0,15780.0,15780.0,9720.0,8640.0,7560.0,1944,1728,1512
2025-09-27,淀橋,シャインマスカット,山梨,相対,5.0,15780.0,15780.0,9720.0,,,1944,,
2025-09-27,淀橋,シャインマスカット,長野,相対,5.0,15780.0,15780.0,9720.0,,8640.0,1944,,1728
2025-09-27,淀橋,ピオーネ,山梨,相対,5.0,15780.0,15780.0,8100.0,,,1620,,
2025-09-27,淀橋,巨峰,山梨,相対,5.0,15780.0,15780.0,7560.0,,,1512,,
2025-09-27,淀橋,巨峰,長野,相対,0.35,15780.0,15780.0,540.0,,,1543,,
2025-09-27,淀橋,甲斐路,山梨,相対,5.0,15780.0,15780.0,7020.0,,6480.0,1404,,1296
2025-09-27,葛西,シャインマスカット,山梨,相対,5.0,3700.0,3800.0,,7560.0,,,1512,
2025-09-27,葛西,ピオーネ,山梨,相対,5.0,3700.0,3800.0,,7560.0,,,1512,
2025-09-27,葛西,巨峰,山梨,せり・入札,5.0,100.0,3800.0,,7560.0,,,1512,
2025-09-27,葛西,巨峰,山梨,相対,5.0,3700.0,3800.0,,7560.0,,,1512,
2025-09-27,豊島,シャインマスカット,山梨,相対,5.0,3500.0,3500.0,9720.0,9180.0,8100.0,1944,1836,1620
2025-09-27,豊島,シャインマスカット,長野,相対,5.0,3500.0,3500.0,9720.0,,9180.0,1944,,1836
2025-09-27,豊島,ピオーネ,山梨,相対,5.0,3500.0,3500.0,8100.0,7020.0,6480.0,1620,1404,1296
2025-09-27,豊島,巨峰,山梨,相対,5.0,3500.0,3500.0,7020.0,5400.0,5184.0,1404,1080,1037
2025-09-27,豊島,巨峰,長野,相対,0.35,3500.0,3500.0,572.0,,540.0,1634,,1543
2025-09-27,豊島,甲斐路,山梨,相対,5.0,3500.0,3500.0,6480.0,,5400.0,1296,,1080
2025-09-27,豊洲,シャインマスカット,各地,相対,5.0,12179.0,23188.0,10800.0,,2376.0,2160,,475
2025-09-27,豊洲,シャインマスカット,各地,第三者販売,5.0,11009.0,23188.0,19980.0,14904.0,10800.0,3996,2981,2160
2025-09-27,豊洲,シャインマスカット,山梨,相対,5.0,12179.0,23188.0,8856.0,8640.0,5400.0,1771,1728,1080
2025-09-27,豊洲,シャインマスカット,山梨,第三者販売,5.0,11009.0,23188.0,9180.0,8640.0,7560.0,1836,1728,1512
2025-09-27,豊洲,シャインマスカット,長野,相対,5.0,12179.0,23188.0,9180.0,8640.0,8100.0,1836,1728,1620
2025-09-27,豊洲,シャインマスカット,長野,第三者販売,5.0,11009.0,23188.0,9180.0,8640.0,8100.0,1836,1728,1620
2025-09-27,豊洲,ピオーネ,各地,相対,5.0,12179.0,23188.0,8100.0,,7884.0,1620,,1577
2025-09-27,豊洲,ピオーネ,山梨,相対,5.0,12179.0,23188.0,5940.0,,4860.0,1188,,972
2025-09-27,豊洲,ピオーネ,岡山,相対,5.0,12179.0,23188.0,9504.0,7776.0,7020.0,1901,1555,1404
2025-09-27,豊洲,ピオーネ,岡山,第三者販売,5.0,11009.0,23188.0,9504.0,7776.0,7236.0,1901,1555,1447
2025-09-27,豊洲,巨峰,山梨,相対,5.0,12179.0,23188.0,6804.0,6480.0,4320.0,1361,1296,864
2025-09-27,豊洲,巨峰,山梨,第三者販売,5.0,11009.0,23188.0,5400.0,,4320.0,1080,,864
2025-09-27,豊洲,巨峰,長野,相対,0.35,12179.0,23188.0,572.0,562.0,443.0,1634,1606,1266
2025-09-27,豊洲,巨峰,長野,第三者販売,0.35,11009.0,23188.0,508.0,,400.0,1451,,1143
2025-09-27,豊洲,甲斐路,山梨,相対,5.0,12179.0,23188.0,,6480.0,,,1296,
2025-09-29,世田谷,シャインマスカット,長野,相対,5.0,800.0,800.0,9180.0,,,1836,,
2025-09-29,世田谷,巨峰,長野,相対,0.35,800.0,800.0,454.0,,,1297,,
2025-09-29,世田谷,甲斐路,山梨,相対,5.0,800.0,800.0,,4320.0,,,864,
2025-09-29,北足立,シャインマスカット,各地,相対,5.0,10200.0,10200.0,8640.0,7560.0,6480.0,1728,1512,1296
2025-09-29,北足立,シャインマスカット,山梨,相対,5.0,10200.0,10200.0,,8640.0,,,1728,
2025-09-29,北足立,ピオーネ,各地,相対,5.0,10200.0,10200.0,6480.0,5940.0,5400.0,1296,1188,1080
2025-09-29,北足立,巨峰,山梨,相対,5.0,10200.0,10200.0,8100.0,,,1620,,
2025-09-29,多摩NT,シャインマスカット,山梨,相対,5.0,899.0,899.0,4860.0,,,972,,
2025-09-29,多摩NT,シャインマスカット,長野,相対,5.0,899.0,899.0,9180.0,,,1836,,
2025-09-29,多摩NT,ピオーネ,山梨,相対,5.0,899.0,899.0,8316.0,,,1663,,
2025-09-29,多摩NT,巨峰,山梨,相対,5.0,899.0,899.0,6480.0,,,1296,,
2025-09-29,多摩NT,巨峰,長野,相対,0.35,899.0,899.0,325.0,,,929,,
2025-09-29,多摩NT,甲斐路,山梨,相対,5.0,899.0,899.0,6958.0,,,1392,,
2025-09-29,大田,シャインマスカット,各地,相対,5.0,128805.0,133628.0,16200.0,10044.0,6480.0,3240,2009,1296
2025-09-29,大田,シャインマスカット,山梨,せり・入札,5.0,1911.0,133628.0,9720.0,9720.0,4320.0,1944,1944,864
2025-09-29,大田,シャインマスカット,山梨,商物分離,5.0,2872.0,133628.0,9720.0,,,1944,,
2025-09-29,大田,シャインマスカット,山梨,相対,5.0,128805.0,133628.0,9720.0,7992.0,2160.0,1944,1598,432
2025-09-29,大田,シャインマスカット,長野,商物分離,5.0,2872.0,133628.0,10962.0,9180.0,8640.0,2192,1836,1728
2025-09-29,大田,シャインマスカット,長野,相対,5.0,128805.0,133628.0,11880.0,9288.0,4860.0,2376,1858,972
2025-09-29,大田,ピオーネ,各地,相対,5.0,128805.0,133628.0,10260.0,7668.0,5940.0,2052,1534,1188
2025-09-29,大田,ピオーネ,山梨,相対,5.0,128805.0,133628.0,7560.0,6048.0,4320.0,1512,1210,864
2025-09-29,大田,ピオーネ,岡山,相対,5.0,128805.0,133628.0,16200.0,7668.0,4320.0,3240,1534,864
2025-09-29,大田,巨峰,各地,相対,0.35,128805.0,133628.0,432.0,,,1234,,
2025-09-29,大田,巨峰,山梨,せり・入札,5.0,1911.0,133628.0,6480.0,,,1296,,
2025-09-29,大田,巨峰,山梨,相対,5.0,128805.0,133628.0,7560.0,4536.0,3780.0,1512,907,756
2025-09-29,大田,巨峰,長野,商物分離,0.35,2872.0,133628.0,562.0,,,1606,,
2025-09-29,大田,巨峰,長野,相対,0.35,128805.0,133628.0,594.0,508.0,410.0,1697,1451,1171
2025-09-29,大田,甲斐路,山梨,せり・入札,5.0,1911.0,133628.0,4320.0,,3888.0,864,,778
2025-09-29,大田,甲斐路,山梨,相対,5.0,128805.0,133628.0,7020.0,5940.0,4860.0,1404,1188,972
2025-09-29,板橋,シャインマスカット,山梨,相対,5.0,2593.0,2600.0,8640.0,8100.0,7884.0,1728,1620,1577
2025-09-29,板橋,シャインマスカット,長野,相対,5.0,2593.0,2600.0,8640.0,,8100.0,1728,,1620
2025-09-29,板橋,巨峰,長野,相対,0.35,2593.0,2600.0,594.0,540.0,486.0,1697,1543,1389
2025-09-29,板橋,巨峰,長野,第三者販売,0.35,7.0,2600.0,594.0,,,1697,,
2025-09-29,葛西,シャインマスカット,山梨,相対,5.0,3800.0,3900.0,,7560.0,,,1512,
2025-09-29,葛西,ピオーネ,各地,相対,5.0,3800.0,3900.0,,7560.0,,,1512,
2025-09-29,葛西,巨峰,山梨,せり・入札,5.0,100.0,3900.0,,7560.0,,,1512,
2025-09-29,葛西,巨峰,山梨,相対,5.0,3800.0,3900.0,,7560.0,,,1512,
2025-09-29,葛西,甲斐路,山梨,相対,5.0,3800.0,3900.0,,3240.0,,,648,
2025-09-29,豊島,シャインマスカット,山梨,相対,5.0,3200.0,3200.0,9720.0,9180.0,8100.0,1944,1836,1620
2025-09-29,豊島,シャインマスカット,長野,相対,5.0,3200.0,3200.0,9720.0,9180.0,8640.0,1944,1836,1728
2025-09-29,豊島,ピオーネ,各地,相対,5.0,3200.0,3200.0,9720.0,,,1944,,
2025-09-29,豊島,ピオーネ,山梨,相対,5.0,3200.0,3200.0,8100.0,7020.0,5940.0,1620,1404,1188
2025-09-29,豊島,巨峰,山梨,相対,5.0,3200.0,3200.0,5400.0,,,1080,,
2025-09-29,豊島,巨峰,長野,相対,0.35,3200.0,3200.0,572.0,,540.0,1634,,1543
2025-09-29,豊島,甲斐路,山梨,相対,5.0,3200.0,3200.0,6480.0,,,1296,,
2025-09-29,豊洲,シャインマスカット,各地,相対,5.0,13886.0,19688.0,5940.0,,2160.0,1188,,432
2025-09-29,豊洲,シャインマスカット,各地,第三者販売,5.0,5452.0,19688.0,10800.0,,8640.0,2160,,1728
2025-09-29,豊洲,シャインマスカット,山梨,商物分離,5.0,350.0,19688.0,,10260.0,,,2052,
2025-09-29,豊洲,シャインマスカット,山梨,相対,5.0,13886.0,19688.0,8856.0,8640.0,5400.0,1771,1728,1080
2025-09-29,豊洲,シャインマスカット,山梨,第三者販売,5.0,5452.0,19688.0,9720.0,8640.0,7560.0,1944,1728,1512
2025-09-29,豊洲,シャインマスカット,長野,相対,5.0,13886.0,19688.0,9720.0,8640.0,6480.0,1944,1728,1296
2025-09-29,豊洲,シャインマスカット,長野,第三者販売,5.0,5452.0,19688.0,9720.0,9180.0,8640.0,1944,1836,1728
2025-09-29,豊洲,ピオーネ,各地,相対,5.0,13886.0,19688.0,8640.0,8100.0,7776.0,1728,1620,1555
2025-09-29,豊洲,ピオーネ,山梨,相対,5.0,13886.0,19688.0,7560.0,,6264.0,1512,,1253
2025-09-29,豊洲,巨峰,山梨,相対,5.0,13886.0,19688.0,6480.0,6156.0,4320.0,1296,1231,864
2025-09-29,豊洲,巨峰,長野,相対,0.35,13886.0,19688.0,562.0,454.0,400.0,1606,1297,1143
2025-09-29,豊洲,巨峰,長野,第三者販売,0.35,5452.0,19688.0,648.0,562.0,518.0,1851,1606,1480
2025-09-29,豊洲,甲斐路,山梨,相対,5.0,13886.0,19688.0,6480.0,,5940.0,1296,,1188
2025-09-30,世田谷,シャインマスカット,山梨,相対,5.0,400.0,400.0,,6480.0,,,1296,
2025-09-30,世田谷,甲斐路,山梨,相対,5.0,400.0,400.0,,4320.0,,,864,
2025-09-30,北足立,シャインマスカット,各地,相対,5.0,9800.0,9800.0,8640.0,7560.0,6480.0,1728,1512,1296
2025-09-30,北足立,シャインマスカット,山梨,相対,5.0,9800.0,9800.0,,8640.0,,,1728,
2025-09-30,北足立,ピオーネ,各地,相対,5.0,9800.0,9800.0,6480.0,5940.0,5400.0,1296,1188,1080
2025-09-30,北足立,巨峰,山梨,相対,5.0,9800.0,9800.0,8100.0,,,1620,,
2025-09-30,多摩NT,シャインマスカット,山梨,相対,5.0,55.0,55.0,4860.0,,,972,,
2025-09-30,多摩NT,シャインマスカット,長野,相対,5.0,55.0,55.0,9180.0,,,1836,,
2025-09-30,多摩NT,ピオーネ,山梨,相対,5.0,55.0,55.0,8316.0,,,1663,,
2025-09-30,多摩NT,巨峰,山梨,相対,5.0,55.0,55.0,6480.0,,,1296,,
2025-09-30,多摩NT,巨峰,長野,相対,0.35,55.0,55.0,325.0,,,929,,
2025-09-30,多摩NT,甲斐路,山梨,相対,5.0,55.0,55.0,6958.0,,,1392,,
2025-09-30,大田,シャインマスカット,各地,相対,5.0,118088.0,121694.0,32400.0,9396.0,6480.0,6480,1879,1296
2025-09-30,大田,シャインマスカット,各地,第三者販売,5.0,139.0,121694.0,6480.0,,,1296,,
2025-09-30,大田,シャインマスカット,山梨,せり・入札,5.0,2594.0,121694.0,9720.0,9720.0,4860.0,1944,1944,972
2025-09-30,大田,シャインマスカット,山梨,商物分離,5.0,873.0,121694.0,9720.0,,,1944,,
2025-09-30,大田,シャインマスカット,山梨,相対,5.0,118088.0,121694.0,9720.0,7992.0,2160.0,1944,1598,432
2025-09-30,大田,シャインマスカット,長野,相対,5.0,118088.0,121694.0,11880.0,8856.0,7560.0,2376,1771,1512
2025-09-30,大田,ピオーネ,各地,相対,5.0,118088.0,121694.0,10260.0,7884.0,5940.0,2052,1577,1188
2025-09-30,大田,ピオーネ,山梨,相対,5.0,118088.0,121694.0,7560.0,6156.0,5940.0,1512,1231,1188
2025-09-30,大田,ピオーネ,岡山,相対,5.0,118088.0,121694.0,16200.0,7560.0,4320.0,3240,1512,864
2025-09-30,大田,巨峰,各地,相対,0.35,118088.0,121694.0,432.0,,324.0,1234,,926
2025-09-30,大田,巨峰,山梨,せり・入札,5.0,2594.0,121694.0,7020.0,,5940.0,1404,,1188
2025-09-30,大田,巨峰,山梨,相対,5.0,118088.0,121694.0,7560.0,7560.0,4860.0,1512,1512,972
2025-09-30,大田,巨峰,長野,商物分離,0.35,873.0,121694.0,616.0,,,1760,,
2025-09-30,大田,巨峰,長野,相対,0.35,118088.0,121694.0,594.0,518.0,410.0,1697,1480,1171
2025-09-30,大田,甲斐路,山梨,相対,5.0,118088.0,121694.0,6480.0,5940.0,5400.0,1296,1188,1080
2025-09-30,板橋,シャインマスカット,各地,相対,5.0,2569.0,2600.0,,7560.0,,,1512,
2025-09-30,板橋,シャインマスカット,山梨,相対,5.0,2569.0,2600.0,,6480.0,,,1296,
2025-09-30,板橋,シャインマスカット,山梨,第三者販売,5.0,31.0,2600.0,,6480.0,,,1296,
2025-09-30,板橋,巨峰,長野,相対,0.35,2569.0,2600.0,594.0,,,1697,,
2025-09-30,板橋,巨峰,長野,第三者販売,0.35,31.0,2600.0,594.0,,,1697,,
2025-09-30,淀橋,シャインマスカット,各地,相対,5.0,11776.0,11776.0,9720.0,8640.0,7560.0,1944,1728,1512
2025-09-30,淀橋,シャインマスカット,山梨,相対,5.0,11776.0,11776.0,9720.0,,,1944,,
2025-09-30,淀橋,シャインマスカット,長野,相対,5.0,11776.0,11776.0,9720.0,,8640.0,1944,,1728
2025-09-30,淀橋,ピオーネ,山梨,相対,5.0,11776.0,11776.0,8100.0,,,1620,,
2025-09-30,淀橋,巨峰,山梨,相対,5.0,11776.0,11776.0,7560.0,,,1512,,
2025-09-30,淀橋,巨峰,長野,相対,0.35,11776.0,11776.0,540.0,,,1543,,
2025-09-30,淀橋,甲斐路,山梨,相対,5.0,11776.0,11776.0,7020.0,,6480.0,1404,,1296
2025-09-30,葛西,シャインマスカット,山梨,相対,5.0,3000.0,3100.0,,7560.0,,,1512,
2025-09-30,葛西,ピオーネ,山梨,相対,5.0,3000.0,3100.0,,7560.0,,,1512,
2025-09-30,葛西,巨峰,山梨,せり・入札,5.0,100.0,3100.0,,7560.0,,,1512,
2025-09-30,葛西,巨峰,山梨,相対,5.0,3000.0,3100.0,,7560.0,,,1512,
2025-09-30,豊島,シャインマスカット,山梨,相対,5.0,3100.0,3100.0,9720.0,9180.0,8100.0,1944,1836,1620
2025-09-30,豊島,シャインマスカット,長野,相対,5.0,3100.0,3100.0,9720.0,,9180.0,1944,,1836
2025-09-30,豊島,ピオーネ,各地,相対,5.0,3100.0,3100.0,9720.0,,,1944,,
2025-09-30,豊島,ピオーネ,山梨,相対,5.0,3100.0,3100.0,8100.0,5940.0,5184.0,1620,1188,1037
2025-09-30,豊島,巨峰,山梨,相対,5.0,3100.0,3100.0,5400.0,,4860.0,1080,,972
2025-09-30,豊島,巨峰,長野,相対,0.35,3100.0,3100.0,572.0,,540.0,1634,,1543
2025-09-30,豊洲,シャインマスカット,各地,相対,5.0,15313.0,20415.0,18900.0,13284.0,10800.0,3780,2657,2160
2025-09-30,豊洲,シャインマスカット,各地,第三者販売,5.0,5102.0,20415.0,13284.0,10260.0,8640.0,2657,2052,1728
2025-09-30,豊洲,シャインマスカット,山梨,相対,5.0,15313.0,20415.0,9180.0,8640.0,5400.0,1836,1728,1080
2025-09-30,豊洲,シャインマスカット,山梨,第三者販売,5.0,5102.0,20415.0,9720.0,,9180.0,1944,,1836
2025-09-30,豊洲,シャインマスカット,長野,相対,5.0,15313.0,20415.0,9720.0,8640.0,8100.0,1944,1728,1620
2025-09-30,豊洲,シャインマスカット,長野,第三者販売,5.0,5102.0,20415.0,9180.0,,8640.0,1836,,1728
2025-09-30,豊洲,ピオーネ,各地,相対,5.0,15313.0,20415.0,8640.0,8316.0,7776.0,1728,1663,1555
2025-09-30,豊洲,ピオーネ,各地,第三者販売,5.0,5102.0,20415.0,8640.0,,8100.0,1728,,1620
2025-09-30,豊洲,ピオーネ,山梨,相対,5.0,15313.0,20415.0,5940.0,5400.0,4320.0,1188,1080,864
2025-09-30,豊洲,ピオーネ,山梨,第三者販売,5.0,5102.0,20415.0,,7020.0,,,1404,
2025-09-30,豊洲,ピオーネ,岡山,相対,5.0,15313.0,20415.0,7884.0,5724.0,5400.0,1577,1145,1080
2025-09-30,豊洲,ピオーネ,岡山,第三者販売,5.0,5102.0,20415.0,9504.0,7884.0,7344.0,1901,1577,1469
2025-09-30,豊洲,巨峰,山梨,相対,5.0,15313.0,20415.0,6480.0,,5940.0,1296,,1188
2025-09-30,豊洲,巨峰,長野,相対,0.35,15313.0,20415.0,562.0,454.0,400.0,1606,1297,1143
2025-09-30,豊洲,巨峰,長野,第三者販売,0.35,5102.0,20415.0,670.0,,616.0,1914,,1760
2025-09-30,豊洲,甲斐路,山梨,相対,5.0,15313.0,20415.0,,6480.0,,,1296,
2025-10-02,世田谷,シャインマスカット,長野,相対,5.0,900.0,900.0,9720.0,,,1944,,
2025-10-02,世田谷,巨峰,長野,相対,0.35,900.0,900.0,626.0,,,1789,,
2025-10-02,北足立,シャインマスカット,各地,相対,5.0,7700.0,7700.0,10800.0,8100.0,7020.0,2160,1620,1404
2025-10-02,北足立,シャインマスカット,山梨,相対,5.0,7700.0,7700.0,,8640.0,,,1728,
2025-10-02,北足立,ピオーネ,各地,相対,5.0,7700.0,7700.0,8100.0,7560.0,,1620,1512,
2025-10-02,北足立,巨峰,山梨,相対,5.0,7700.0,7700.0,8100.0,,,1620,,
2025-10-02,多摩NT,ピオーネ,長野,相対,5.0,89.0,93.0,5940.0,,,1188,,
2025-10-02,多摩NT,巨峰,長野,相対,0.35,89.0,93.0,594.0,,,1697,,
2025-10-02,多摩NT,巨峰,長野,第三者販売,0.35,4.0,93.0,540.0,,,1543,,
2025-10-02,大田,シャインマスカット,各地,相対,5.0,138382.0,141846.0,16200.0,10044.0,4536.0,3240,2009,907
2025-10-02,大田,シャインマスカット,各地,第三者販売,5.0,231.0,141846.0,7560.0,6480.0,5400.0,1512,1296,1080
2025-10-02,大田,シャインマスカット,山梨,せり・入札,5.0,2309.0,141846.0,9720.0,7128.0,4320.0,1944,1426,864
2025-10-02,大田,シャインマスカット,山梨,商物分離,5.0,924.0,141846.0,9720.0,,,1944,,
2025-10-02,大田,シャインマスカット,山梨,相対,5.0,138382.0,141846.0,10800.0,8100.0,2160.0,2160,1620,432
2025-10-02,大田,シャインマスカット,長野,せり・入札,5.0,2309.0,141846.0,10800.0,10800.0,4320.0,2160,2160,864
2025-10-02,大田,シャインマスカット,長野,相対,5.0,138382.0,141846.0,10800.0,9180.0,4860.0,2160,1836,972
2025-10-02,大田,ピオーネ,各地,せり・入札,5.0,2309.0,141846.0,5400.0,,4860.0,1080,,972
2025-10-02,大田,ピオーネ,各地,相対,5.0,138382.0,141846.0,7560.0,6588.0,5400.0,1512,1318,1080
2025-10-02,大田,ピオーネ,岡山,相対,5.0,138382.0,141846.0,16200.0,7452.0,4860.0,3240,1490,972
2025-10-02,大田,ピオーネ,長野,相対,5.0,138382.0,141846.0,10260.0,8856.0,8100.0,2052,1771,1620
2025-10-02,大田,巨峰,各地,相対,5.0,138382.0,141846.0,8100.0,7560.0,6480.0,1620,1512,1296
2025-10-02,大田,巨峰,山梨,相対,5.0,138382.0,141846.0,7560.0,5940.0,4320.0,1512,1188,864
2025-10-02,大田,巨峰,長野,相対,0.35,138382.0,141846.0,626.0,540.0,410.0,1789,1543,1171
2025-10-02,板橋,シャインマスカット,山梨,相対,5.0,2383.0,2400.0,7884.0,,,1577,,
2025-10-02,板橋,シャインマスカット,長野,相対,5.0,2383.0,2400.0,8640.0,8640.0,7884.0,1728,1728,1577
2025-10-02,板橋,シャインマスカット,長野,第三者販売,5.0,17.0,2400.0,8640.0,,,1728,,
2025-10-02,板橋,巨峰,長野,相対,0.35,2383.0,2400.0,594.0,572.0,540.0,1697,1634,1543
2025-10-02,板橋,巨峰,長野,第三者販売,0.35,17.0,2400.0,594.0,,,1697,,
2025-10-02,淀橋,シャインマスカット,山梨,相対,5.0,16616.0,16616.0,9720.0,,,1944,,
2025-10-02,淀橋,シャインマスカット,長野,相対,5.0,16616.0,16616.0,9720.0,,8640.0,1944,,1728
2025-10-02,淀橋,ピオーネ,各地,相対,5.0,16616.0,16616.0,8100.0,,,1620,,
2025-10-02,淀橋,巨峰,山梨,相対,5.0,16616.0,16616.0,7560.0,,,1512,,
2025-10-02,淀橋,巨峰,長野,相対,0.35,16616.0,16616.0,540.0,,,1543,,
2025-10-02,葛西,シャインマスカット,各地,相対,5.0,3500.0,3500.0,,7560.0,,,1512,
2025-10-02,葛西,ピオーネ,各地,相対,5.0,3500.0,3500.0,,8640.0,,,1728,
2025-10-02,葛西,巨峰,各地,相対,5.0,3500.0,3500.0,,8640.0,,,1728,
2025-10-02,豊島,シャインマスカット,山梨,相対,5.0,2700.0,2700.0,9720.0,9180.0,8100.0,1944,1836,1620
2025-10-02,豊島,シャインマスカット,長野,相対,5.0,2700.0,2700.0,9720.0,9180.0,8640.0,1944,1836,1728
2025-10-02,豊島,ピオーネ,各地,相対,5.0,2700.0,2700.0,8100.0,,,1620,,
2025-10-02,豊島,ピオーネ,長野,相対,5.0,2700.0,2700.0,9720.0,,,1944,,
2025-10-02,豊島,巨峰,長野,相対,0.35,2700.0,2700.0,572.0,,540.0,1634,,1543
2025-10-02,豊洲,シャインマスカット,各地,相対,5.0,16730.0,22778.0,12420.0,,10044.0,2484,,2009
2025-10-02,豊洲,シャインマスカット,各地,第三者販売,5.0,5033.0,22778.0,12420.0,10044.0,8316.0,2484,2009,1663
2025-10-02,豊洲,シャインマスカット,山梨,せり・入札,5.0,1015.0,22778.0,7020.0,,5940.0,1404,,1188
2025-10-02,豊洲,シャインマスカット,山梨,相対,5.0,16730.0,22778.0,8856.0,8640.0,5400.0,1771,1728,1080
2025-10-02,豊洲,シャインマスカット,山梨,第三者販売,5.0,5033.0,22778.0,9720.0,,8640.0,1944,,1728
2025-10-02,豊洲,シャインマスカット,長野,相対,5.0,16730.0,22778.0,8748.0,8640.0,8100.0,1750,1728,1620
2025-10-02,豊洲,シャインマスカット,長野,第三者販売,5.0,5033.0,22778.0,9720.0,9180.0,8640.0,1944,1836,1728
2025-10-02,豊洲,ピオーネ,各地,せり・入札,5.0,1015.0,22778.0,,6480.0,,,1296,
2025-10-02,豊洲,ピオーネ,岡山,相対,5.0,16730.0,22778.0,9504.0,7884.0,5724.0,1901,1577,1145
2025-10-02,豊洲,ピオーネ,岡山,第三者販売,5.0,5033.0,22778.0,9504.0,7884.0,7344.0,1901,1577,1469
2025-10-02,豊洲,ピオーネ,長野,相対,5.0,16730.0,22778.0,8640.0,8100.0,7776.0,1728,1620,1555
2025-10-02,豊洲,ピオーネ,長野,第三者販売,5.0,5033.0,22778.0,,8100.0,,,1620,
2025-10-02,豊洲,巨峰,各地,相対,5.0,16730.0,22778.0,,7020.0,,,1404,
2025-10-02,豊洲,巨峰,山梨,相対,5.0,16730.0,22778.0,7020.0,6480.0,5724.0,1404,1296,1145
2025-10-02,豊洲,巨峰,長野,相対,0.35,16730.0,22778.0,626.0,562.0,454.0,1789,1606,1297
2025-10-02,豊洲,巨峰,長野,第三者販売,0.35,5033.0,22778.0,670.0,648.0,562.0,1914,1851,1606
2025-10-03,世田谷,巨峰,各地,相対,5.0,200.0,200.0,8640.0,,,1728,,
2025-10-03,北足立,シャインマスカット,各地,相対,5.0,5700.0,5700.0,10800.0,8100.0,7020.0,2160,1620,1404
2025-10-03,北足立,シャインマスカット,山梨,相対,5.0,5700.0,5700.0,,8640.0,,,1728,
2025-10-03,北足立,巨峰,山梨,相対,5.0,5700.0,5700.0,8100.0,,,1620,,
2025-10-03,多摩NT,ピオーネ,長野,相対,5.0,62.0,62.0,5940.0,,,1188,,
2025-10-03,多摩NT,巨峰,長野,相対,0.35,62.0,62.0,594.0,,,1697,,
2025-10-03,大田,シャインマスカット,各地,相対,5.0,93066.0,93908.0,21600.0,10044.0,5400.0,4320,2009,1080
2025-10-03,大田,シャインマスカット,山梨,せり・入札,5.0,816.0,93908.0,9720.0,7668.0,4320.0,1944,1534,864
2025-10-03,大田,シャインマスカット,山梨,相対,5.0,93066.0,93908.0,10800.0,8316.0,2160.0,2160,1663,432
2025-10-03,大田,シャインマスカット,長野,せり・入札,5.0,816.0,93908.0,4860.0,,4320.0,972,,864
2025-10-03,大田,シャインマスカット,長野,相対,5.0,93066.0,93908.0,10800.0,8964.0,4860.0,2160,1793,972
2025-10-03,大田,ピオーネ,各地,相対,5.0,93066.0,93908.0,7560.0,6804.0,5940.0,1512,1361,1188
2025-10-03,大田,ピオーネ,岡山,相対,5.0,93066.0,93908.0,16200.0,7128.0,4860.0,3240,1426,972
2025-10-03,大田,ピオーネ,長野,相対,5.0,93066.0,93908.0,10260.0,8640.0,8100.0,2052,1728,1620
2025-10-03,大田,巨峰,各地,相対,5.0,93066.0,93908.0,8100.0,7560.0,6480.0,1620,1512,1296
2025-10-03,大田,巨峰,山梨,相対,5.0,93066.0,93908.0,7560.0,,,1512,,
2025-10-03,大田,巨峰,長野,相対,0.35,93066.0,93908.0,626.0,540.0,389.0,1789,1543,1111
2025-10-03,板橋,シャインマスカット,山梨,相対,5.0,2189.0,2200.0,9180.0,8640.0,,1836,1728,
2025-10-03,板橋,シャインマスカット,山梨,第三者販売,5.0,11.0,2200.0,8100.0,,,1620,,
2025-10-03,板橋,シャインマスカット,長野,相対,5.0,2189.0,2200.0,8100.0,,,1620,,
2025-10-03,板橋,ピオーネ,岡山,相対,5.0,2189.0,2200.0,7560.0,,,1512,,
2025-10-03,板橋,巨峰,長野,相対,0.35,2189.0,2200.0,594.0,,,1697,,
2025-10-03,板橋,巨峰,長野,第三者販売,0.35,11.0,2200.0,594.0,,,1697,,
2025-10-03,淀橋,シャインマスカット,各地,相対,5.0,12998.0,12998.0,9720.0,8640.0,7560.0,1944,1728,1512
2025-10-03,淀橋,シャインマスカット,山梨,相対,5.0,12998.0,12998.0,9720.0,,,1944,,
2025-10-03,淀橋,シャインマスカット,長野,相対,5.0,12998.0,12998.0,9720.0,,8640.0,1944,,1728
2025-10-03,淀橋,ピオーネ,各地,相対,5.0,12998.0,12998.0,8100.0,,,1620,,
2025-10-03,淀橋,巨峰,山梨,相対,5.0,12998.0,12998.0,7560.0,,,1512,,
2025-10-03,淀橋,巨峰,長野,相対,0.35,12998.0,12998.0,540.0,,,1543,,
2025-10-03,葛西,シャインマスカット,各地,相対,5.0,3100.0,3100.0,,7560.0,,,1512,
2025-10-03,葛西,ピオーネ,各地,相対,5.0,3100.0,3100.0,,8640.0,,,1728,
2025-10-03,葛西,巨峰,各地,相対,5.0,3100.0,3100.0,,8640.0,,,1728,
2025-10-03,豊島,シャインマスカット,山梨,相対,5.0,2100.0,2100.0,9180.0,8640.0,8100.0,1836,1728,1620
2025-10-03,豊島,シャインマスカット,長野,相対,5.0,2100.0,2100.0,9720.0,9180.0,8640.0,1944,1836,1728
2025-10-03,豊島,ピオーネ,長野,相対,5.0,2100.0,2100.0,9720.0,,,1944,,
2025-10-03,豊島,巨峰,長野,相対,0.35,2100.0,2100.0,572.0,,,1634,,
2025-10-03,豊洲,シャインマスカット,各地,相対,5.0,11957.0,16344.0,11340.0,9720.0,8640.0,2268,1944,1728
2025-10-03,豊洲,シャインマスカット,各地,第三者販売,5.0,3872.0,16344.0,11880.0,11340.0,9720.0,2376,2268,1944
2025-10-03,豊洲,シャインマスカット,山梨,せり・入札,5.0,515.0,16344.0,7560.0,6480.0,4860.0,1512,1296,972
2025-10-03,豊洲,シャインマスカット,山梨,相対,5.0,11957.0,16344.0,9180.0,8856.0,8640.0,1836,1771,1728
2025-10-03,豊洲,シャインマスカット,山梨,第三者販売,5.0,3872.0,16344.0,9720.0,,9180.0,1944,,1836
2025-10-03,豊洲,シャインマスカット,長野,相対,5.0,11957.0,16344.0,9180.0,8640.0,8100.0,1836,1728,1620
2025-10-03,豊洲,シャインマスカット,長野,第三者販売,5.0,3872.0,16344.0,9180.0,8640.0,7560.0,1836,1728,1512
2025-10-03,豊洲,ピオーネ,岡山,相対,5.0,11957.0,16344.0,9504.0,7884.0,5724.0,1901,1577,1145
2025-10-03,豊洲,ピオーネ,岡山,第三者販売,5.0,3872.0,16344.0,9504.0,7884.0,7344.0,1901,1577,1469
2025-10-03,豊洲,ピオーネ,長野,相対,5.0,11957.0,16344.0,8100.0,7992.0,7776.0,1620,1598,1555
2025-10-03,豊洲,巨峰,各地,相対,5.0,11957.0,16344.0,7020.0,,6480.0,1404,,1296
2025-10-03,豊洲,巨峰,山梨,相対,5.0,11957.0,16344.0,6804.0,6480.0,5940.0,1361,1296,1188
2025-10-03,豊洲,巨峰,長野,相対,0.35,11957.0,16344.0,626.0,562.0,454.0,1789,1606,1297
2025-10-03,豊洲,巨峰,長野,第三者販売,0.35,3872.0,16344.0,670.0,,616.0,1914,,1760
2025-10-04,世田谷,巨峰,長野,相対,0.35,400.0,400.0,,464.0,,,1326,
2025-10-04,北足立,シャインマスカット,各地,相対,5.0,7300.0,7300.0,10800.0,8100.0,7020.0,2160,1620,1404
2025-10-04,北足立,シャインマスカット,山梨,相対,5.0,7300.0,7300.0,,8640.0,,,1728,
2025-10-04,北足立,巨峰,山梨,相対,5.0,7300.0,7300.0,8100.0,,,1620,,
2025-10-04,多摩NT,シャインマスカット,長野,相対,5.0,1081.0,1081.0,9180.0,,,1836,,
2025-10-04,多摩NT,ピオーネ,長野,相対,5.0,1081.0,1081.0,5940.0,,,1188,,
2025-10-04,多摩NT,巨峰,長野,相対,0.35,1081.0,1081.0,594.0,,,1697,,
2025-10-04,大田,シャインマスカット,各地,相対,5.0,107580.0,111217.0,21600.0,9828.0,4860.0,4320,1966,972
2025-10-04,大田,シャインマスカット,各地,第三者販売,5.0,113.0,111217.0,6480.0,,,1296,,
2025-10-04,大田,シャインマスカット,山梨,せり・入札,5.0,1625.0,111217.0,9720.0,7020.0,4320.0,1944,1404,864
2025-10-04,大田,シャインマスカット,山梨,相対,5.0,107580.0,111217.0,9720.0,8100.0,2160.0,1944,1620,432
2025-10-04,大田,シャインマスカット,長野,商物分離,5.0,1899.0,111217.0,9720.0,8964.0,8640.0,1944,1793,1728
2025-10-04,大田,シャインマスカット,長野,相対,5.0,107580.0,111217.0,17280.0,9072.0,7560.0,3456,1814,1512
2025-10-04,大田,ピオーネ,各地,相対,5.0,107580.0,111217.0,8100.0,6480.0,5400.0,1620,1296,1080
2025-10-04,大田,ピオーネ,岡山,せり・入札,5.0,1625.0,111217.0,8100.0,,,1620,,
2025-10-04,大田,ピオーネ,岡山,相対,5.0,107580.0,111217.0,14040.0,7452.0,4320.0,2808,1490,864
2025-10-04,大田,ピオーネ,長野,相対,5.0,107580.0,111217.0,10800.0,8856.0,8100.0,2160,1771,1620
2025-10-04,大田,巨峰,各地,相対,5.0,107580.0,111217.0,8100.0,5400.0,4860.0,1620,1080,972
2025-10-04,大田,巨峰,山梨,相対,5.0,107580.0,111217.0,7560.0,4428.0,3780.0,1512,886,756
2025-10-04,大田,巨峰,長野,商物分離,0.35,1899.0,111217.0,562.0,,,1606,,
2025-10-04,大田,巨峰,長野,相対,0.35,107580.0,111217.0,626.0,540.0,410.0,1789,1543,1171
2025-10-04,板橋,シャインマスカット,山梨,相対,5.0,2990.0,3000.0,9180.0,,,1836,,
2025-10-04,板橋,シャインマスカット,長野,相対,5.0,2990.0,3000.0,8640.0,8640.0,,1728,1728,
2025-10-04,板橋,シャインマスカット,長野,第三者販売,5.0,10.0,3000.0,8640.0,,,1728,,
2025-10-04,板橋,巨峰,長野,相対,0.35,2990.0,3000.0,594.0,,486.0,1697,,1389
2025-10-04,淀橋,シャインマスカット,各地,相対,5.0,14627.0,14627.0,9720.0,8640.0,7560.0,1944,1728,1512
2025-10-04,淀橋,シャインマスカット,山梨,相対,5.0,14627.0,14627.0,9720.0,,,1944,,
2025-10-04,淀橋,シャインマスカット,長野,相対,5.0,14627.0,14627.0,9720.0,,8640.0,1944,,1728
2025-10-04,淀橋,ピオーネ,各地,相対,5.0,14627.0,14627.0,8100.0,,,1620,,
2025-10-04,淀橋,巨峰,山梨,相対,5.0,14627.0,14627.0,7560.0,,,1512,,
2025-10-04,淀橋,巨峰,長野,相対,0.35,14627.0,14627.0,540.0,,,1543,,
2025-10-04,葛西,シャインマスカット,各地,相対,5.0,4500.0,4500.0,,7560.0,,,1512,
2025-10-04,葛西,ピオーネ,各地,相対,5.0,4500.0,4500.0,,8640.0,,,1728,
2025-10-04,葛西,巨峰,各地,相対,5.0,4500.0,4500.0,,8640.0,,,1728,
2025-10-04,豊島,シャインマスカット,山梨,相対,5.0,1900.0,1900.0,9720.0,9180.0,8100.0,1944,1836,1620
2025-10-04,豊島,シャインマスカット,長野,相対,5.0,1900.0,1900.0,9720.0,,9180.0,1944,,1836
2025-10-04,豊島,ピオーネ,長野,相対,5.0,1900.0,1900.0,9720.0,,,1944,,
2025-10-04,豊島,巨峰,長野,相対,0.35,1900.0,1900.0,572.0,,,1634,,
2025-10-04,豊洲,シャインマスカット,各地,相対,5.0,11819.0,21916.0,11880.0,10800.0,9720.0,2376,2160,1944
2025-10-04,豊洲,シャインマスカット,各地,第三者販売,5.0,10097.0,21916.0,14580.0,11016.0,8964.0,2916,2203,1793
2025-10-04,豊洲,シャインマスカット,山梨,相対,5.0,11819.0,21916.0,9396.0,8856.0,8640.0,1879,1771,1728
2025-10-04,豊洲,シャインマスカット,山梨,第三者販売,5.0,10097.0,21916.0,8640.0,7020.0,6480.0,1728,1404,1296
2025-10-04,豊洲,シャインマスカット,長野,相対,5.0,11819.0,21916.0,9180.0,8640.0,8100.0,1836,1728,1620
2025-10-04,豊洲,シャインマスカット,長野,第三者販売,5.0,10097.0,21916.0,9180.0,8964.0,8640.0,1836,1793,1728
2025-10-04,豊洲,ピオーネ,岡山,相対,5.0,11819.0,21916.0,9504.0,,7344.0,1901,,1469
2025-10-04,豊洲,ピオーネ,岡山,第三者販売,5.0,10097.0,21916.0,9504.0,7884.0,5724.0,1901,1577,1145
2025-10-04,豊洲,ピオーネ,長野,相対,5.0,11819.0,21916.0,8640.0,,7992.0,1728,,1598
2025-10-04,豊洲,巨峰,各地,相対,5.0,11819.0,21916.0,7020.0,,6480.0,1404,,1296
2025-10-04,豊洲,巨峰,山梨,相対,5.0,11819.0,21916.0,6804.0,6480.0,6048.0,1361,1296,1210
2025-10-04,豊洲,巨峰,山梨,第三者販売,5.0,10097.0,21916.0,,7560.0,,,1512,
2025-10-04,豊洲,巨峰,長野,相対,0.35,11819.0,21916.0,616.0,562.0,454.0,1760,1606,1297
2025-10-04,豊洲,巨峰,長野,第三者販売,0.35,10097.0,21916.0,670.0,648.0,594.0,1914,1851,1697
2025-10-06,世田谷,シャインマスカット,長野,相対,5.0,600.0,600.0,10260.0,,,2052,,
2025-10-06,世田谷,巨峰,長野,相対,0.35,600.0,600.0,626.0,,,1789,,
2025-10-06,北足立,シャインマスカット,各地,相対,5.0,6800.0,6800.0,9720.0,8100.0,7020.0,1944,1620,1404
2025-10-06,北足立,シャインマスカット,山梨,相対,5.0,6800.0,6800.0,,8640.0,,,1728,
2025-10-06,北足立,巨峰,山梨,相対,5.0,6800.0,6800.0,8640.0,,,1728,,
2025-10-06,多摩NT,シャインマスカット,山梨,相対,5.0,2299.0,2299.0,8100.0,,,1620,,
2025-10-06,多摩NT,シャインマスカット,長野,相対,5.0,2299.0,2299.0,10260.0,,,2052,,
2025-10-06,多摩NT,ピオーネ,各地,相対,5.0,2299.0,2299.0,6480.0,,,1296,,
2025-10-06,多摩NT,巨峰,山梨,相対,5.0,2299.0,2299.0,5940.0,,,1188,,
2025-10-06,多摩NT,巨峰,長野,相対,0.35,2299.0,2299.0,616.0,,,1760,,
2025-10-06,大田,シャインマスカット,各地,相対,5.0,101261.0,104744.0,16200.0,9288.0,6480.0,3240,1858,1296
2025-10-06,大田,シャインマスカット,各地,第三者販売,5.0,53.0,104744.0,6480.0,,,1296,,
2025-10-06,大田,シャインマスカット,山梨,せり・入札,5.0,1243.0,104744.0,5940.0,,5400.0,1188,,1080
2025-10-06,大田,シャインマスカット,山梨,相対,5.0,101261.0,104744.0,9720.0,8208.0,2160.0,1944,1642,432
2025-10-06,大田,シャインマスカット,長野,商物分離,5.0,2187.0,104744.0,9720.0,8964.0,8640.0,1944,1793,1728
2025-10-06,大田,シャインマスカット,長野,相対,5.0,101261.0,104744.0,10800.0,9180.0,7560.0,2160,1836,1512
2025-10-06,大田,ピオーネ,各地,せり・入札,5.0,1243.0,104744.0,8640.0,8100.0,6480.0,1728,1620,1296
2025-10-06,大田,ピオーネ,各地,相対,5.0,101261.0,104744.0,8100.0,6480.0,5400.0,1620,1296,1080
2025-10-06,大田,ピオーネ,岡山,相対,5.0,101261.0,104744.0,14040.0,7452.0,4860.0,2808,1490,972
2025-10-06,大田,ピオーネ,長野,相対,5.0,101261.0,104744.0,10800.0,9072.0,7560.0,2160,1814,1512
2025-10-06,大田,巨峰,各地,相対,5.0,101261.0,104744.0,8100.0,,6480.0,1620,,1296
2025-10-06,大田,巨峰,山梨,相対,5.0,101261.0,104744.0,7560.0,3780.0,,1512,756,
2025-10-06,大田,巨峰,長野,商物分離,0.35,2187.0,104744.0,594.0,,,1697,,
2025-10-06,大田,巨峰,長野,相対,0.35,101261.0,104744.0,626.0,540.0,410.0,1789,1543,1171
2025-10-06,板橋,シャインマスカット,山梨,相対,5.0,3083.0,3100.0,9180.0,,7884.0,1836,,1577
2025-10-06,板橋,シャインマスカット,長野,相対,5.0,3083.0,3100.0,9720.0,7560.0,5400.0,1944,1512,1080
2025-10-06,板橋,シャインマスカット,長野,第三者販売,5.0,17.0,3100.0,8640.0,,,1728,,
2025-10-06,板橋,巨峰,長野,相対,0.35,3083.0,3100.0,648.0,572.0,486.0,1851,1634,1389
2025-10-06,板橋,巨峰,長野,第三者販売,0.35,17.0,3100.0,594.0,,,1697,,
2025-10-06,淀橋,シャインマスカット,各地,相対,5.0,13137.0,13137.0,9720.0,8640.0,7560.0,1944,1728,1512
2025-10-06,淀橋,シャインマスカット,山梨,相対,5.0,13137.0,13137.0,9720.0,,,1944,,
2025-10-06,淀橋,シャインマスカット,長野,相対,5.0,13137.0,13137.0,9720.0,,8640.0,1944,,1728
2025-10-06,淀橋,ピオーネ,各地,相対,5.0,13137.0,13137.0,8100.0,,,1620,,
2025-10-06,淀橋,巨峰,長野,相対,0.35,13137.0,13137.0,594.0,,,1697,,
2025-10-06,葛西,シャインマスカット,各地,相対,5.0,4200.0,4200.0,,7560.0,,,1512,
2025-10-06,葛西,ピオーネ,各地,相対,5.0,4200.0,4200.0,,8640.0,,,1728,
2025-10-06,葛西,巨峰,各地,相対,5.0,4200.0,4200.0,,8640.0,,,1728,
2025-10-06,豊島,シャインマスカット,山梨,相対,5.0,2300.0,2300.0,9720.0,8640.0,6480.0,1944,1728,1296
2025-10-06,豊島,シャインマスカット,長野,相対,5.0,2300.0,2300.0,9720.0,,9180.0,1944,,1836
2025-10-06,豊島,ピオーネ,長野,相対,5.0,2300.0,2300.0,9720.0,,,1944,,
2025-10-06,豊島,巨峰,長野,相対,0.35,2300.0,2300.0,648.0,,594.0,1851,,1697
2025-10-06,豊洲,シャインマスカット,各地,相対,5.0,9794.0,12791.0,8100.0,7560.0,6480.0,1620,1512,1296
2025-10-06,豊洲,シャインマスカット,各地,第三者販売,5.0,2899.0,12791.0,11880.0,,5940.0,2376,,1188
2025-10-06,豊洲,シャインマスカット,山梨,せり・入札,5.0,98.0,12791.0,9720.0,8100.0,6480.0,1944,1620,1296
2025-10-06,豊洲,シャインマスカット,山梨,相対,5.0,9794.0,12791.0,9396.0,8856.0,8640.0,1879,1771,1728
2025-10-06,豊洲,シャインマスカット,山梨,第三者販売,5.0,2899.0,12791.0,9396.0,8640.0,7020.0,1879,1728,1404
2025-10-06,豊洲,シャインマスカット,長野,相対,5.0,9794.0,12791.0,9180.0,8640.0,8100.0,1836,1728,1620
2025-10-06,豊洲,シャインマスカット,長野,第三者販売,5.0,2899.0,12791.0,9396.0,8640.0,8100.0,1879,1728,1620
2025-10-06,豊洲,ピオーネ,長野,相対,5.0,9794.0,12791.0,8964.0,8424.0,7884.0,1793,1685,1577
2025-10-06,豊洲,ピオーネ,長野,第三者販売,5.0,2899.0,12791.0,,9180.0,,,1836,
2025-10-06,豊洲,巨峰,各地,相対,5.0,9794.0,12791.0,7560.0,,7020.0,1512,,1404
2025-10-06,豊洲,巨峰,長野,相対,0.35,9794.0,12791.0,680.0,648.0,432.0,1943,1851,1234
2025-10-06,豊洲,巨峰,長野,第三者販売,0.35,2899.0,12791.0,670.0,648.0,540.0,1914,1851,1543
2025-10-07,世田谷,シャインマスカット,山梨,相対,5.0,400.0,400.0,,6480.0,,,1296,
2025-10-07,北足立,シャインマスカット,各地,相対,5.0,6000.0,6000.0,9720.0,8100.0,7020.0,1944,1620,1404
2025-10-07,北足立,シャインマスカット,山梨,相対,5.0,6000.0,6000.0,,8640.0,,,1728,
2025-10-07,北足立,巨峰,山梨,相対,5.0,6000.0,6000.0,8640.0,,,1728,,
2025-10-07,多摩NT,シャインマスカット,山梨,相対,5.0,1033.0,1033.0,8100.0,,,1620,,
2025-10-07,多摩NT,シャインマスカット,長野,相対,5.0,1033.0,1033.0,10260.0,,,2052,,
2025-10-07,多摩NT,ピオーネ,各地,相対,5.0,1033.0,1033.0,6480.0,,,1296,,
2025-10-07,多摩NT,巨峰,山梨,相対,5.0,1033.0,1033.0,5940.0,,,1188,,
2025-10-07,多摩NT,巨峰,長野,相対,0.35,1033.0,1033.0,616.0,,,1760,,
2025-10-07,大田,シャインマスカット,各地,相対,5.0,97200.0,98991.0,16200.0,9180.0,5940.0,3240,1836,1188
2025-10-07,大田,シャインマスカット,山梨,せり・入札,5.0,1761.0,98991.0,9720.0,7560.0,5400.0,1944,1512,1080
2025-10-07,大田,シャインマスカット,山梨,相対,5.0,97200.0,98991.0,9720.0,7884.0,2160.0,1944,1577,432
2025-10-07,大田,シャインマスカット,長野,相対,5.0,97200.0,98991.0,17280.0,9180.0,7560.0,3456,1836,1512
2025-10-07,大田,ピオーネ,各地,せり・入札,5.0,1761.0,98991.0,7020.0,,,1404,,
2025-10-07,大田,ピオーネ,各地,相対,5.0,97200.0,98991.0,8100.0,6372.0,3780.0,1620,1274,756
2025-10-07,大田,ピオーネ,岡山,相対,5.0,97200.0,98991.0,14040.0,7128.0,4860.0,2808,1426,972
2025-10-07,大田,ピオーネ,長野,相対,5.0,97200.0,98991.0,10800.0,8640.0,8100.0,2160,1728,1620
2025-10-07,大田,巨峰,各地,相対,5.0,97200.0,98991.0,8100.0,,,1620,,
2025-10-07,大田,巨峰,山梨,せり・入札,5.0,1761.0,98991.0,7560.0,7020.0,6480.0,1512,1404,1296
2025-10-07,大田,巨峰,山梨,相対,5.0,97200.0,98991.0,7560.0,,,1512,,
2025-10-07,大田,巨峰,長野,相対,0.35,97200.0,98991.0,626.0,540.0,410.0,1789,1543,1171
2025-10-07,板橋,シャインマスカット,長野,相対,5.0,2074.0,2100.0,8640.0,8640.0,,1728,1728,
2025-10-07,板橋,シャインマスカット,長野,第三者販売,5.0,26.0,2100.0,8640.0,,,1728,,
2025-10-07,板橋,巨峰,長野,相対,0.35,2074.0,2100.0,680.0,648.0,540.0,1943,1851,1543
2025-10-07,板橋,巨峰,長野,第三者販売,0.35,26.0,2100.0,648.0,,,1851,,
2025-10-07,淀橋,シャインマスカット,各地,相対,5.0,11454.0,11454.0,9720.0,8640.0,7560.0,1944,1728,1512
2025-10-07,淀橋,シャインマスカット,山梨,相対,5.0,11454.0,11454.0,9720.0,,,1944,,
2025-10-07,淀橋,シャインマスカット,長野,相対,5.0,11454.0,11454.0,9720.0,,8640.0,1944,,1728
2025-10-07,淀橋,ピオーネ,各地,相対,5.0,11454.0,11454.0,8100.0,,,1620,,
2025-10-07,淀橋,巨峰,長野,相対,0.35,11454.0,11454.0,594.0,,,1697,,
2025-10-07,葛西,シャインマスカット,各地,相対,5.0,2900.0,2900.0,,7560.0,,,1512,
2025-10-07,葛西,ピオーネ,各地,相対,5.0,2900.0,2900.0,,8640.0,,,1728,
2025-10-07,葛西,巨峰,各地,相対,5.0,2900.0,2900.0,,8640.0,,,1728,
2025-10-07,豊島,シャインマスカット,山梨,相対,5.0,1500.0,1500.0,9720.0,8640.0,6480.0,1944,1728,1296
2025-10-07,豊島,シャインマスカット,長野,相対,5.0,1500.0,1500.0,9720.0,,8640.0,1944,,1728
2025-10-07,豊島,ピオーネ,各地,相対,3.5,1500.0,1500.0,5940.0,,,1697,,
2025-10-07,豊島,ピオーネ,長野,相対,5.0,1500.0,1500.0,9720.0,,,1944,,
2025-10-07,豊島,巨峰,長野,相対,0.35,1500.0,1500.0,648.0,,594.0,1851,,1697
2025-10-07,豊洲,シャインマスカット,各地,相対,5.0,10112.0,15213.0,10260.0,,2160.0,2052,,432
2025-10-07,豊洲,シャインマスカット,各地,第三者販売,5.0,5101.0,15213.0,11016.0,8964.0,7560.0,2203,1793,1512
2025-10-07,豊洲,シャインマスカット,山梨,相対,5.0,10112.0,15213.0,8856.0,7560.0,7020.0,1771,1512,1404
2025-10-07,豊洲,シャインマスカット,山梨,第三者販売,5.0,5101.0,15213.0,8640.0,7560.0,7020.0,1728,1512,1404
2025-10-07,豊洲,シャインマスカット,長野,相対,5.0,10112.0,15213.0,9180.0,8640.0,8100.0,1836,1728,1620
2025-10-07,豊洲,シャインマスカット,長野,第三者販売,5.0,5101.0,15213.0,9720.0,9180.0,8100.0,1944,1836,1620
2025-10-07,豊洲,ピオーネ,各地,相対,5.0,10112.0,15213.0,8640.0,,8100.0,1728,,1620
2025-10-07,豊洲,ピオーネ,岡山,相対,5.0,10112.0,15213.0,8100.0,,7020.0,1620,,1404
2025-10-07,豊洲,ピオーネ,岡山,第三者販売,5.0,5101.0,15213.0,8100.0,7992.0,5724.0,1620,1598,1145
2025-10-07,豊洲,ピオーネ,長野,相対,5.0,10112.0,15213.0,8640.0,,8100.0,1728,,1620
2025-10-07,豊洲,ピオーネ,長野,第三者販売,5.0,5101.0,15213.0,,8100.0,,,1620,
2025-10-07,豊洲,巨峰,各地,相対,5.0,10112.0,15213.0,7560.0,7020.0,6480.0,1512,1404,1296
2025-10-07,豊洲,巨峰,山梨,相対,5.0,10112.0,15213.0,6804.0,6480.0,5400.0,1361,1296,1080
2025-10-07,豊洲,巨峰,山梨,第三者販売,5.0,5101.0,15213.0,,7560.0,,,1512,
2025-10-07,豊洲,巨峰,長野,相対,0.35,10112.0,15213.0,670.0,648.0,464.0,1914,1851,1326
2025-10-07,豊洲,巨峰,長野,第三者販売,0.35,5101.0,15213.0,670.0,,648.0,1914,,1851
2025-10-09,世田谷,巨峰,長野,相対,0.35,600.0,600.0,626.0,,486.0,1789,,1389
2025-10-09,北足立,シャインマスカット,各地,相対,5.0,6200.0,6200.0,9720.0,8100.0,7020.0,1944,1620,1404
2025-10-09,北足立,シャインマスカット,山梨,相対,5.0,6200.0,6200.0,,8640.0,,,1728,
2025-10-09,北足立,巨峰,山梨,相対,5.0,6200.0,6200.0,8640.0,,,1728,,
2025-10-09,大田,シャインマスカット,各地,相対,5.0,118966.0,124138.0,16200.0,9396.0,5400.0,3240,1879,1080
2025-10-09,大田,シャインマスカット,山梨,せり・入札,5.0,2606.0,124138.0,9720.0,7128.0,4320.0,1944,1426,864
2025-10-09,大田,シャインマスカット,山梨,商物分離,5.0,2515.0,124138.0,9720.0,,,1944,,
2025-10-09,大田,シャインマスカット,山梨,相対,5.0,118966.0,124138.0,9720.0,8100.0,2160.0,1944,1620,432
2025-10-09,大田,シャインマスカット,長野,商物分離,5.0,2515.0,124138.0,9720.0,8856.0,8640.0,1944,1771,1728
2025-10-09,大田,シャインマスカット,長野,相対,5.0,118966.0,124138.0,10800.0,9288.0,7560.0,2160,1858,1512
2025-10-09,大田,ピオーネ,各地,相対,5.0,118966.0,124138.0,8100.0,6696.0,3780.0,1620,1339,756
2025-10-09,大田,ピオーネ,岡山,相対,5.0,118966.0,124138.0,15120.0,7236.0,4860.0,3024,1447,972
2025-10-09,大田,ピオーネ,長野,相対,5.0,118966.0,124138.0,10800.0,8748.0,8100.0,2160,1750,1620
2025-10-09,大田,巨峰,各地,相対,5.0,118966.0,124138.0,8640.0,8100.0,6480.0,1728,1620,1296
2025-10-09,大田,巨峰,山梨,せり・入札,5.0,2606.0,124138.0,7560.0,6480.0,5400.0,1512,1296,1080
2025-10-09,大田,巨峰,山梨,相対,5.0,118966.0,124138.0,7560.0,5940.0,,1512,1188,
2025-10-09,大田,巨峰,長野,商物分離,0.35,2515.0,124138.0,594.0,,,1697,,
2025-10-09,大田,巨峰,長野,相対,0.35,118966.0,124138.0,626.0,540.0,432.0,1789,1543,1234
2025-10-09,板橋,シャインマスカット,山梨,相対,5.0,2590.0,2600.0,9180.0,8640.0,,1836,1728,
2025-10-09,板橋,シャインマスカット,長野,相対,5.0,2590.0,2600.0,8640.0,,,1728,,
2025-10-09,板橋,シャインマスカット,長野,第三者販売,5.0,10.0,2600.0,8640.0,,,1728,,
2025-10-09,淀橋,シャインマスカット,各地,相対,5.0,12065.0,12065.0,9720.0,8640.0,7560.0,1944,1728,1512
2025-10-09,淀橋,シャインマスカット,山梨,相対,5.0,12065.0,12065.0,9720.0,,,1944,,
2025-10-09,淀橋,シャインマスカット,長野,相対,5.0,12065.0,12065.0,9720.0,,8640.0,1944,,1728
2025-10-09,淀橋,ピオーネ,各地,相対,5.0,12065.0,12065.0,8100.0,,,1620,,
2025-10-09,淀橋,巨峰,長野,相対,0.35,12065.0,12065.0,594.0,,,1697,,
2025-10-09,葛西,シャインマスカット,各地,相対,5.0,4500.0,4500.0,,7560.0,,,1512,
2025-10-09,葛西,ピオーネ,各地,相対,5.0,4500.0,4500.0,,8640.0,,,1728,
2025-10-09,葛西,巨峰,各地,相対,5.0,4500.0,4500.0,,8640.0,,,1728,
2025-10-09,豊島,シャインマスカット,山梨,相対,5.0,1700.0,1700.0,9720.0,8640.0,6480.0,1944,1728,1296
2025-10-09,豊島,シャインマスカット,長野,相対,5.0,1700.0,1700.0,9720.0,,9180.0,1944,,1836
2025-10-09,豊島,ピオーネ,各地,相対,3.5,1700.0,1700.0,6480.0,,5940.0,1851,,1697
2025-10-09,豊島,ピオーネ,長野,相対,5.0,1700.0,1700.0,9720.0,,,1944,,
2025-10-09,豊島,巨峰,長野,相対,0.35,1700.0,1700.0,572.0,,540.0,1634,,1543
2025-10-09,豊洲,シャインマスカット,各地,相対,5.0,10787.0,15275.0,9720.0,8100.0,7560.0,1944,1620,1512
2025-10-09,豊洲,シャインマスカット,各地,第三者販売,5.0,1996.0,15275.0,9180.0,8640.0,5940.0,1836,1728,1188
2025-10-09,豊洲,シャインマスカット,山梨,せり・入札,5.0,942.0,15275.0,7020.0,6480.0,5940.0,1404,1296,1188
2025-10-09,豊洲,シャインマスカット,山梨,相対,5.0,10787.0,15275.0,9180.0,8856.0,7560.0,1836,1771,1512
2025-10-09,豊洲,シャインマスカット,山梨,第三者販売,5.0,1996.0,15275.0,8640.0,8100.0,7020.0,1728,1620,1404
2025-10-09,豊洲,シャインマスカット,長野,商物分離,5.0,1550.0,15275.0,8964.0,,8640.0,1793,,1728
2025-10-09,豊洲,シャインマスカット,長野,相対,5.0,10787.0,15275.0,8640.0,8424.0,8100.0,1728,1685,1620
2025-10-09,豊洲,シャインマスカット,長野,第三者販売,5.0,1996.0,15275.0,9936.0,8640.0,7884.0,1987,1728,1577
2025-10-09,豊洲,ピオーネ,各地,相対,5.0,10787.0,15275.0,9180.0,,8100.0,1836,,1620
2025-10-09,豊洲,ピオーネ,岡山,第三者販売,5.0,1996.0,15275.0,,8640.0,,,1728,
2025-10-09,豊洲,ピオーネ,長野,相対,5.0,10787.0,15275.0,8640.0,8100.0,7884.0,1728,1620,1577
2025-10-09,豊洲,ピオーネ,長野,第三者販売,5.0,1996.0,15275.0,9180.0,8856.0,8640.0,1836,1771,1728
2025-10-09,豊洲,巨峰,各地,相対,5.0,10787.0,15275.0,8100.0,,7560.0,1620,,1512
2025-10-09,豊洲,巨峰,山梨,相対,5.0,10787.0,15275.0,6804.0,,6480.0,1361,,1296
2025-10-09,豊洲,巨峰,長野,相対,0.35,10787.0,15275.0,648.0,594.0,572.0,1851,1697,1634
2025-10-09,豊洲,巨峰,長野,第三者販売,0.35,1996.0,15275.0,670.0,,626.0,1914,,1789
2025-10-10,世田谷,シャインマスカット,山梨,相対,5.0,200.0,200.0,8640.0,,,1728,,
2025-10-10,北足立,シャインマスカット,各地,相対,5.0,5700.0,5700.0,9720.0,8100.0,7020.0,1944,1620,1404
2025-10-10,北足立,シャインマスカット,山梨,相対,5.0,5700.0,5700.0,,8640.0,,,1728,
2025-10-10,北足立,巨峰,山梨,相対,5.0,5700.0,5700.0,8640.0,,,1728,,
2025-10-10,多摩NT,シャインマスカット,山梨,相対,5.0,397.0,402.0,8100.0,,,1620,,
2025-10-10,多摩NT,シャインマスカット,長野,相対,5.0,397.0,402.0,10260.0,,,2052,,
2025-10-10,多摩NT,シャインマスカット,長野,第三者販売,5.0,5.0,402.0,1080.0,,,216,,
2025-10-10,多摩NT,ピオーネ,各地,相対,5.0,397.0,402.0,6480.0,,,1296,,
2025-10-10,多摩NT,巨峰,山梨,相対,5.0,397.0,402.0,5940.0,,,1188,,
2025-10-10,多摩NT,巨峰,長野,相対,0.35,397.0,402.0,616.0,,,1760,,
2025-10-10,大田,シャインマスカット,各地,相対,5.0,87580.0,89301.0,16200.0,8964.0,5400.0,3240,1793,1080
2025-10-10,大田,シャインマスカット,各地,第三者販売,5.0,281.0,89301.0,9720.0,9288.0,6480.0,1944,1858,1296
2025-10-10,大田,シャインマスカット,山梨,せり・入札,5.0,1342.0,89301.0,9720.0,6588.0,4968.0,1944,1318,994
2025-10-10,大田,シャインマスカット,山梨,相対,5.0,87580.0,89301.0,9720.0,8316.0,2160.0,1944,1663,432
2025-10-10,大田,シャインマスカット,長野,相対,5.0,87580.0,89301.0,10800.0,9288.0,4050.0,2160,1858,810
2025-10-10,大田,ピオーネ,各地,相対,5.0,87580.0,89301.0,8100.0,6804.0,5400.0,1620,1361,1080
2025-10-10,大田,ピオーネ,岡山,相対,5.0,87580.0,89301.0,11880.0,7236.0,4860.0,2376,1447,972
2025-10-10,大田,ピオーネ,長野,相対,5.0,87580.0,89301.0,10800.0,8424.0,8100.0,2160,1685,1620
2025-10-10,大田,巨峰,各地,相対,5.0,87580.0,89301.0,8100.0,,4860.0,1620,,972
2025-10-10,大田,巨峰,山梨,せり・入札,5.0,1342.0,89301.0,6480.0,5832.0,5400.0,1296,1166,1080
2025-10-10,大田,巨峰,山梨,相対,5.0,87580.0,89301.0,7560.0,,,1512,,
2025-10-10,大田,巨峰,長野,相対,0.35,87580.0,89301.0,626.0,540.0,432.0,1789,1543,1234
2025-10-10,板橋,シャインマスカット,山梨,相対,5.0,2680.0,2700.0,9180.0,8100.0,7560.0,1836,1620,1512
2025-10-10,板橋,シャインマスカット,長野,相対,5.0,2680.0,2700.0,9828.0,,8640.0,1966,,1728
2025-10-10,板橋,シャインマスカット,長野,第三者販売,5.0,20.0,2700.0,8640.0,,,1728,,
2025-10-10,板橋,巨峰,長野,相対,0.35,2680.0,2700.0,680.0,648.0,562.0,1943,1851,1606
2025-10-10,淀橋,シャインマスカット,各地,相対,5.0,7031.0,7031.0,9720.0,8640.0,7560.0,1944,1728,1512
2025-10-10,淀橋,シャインマスカット,山梨,相対,5.0,7031.0,7031.0,9720.0,,,1944,,
2025-10-10,淀橋,シャインマスカット,長野,相対,5.0,7031.0,7031.0,9720.0,,8640.0,1944,,1728
2025-10-10,淀橋,ピオーネ,各地,相対,5.0,7031.0,7031.0,8100.0,,,1620,,
2025-10-10,淀橋,巨峰,長野,相対,0.35,7031.0,7031.0,594.0,,,1697,,
2025-10-10,葛西,シャインマスカット,各地,相対,5.0,4200.0,4200.0,,7560.0,,,1512,
2025-10-10,葛西,巨峰,各地,相対,5.0,4200.0,4200.0,,8100.0,,,1620,
2025-10-10,豊島,シャインマスカット,山梨,相対,5.0,1500.0,1500.0,9720.0,9180.0,8100.0,1944,1836,1620
2025-10-10,豊島,シャインマスカット,長野,相対,5.0,1500.0,1500.0,9720.0,9180.0,8640.0,1944,1836,1728
2025-10-10,豊島,ピオーネ,各地,相対,3.5,1500.0,1500.0,7560.0,,6480.0,2160,,1851
2025-10-10,豊島,ピオーネ,長野,相対,5.0,1500.0,1500.0,9720.0,,,1944,,
2025-10-10,豊洲,シャインマスカット,各地,相対,5.0,9573.0,13627.0,10260.0,8640.0,8100.0,2052,1728,1620
2025-10-10,豊洲,シャインマスカット,各地,第三者販売,5.0,4054.0,13627.0,11016.0,8964.0,8100.0,2203,1793,1620
2025-10-10,豊洲,シャインマスカット,山梨,相対,5.0,9573.0,13627.0,9396.0,,8856.0,1879,,1771
2025-10-10,豊洲,シャインマスカット,山梨,第三者販売,5.0,4054.0,13627.0,7560.0,7020.0,5940.0,1512,1404,1188
2025-10-10,豊洲,シャインマスカット,長野,相対,5.0,9573.0,13627.0,9180.0,8964.0,8100.0,1836,1793,1620
2025-10-10,豊洲,シャインマスカット,長野,第三者販売,5.0,4054.0,13627.0,9936.0,9396.0,8640.0,1987,1879,1728
2025-10-10,豊洲,ピオーネ,各地,相対,5.0,9573.0,13627.0,9180.0,7560.0,7020.0,1836,1512,1404
2025-10-10,豊洲,ピオーネ,岡山,相対,5.0,9573.0,13627.0,8100.0,7560.0,7020.0,1620,1512,1404
2025-10-10,豊洲,ピオーネ,岡山,第三者販売,5.0,4054.0,13627.0,8100.0,5940.0,5724.0,1620,1188,1145
2025-10-10,豊洲,ピオーネ,長野,相対,5.0,9573.0,13627.0,8640.0,,8100.0,1728,,1620
2025-10-10,豊洲,ピオーネ,長野,第三者販売,5.0,4054.0,13627.0,8964.0,,8100.0,1793,,1620
2025-10-10,豊洲,巨峰,各地,相対,5.0,9573.0,13627.0,7560.0,,7020.0,1512,,1404
2025-10-10,豊洲,巨峰,長野,相対,0.35,9573.0,13627.0,605.0,572.0,464.0,1729,1634,1326
2025-10-10,豊洲,巨峰,長野,第三者販売,0.35,4054.0,13627.0,670.0,648.0,626.0,1914,1851,1789
2025-10-11,世田谷,シャインマスカット,長野,相対,5.0,400.0,400.0,9720.0,,,1944,,
2025-10-11,世田谷,巨峰,長野,相対,0.35,400.0,400.0,648.0,,,1851,,
2025-10-11,北足立,シャインマスカット,各地,相対,5.0,5400.0,5400.0,9720.0,8100.0,7020.0,1944,1620,1404
2025-10-11,北足立,シャインマスカット,山梨,相対,5.0,5400.0,5400.0,,8640.0,,,1728,
2025-10-11,北足立,巨峰,山梨,相対,5.0,5400.0,5400.0,8640.0,,,1728,,
2025-10-11,多摩NT,シャインマスカット,山梨,相対,5.0,585.0,585.0,8100.0,,,1620,,
2025-10-11,多摩NT,シャインマスカット,長野,相対,5.0,585.0,585.0,10260.0,,,2052,,
2025-10-11,多摩NT,ピオーネ,各地,相対,5.0,585.0,585.0,6480.0,,,1296,,
2025-10-11,多摩NT,巨峰,山梨,相対,5.0,585.0,585.0,5940.0,,,1188,,
2025-10-11,多摩NT,巨峰,長野,相対,0.35,585.0,585.0,616.0,,,1760,,
2025-10-11,大田,シャインマスカット,各地,相対,5.0,101476.0,106621.0,8640.0,8640.0,4860.0,1728,1728,972
2025-10-11,大田,シャインマスカット,各地,第三者販売,5.0,316.0,106621.0,9720.0,7776.0,6480.0,1944,1555,1296
2025-10-11,大田,シャインマスカット,山梨,せり・入札,5.0,2383.0,106621.0,9180.0,5616.0,4320.0,1836,1123,864
2025-10-11,大田,シャインマスカット,山梨,相対,5.0,101476.0,106621.0,9720.0,8100.0,2160.0,1944,1620,432
2025-10-11,大田,シャインマスカット,長野,商物分離,5.0,2446.0,106621.0,9720.0,8856.0,8640.0,1944,1771,1728
2025-10-11,大田,シャインマスカット,長野,相対,5.0,101476.0,106621.0,10800.0,9288.0,4860.0,2160,1858,972
2025-10-11,大田,ピオーネ,各地,相対,5.0,101476.0,106621.0,8100.0,6912.0,5940.0,1620,1382,1188
2025-10-11,大田,ピオーネ,岡山,相対,5.0,101476.0,106621.0,15120.0,7128.0,4860.0,3024,1426,972
2025-10-11,大田,ピオーネ,長野,相対,5.0,101476.0,106621.0,11880.0,8964.0,7560.0,2376,1793,1512
2025-10-11,大田,巨峰,各地,相対,5.0,101476.0,106621.0,8100.0,,,1620,,
2025-10-11,大田,巨峰,山梨,せり・入札,5.0,2383.0,106621.0,7560.0,6048.0,5400.0,1512,1210,1080
2025-10-11,大田,巨峰,山梨,相対,5.0,101476.0,106621.0,7560.0,5616.0,5400.0,1512,1123,1080
2025-10-11,大田,巨峰,長野,商物分離,0.35,2446.0,106621.0,594.0,,,1697,,
2025-10-11,大田,巨峰,長野,相対,0.35,101476.0,106621.0,648.0,540.0,432.0,1851,1543,1234
2025-10-11,板橋,シャインマスカット,山梨,相対,5.0,3190.0,3200.0,9180.0,9180.0,,1836,1836,
2025-10-11,板橋,シャインマスカット,長野,相対,5.0,3190.0,3200.0,9828.0,,8640.0,1966,,1728
2025-10-11,板橋,シャインマスカット,長野,第三者販売,5.0,10.0,3200.0,8640.0,,,1728,,
2025-10-11,板橋,巨峰,長野,相対,0.35,3190.0,3200.0,680.0,648.0,540.0,1943,1851,1543
2025-10-11,淀橋,シャインマスカット,各地,相対,5.0,10325.0,10325.0,9720.0,8640.0,7560.0,1944,1728,1512
2025-10-11,淀橋,シャインマスカット,山梨,相対,5.0,10325.0,10325.0,9720.0,,,1944,,
2025-10-11,淀橋,シャインマスカット,長野,相対,5.0,10325.0,10325.0,9720.0,,8640.0,1944,,1728
2025-10-11,淀橋,ピオーネ,各地,相対,5.0,10325.0,10325.0,8100.0,,,1620,,
2025-10-11,淀橋,巨峰,長野,相対,0.35,10325.0,10325.0,648.0,,,1851,,
2025-10-11,葛西,シャインマスカット,各地,相対,5.0,3500.0,3500.0,,8640.0,,,1728,
2025-10-11,葛西,巨峰,各地,相対,5.0,3500.0,3500.0,,8100.0,,,1620,
2025-10-11,豊島,シャインマスカット,山梨,相対,5.0,1400.0,1400.0,9720.0,9180.0,8100.0,1944,1836,1620
2025-10-11,豊島,シャインマスカット,長野,相対,5.0,1400.0,1400.0,9720.0,9180.0,8640.0,1944,1836,1728
2025-10-11,豊島,ピオーネ,長野,相対,5.0,1400.0,1400.0,9720.0,,,1944,,
2025-10-11,豊洲,シャインマスカット,各地,相対,5.0,8870.0,17678.0,10260.0,,8100.0,2052,,1620
2025-10-11,豊洲,シャインマスカット,各地,第三者販売,5.0,7388.0,17678.0,14580.0,11016.0,8964.0,2916,2203,1793
2025-10-11,豊洲,シャインマスカット,山梨,相対,5.0,8870.0,17678.0,7560.0,6480.0,5940.0,1512,1296,1188
2025-10-11,豊洲,シャインマスカット,山梨,第三者販売,5.0,7388.0,17678.0,8640.0,8100.0,7020.0,1728,1620,1404
2025-10-11,豊洲,シャインマスカット,長野,商物分離,5.0,1650.0,17678.0,8964.0,8964.0,8640.0,1793,1793,1728
2025-10-11,豊洲,シャインマスカット,長野,相対,5.0,8870.0,17678.0,9504.0,9180.0,8100.0,1901,1836,1620
2025-10-11,豊洲,シャインマスカット,長野,第三者販売,5.0,7388.0,17678.0,9180.0,8964.0,8640.0,1836,1793,1728
2025-10-11,豊洲,ピオーネ,各地,相対,5.0,8870.0,17678.0,8100.0,,7560.0,1620,,1512
2025-10-11,豊洲,ピオーネ,岡山,相対,5.0,8870.0,17678.0,8100.0,,5940.0,1620,,1188
2025-10-11,豊洲,ピオーネ,岡山,第三者販売,5.0,7388.0,17678.0,8100.0,5940.0,4320.0,1620,1188,864
2025-10-11,豊洲,ピオーネ,長野,相対,5.0,8870.0,17678.0,9180.0,,8100.0,1836,,1620
2025-10-11,豊洲,ピオーネ,長野,第三者販売,5.0,7388.0,17678.0,,9180.0,,,1836,
2025-10-11,豊洲,巨峰,各地,相対,5.0,8870.0,17678.0,7560.0,,7020.0,1512,,1404
2025-10-11,豊洲,巨峰,山梨,相対,5.0,8870.0,17678.0,6804.0,6480.0,4320.0,1361,1296,864
2025-10-11,豊洲,巨峰,長野,相対,0.35,8870.0,17678.0,572.0,,464.0,1634,,1326
2025-10-11,豊洲,巨峰,長野,第三者販売,0.35,7388.0,17678.0,670.0,648.0,572.0,1914,1851,1634
2025-10-14,世田谷,シャインマスカット,各地,相対,5.0,800.0,800.0,10800.0,,,2160,,
2025-10-14,世田谷,シャインマスカット,長野,相対,5.0,800.0,800.0,9720.0,,,1944,,
2025-10-14,世田谷,巨峰,長野,相対,0.35,800.0,800.0,648.0,,,1851,,
2025-10-14,北足立,シャインマスカット,各地,相対,5.0,4600.0,4600.0,10800.0,8640.0,7560.0,2160,1728,1512
2025-10-14,北足立,シャインマスカット,山梨,相対,5.0,4600.0,4600.0,,8640.0,,,1728,
2025-10-14,多摩NT,シャインマスカット,山梨,相対,5.0,649.0,649.0,5940.0,,,1188,,
2025-10-14,多摩NT,シャインマスカット,長野,相対,5.0,649.0,649.0,10260.0,,,2052,,
2025-10-14,多摩NT,巨峰,山梨,相対,5.0,649.0,649.0,7020.0,,,1404,,
2025-10-14,多摩NT,巨峰,長野,相対,0.35,649.0,649.0,702.0,,,2006,,
2025-10-14,大田,シャインマスカット,各地,相対,5.0,113570.0,118712.0,15120.0,9396.0,5940.0,3024,1879,1188
2025-10-14,大田,シャインマスカット,各地,第三者販売,5.0,213.0,118712.0,9720.0,8856.0,8640.0,1944,1771,1728
2025-10-14,大田,シャインマスカット,山梨,せり・入札,5.0,2489.0,118712.0,9720.0,6156.0,3780.0,1944,1231,756
2025-10-14,大田,シャインマスカット,山梨,相対,5.0,113570.0,118712.0,9720.0,8100.0,2160.0,1944,1620,432
2025-10-14,大田,シャインマスカット,長野,商物分離,5.0,2440.0,118712.0,9720.0,8856.0,8640.0,1944,1771,1728
2025-10-14,大田,シャインマスカット,長野,相対,5.0,113570.0,118712.0,10800.0,9396.0,7560.0,2160,1879,1512
2025-10-14,大田,ピオーネ,各地,相対,5.0,113570.0,118712.0,8100.0,6696.0,5400.0,1620,1339,1080
2025-10-14,大田,ピオーネ,岡山,相対,5.0,113570.0,118712.0,15120.0,7452.0,5076.0,3024,1490,1015
2025-10-14,大田,ピオーネ,長野,相対,5.0,113570.0,118712.0,11880.0,10044.0,8100.0,2376,2009,1620
2025-10-14,大田,巨峰,各地,相対,5.0,113570.0,118712.0,8100.0,,,1620,,
2025-10-14,大田,巨峰,山梨,せり・入札,5.0,2489.0,118712.0,7020.0,6588.0,6480.0,1404,1318,1296
2025-10-14,大田,巨峰,山梨,相対,5.0,113570.0,118712.0,7560.0,5400.0,,1512,1080,
2025-10-14,大田,巨峰,長野,相対,0.35,113570.0,118712.0,648.0,540.0,432.0,1851,1543,1234
2025-10-14,板橋,シャインマスカット,山梨,相対,5.0,2789.0,2800.0,9180.0,,7884.0,1836,,1577
2025-10-14,板橋,シャインマスカット,長野,相対,5.0,2789.0,2800.0,9720.0,9720.0,,1944,1944,
2025-10-14,板橋,シャインマスカット,長野,第三者販売,5.0,11.0,2800.0,8640.0,,,1728,,
2025-10-14,板橋,巨峰,長野,相対,0.35,2789.0,2800.0,680.0,670.0,648.0,1943,1914,1851
2025-10-14,板橋,巨峰,長野,第三者販売,0.35,11.0,2800.0,648.0,,,1851,,
2025-10-14,淀橋,シャインマスカット,各地,相対,5.0,10651.0,10651.0,9720.0,8640.0,7560.0,1944,1728,1512
2025-10-14,淀橋,シャインマスカット,山梨,相対,5.0,10651.0,10651.0,9720.0,,,1944,,
2025-10-14,淀橋,シャインマスカット,長野,相対,5.0,10651.0,10651.0,9720.0,,8640.0,1944,,1728
2025-10-14,淀橋,ピオーネ,各地,相対,5.0,10651.0,10651.0,8100.0,,,1620,,
2025-10-14,淀橋,巨峰,長野,相対,0.35,10651.0,10651.0,648.0,,,1851,,
2025-10-14,葛西,シャインマスカット,各地,相対,5.0,5100.0,5100.0,,8100.0,,,1620,
2025-10-14,葛西,巨峰,各地,相対,5.0,5100.0,5100.0,,8640.0,,,1728,
2025-10-14,豊島,シャインマスカット,山梨,相対,5.0,1400.0,1400.0,9720.0,9180.0,8100.0,1944,1836,1620
2025-10-14,豊島,シャインマスカット,長野,相対,5.0,1400.0,1400.0,9720.0,,9180.0,1944,,1836
2025-10-14,豊洲,シャインマスカット,各地,相対,5.0,9042.0,15834.0,10800.0,8640.0,5940.0,2160,1728,1188
2025-10-14,豊洲,シャインマスカット,各地,第三者販売,5.0,5292.0,15834.0,8640.0,,5940.0,1728,,1188
2025-10-14,豊洲,シャインマスカット,山梨,相対,5.0,9042.0,15834.0,9720.0,9180.0,7560.0,1944,1836,1512
2025-10-14,豊洲,シャインマスカット,山梨,第三者販売,5.0,5292.0,15834.0,8640.0,8100.0,7020.0,1728,1620,1404
2025-10-14,豊洲,シャインマスカット,長野,商物分離,5.0,1500.0,15834.0,,8964.0,,,1793,
2025-10-14,豊洲,シャインマスカット,長野,相対,5.0,9042.0,15834.0,9288.0,9180.0,8964.0,1858,1836,1793
2025-10-14,豊洲,シャインマスカット,長野,第三者販売,5.0,5292.0,15834.0,9720.0,9180.0,8640.0,1944,1836,1728
2025-10-14,豊洲,ピオーネ,各地,相対,5.0,9042.0,15834.0,8640.0,8100.0,7560.0,1728,1620,1512
2025-10-14,豊洲,ピオーネ,岡山,第三者販売,5.0,5292.0,15834.0,8640.0,,7560.0,1728,,1512
2025-10-14,豊洲,ピオーネ,長野,相対,5.0,9042.0,15834.0,8640.0,8424.0,7884.0,1728,1685,1577
2025-10-14,豊洲,巨峰,長野,相対,0.35,9042.0,15834.0,680.0,648.0,432.0,1943,1851,1234
2025-10-14,豊洲,巨峰,長野,第三者販売,0.35,5292.0,15834.0,670.0,,432.0,1914,,1234
2025-10-16,世田谷,シャインマスカット,山梨,相対,5.0,400.0,400.0,7560.0,,,1512,,
2025-10-16,世田谷,巨峰,長野,相対,0.35,400.0,400.0,,486.0,,,1389,
2025-10-16,北足立,シャインマスカット,各地,相対,5.0,4500.0,4500.0,10800.0,8640.0,7560.0,2160,1728,1512
2025-10-16,北足立,シャインマスカット,山梨,相対,5.0,4500.0,4500.0,,8640.0,,,1728,
2025-10-16,多摩NT,シャインマスカット,山梨,相対,5.0,543.0,543.0,5940.0,,,1188,,
2025-10-16,多摩NT,シャインマスカット,長野,相対,5.0,543.0,543.0,10260.0,,,2052,,
2025-10-16,多摩NT,巨峰,山梨,相対,5.0,543.0,543.0,7020.0,,,1404,,
2025-10-16,多摩NT,巨峰,長野,相対,0.35,543.0,543.0,702.0,,,2006,,
2025-10-16,大田,シャインマスカット,各地,相対,5.0,97115.0,102193.0,16200.0,9072.0,5940.0,3240,1814,1188
2025-10-16,大田,シャインマスカット,各地,第三者販売,5.0,101.0,102193.0,9720.0,8424.0,7560.0,1944,1685,1512
2025-10-16,大田,シャインマスカット,山梨,せり・入札,5.0,2572.0,102193.0,9720.0,6480.0,4968.0,1944,1296,994
2025-10-16,大田,シャインマスカット,山梨,相対,5.0,97115.0,102193.0,10800.0,8532.0,2160.0,2160,1706,432
2025-10-16,大田,シャインマスカット,長野,商物分離,5.0,2405.0,102193.0,9720.0,8856.0,8640.0,1944,1771,1728
2025-10-16,大田,シャインマスカット,長野,相対,5.0,97115.0,102193.0,10800.0,9720.0,4860.0,2160,1944,972
2025-10-16,大田,ピオーネ,各地,相対,5.0,97115.0,102193.0,8100.0,7020.0,5940.0,1620,1404,1188
2025-10-16,大田,ピオーネ,岡山,相対,5.0,97115.0,102193.0,15120.0,7128.0,5076.0,3024,1426,1015
2025-10-16,大田,ピオーネ,長野,相対,5.0,97115.0,102193.0,11880.0,9936.0,7560.0,2376,1987,1512
2025-10-16,大田,巨峰,各地,相対,5.0,97115.0,102193.0,8424.0,6480.0,5940.0,1685,1296,1188
2025-10-16,大田,巨峰,山梨,せり・入札,5.0,2572.0,102193.0,7020.0,6804.0,6480.0,1404,1361,1296
2025-10-16,大田,巨峰,山梨,相対,5.0,97115.0,102193.0,8100.0,5400.0,,1620,1080,
2025-10-16,大田,巨峰,長野,相対,0.35,97115.0,102193.0,626.0,540.0,464.0,1789,1543,1326
2025-10-16,板橋,シャインマスカット,山梨,相対,5.0,2683.0,2700.0,9828.0,8640.0,,1966,1728,
2025-10-16,板橋,シャインマスカット,長野,相対,5.0,2683.0,2700.0,8640.0,,,1728,,
2025-10-16,板橋,シャインマスカット,長野,第三者販売,5.0,17.0,2700.0,8640.0,,,1728,,
2025-10-16,板橋,巨峰,長野,相対,0.35,2683.0,2700.0,680.0,648.0,540.0,1943,1851,1543
2025-10-16,板橋,巨峰,長野,第三者販売,0.35,17.0,2700.0,648.0,,,1851,,
2025-10-16,淀橋,シャインマスカット,各地,相対,5.0,9608.0,9608.0,9720.0,8640.0,7560.0,1944,1728,1512
2025-10-16,淀橋,シャインマスカット,山梨,相対,5.0,9608.0,9608.0,9720.0,,,1944,,
2025-10-16,淀橋,シャインマスカット,長野,相対,5.0,9608.0,9608.0,9720.0,,8640.0,1944,,1728
2025-10-16,淀橋,ピオーネ,各地,相対,5.0,9608.0,9608.0,8100.0,,,1620,,
2025-10-16,淀橋,巨峰,長野,相対,0.35,9608.0,9608.0,648.0,,,1851,,
2025-10-16,葛西,シャインマスカット,各地,相対,5.0,3900.0,3900.0,,8400.0,,,1680,
2025-10-16,葛西,巨峰,各地,相対,5.0,3900.0,3900.0,,7560.0,,,1512,
2025-10-16,豊島,シャインマスカット,各地,相対,5.0,1200.0,1200.0,7560.0,,6480.0,1512,,1296
2025-10-16,豊島,シャインマスカット,山梨,相対,5.0,1200.0,1200.0,9720.0,8640.0,7560.0,1944,1728,1512
2025-10-16,豊島,シャインマスカット,長野,相対,5.0,1200.0,1200.0,9720.0,,9180.0,1944,,1836
2025-10-16,豊島,巨峰,長野,相対,0.35,1200.0,1200.0,572.0,,518.0,1634,,1480
2025-10-16,豊洲,シャインマスカット,各地,相対,5.0,10933.0,14617.0,10260.0,8100.0,7560.0,2052,1620,1512
2025-10-16,豊洲,シャインマスカット,各地,第三者販売,5.0,1984.0,14617.0,12960.0,10800.0,5940.0,2592,2160,1188
2025-10-16,豊洲,シャインマスカット,山梨,相対,5.0,10933.0,14617.0,9720.0,9180.0,6480.0,1944,1836,1296
2025-10-16,豊洲,シャインマスカット,山梨,第三者販売,5.0,1984.0,14617.0,9720.0,9180.0,8100.0,1944,1836,1620
2025-10-16,豊洲,シャインマスカット,長野,商物分離,5.0,1700.0,14617.0,,8964.0,,,1793,
2025-10-16,豊洲,シャインマスカット,長野,相対,5.0,10933.0,14617.0,9180.0,8640.0,8316.0,1836,1728,1663
2025-10-16,豊洲,シャインマスカット,長野,第三者販売,5.0,1984.0,14617.0,9180.0,8964.0,8640.0,1836,1793,1728
2025-10-16,豊洲,ピオーネ,各地,相対,5.0,10933.0,14617.0,8640.0,8100.0,7560.0,1728,1620,1512
2025-10-16,豊洲,ピオーネ,岡山,相対,5.0,10933.0,14617.0,8100.0,7020.0,5940.0,1620,1404,1188
2025-10-16,豊洲,ピオーネ,岡山,第三者販売,5.0,1984.0,14617.0,10260.0,,7020.0,2052,,1404
2025-10-16,豊洲,ピオーネ,長野,相対,5.0,10933.0,14617.0,8964.0,8424.0,8100.0,1793,1685,1620
2025-10-16,豊洲,巨峰,山梨,相対,5.0,10933.0,14617.0,6480.0,,5400.0,1296,,1080
2025-10-16,豊洲,巨峰,長野,相対,0.35,10933.0,14617.0,648.0,594.0,475.0,1851,1697,1357
2025-10-16,豊洲,巨峰,長野,第三者販売,0.35,1984.0,14617.0,670.0,,594.0,1914,,1697
2025-10-17,世田谷,ピオーネ,岡山,相対,5.0,100.0,100.0,,,7560.0,,,1512
2025-10-17,北足立,シャインマスカット,各地,相対,5.0,3300.0,3300.0,10800.0,8640.0,7560.0,2160,1728,1512
2025-10-17,北足立,シャインマスカット,山梨,相対,5.0,3300.0,3300.0,,8640.0,,,1728,
2025-10-17,多摩NT,シャインマスカット,山梨,相対,5.0,360.0,360.0,5940.0,,,1188,,
2025-10-17,多摩NT,シャインマスカット,長野,相対,5.0,360.0,360.0,10260.0,,,2052,,
2025-10-17,多摩NT,巨峰,山梨,相対,5.0,360.0,360.0,7020.0,,,1404,,
2025-10-17,多摩NT,巨峰,長野,相対,0.35,360.0,360.0,702.0,,,2006,,
2025-10-17,大田,シャインマスカット,各地,相対,5.0,69252.0,70579.0,15120.0,9396.0,5940.0,3024,1879,1188
2025-10-17,大田,シャインマスカット,各地,第三者販売,5.0,115.0,70579.0,7560.0,,,1512,,
2025-10-17,大田,シャインマスカット,山梨,せり・入札,5.0,1088.0,70579.0,9720.0,7452.0,5940.0,1944,1490,1188
2025-10-17,大田,シャインマスカット,山梨,相対,5.0,69252.0,70579.0,9720.0,8532.0,3240.0,1944,1706,648
2025-10-17,大田,シャインマスカット,長野,相対,5.0,69252.0,70579.0,10800.0,9612.0,4860.0,2160,1922,972
2025-10-17,大田,ピオーネ,各地,相対,5.0,69252.0,70579.0,8640.0,7236.0,6804.0,1728,1447,1361
2025-10-17,大田,ピオーネ,岡山,相対,5.0,69252.0,70579.0,11880.0,7560.0,4860.0,2376,1512,972
2025-10-17,大田,ピオーネ,長野,相対,5.0,69252.0,70579.0,11880.0,10584.0,8100.0,2376,2117,1620
2025-10-17,大田,巨峰,各地,相対,5.0,69252.0,70579.0,8100.0,,7020.0,1620,,1404
2025-10-17,大田,巨峰,山梨,せり・入札,5.0,1088.0,70579.0,7020.0,6912.0,6480.0,1404,1382,1296
2025-10-17,大田,巨峰,山梨,相対,5.0,69252.0,70579.0,8640.0,,,1728,,
2025-10-17,大田,巨峰,長野,相対,0.35,69252.0,70579.0,626.0,540.0,486.0,1789,1543,1389
2025-10-17,板橋,シャインマスカット,各地,相対,5.0,2000.0,2000.0,7560.0,,,1512,,
2025-10-17,板橋,シャインマスカット,長野,相対,5.0,2000.0,2000.0,,9180.0,,,1836,
2025-10-17,板橋,ピオーネ,岡山,相対,5.0,2000.0,2000.0,7650.0,,,1530,,
2025-10-17,淀橋,シャインマスカット,各地,相対,5.0,5239.0,5239.0,9720.0,8640.0,7560.0,1944,1728,1512
2025-10-17,淀橋,シャインマスカット,山梨,相対,5.0,5239.0,5239.0,9720.0,,,1944,,
2025-10-17,淀橋,シャインマスカット,長野,相対,5.0,5239.0,5239.0,9720.0,,8640.0,1944,,1728
2025-10-17,淀橋,巨峰,長野,相対,0.35,5239.0,5239.0,648.0,,,1851,,
2025-10-17,葛西,シャインマスカット,各地,相対,5.0,2500.0,2500.0,,8100.0,,,1620,
2025-10-17,葛西,巨峰,各地,相対,5.0,2500.0,2500.0,,7560.0,,,1512,
2025-10-17,豊島,シャインマスカット,長野,相対,5.0,1100.0,1100.0,9720.0,9180.0,8640.0,1944,1836,1728
2025-10-17,豊島,巨峰,長野,相対,0.35,1100.0,1100.0,518.0,,464.0,1480,,1326
2025-10-17,豊洲,シャインマスカット,各地,相対,5.0,9308.0,12032.0,11016.0,10476.0,8100.0,2203,2095,1620
2025-10-17,豊洲,シャインマスカット,各地,第三者販売,5.0,1049.0,12032.0,11016.0,,7344.0,2203,,1469
2025-10-17,豊洲,シャインマスカット,山梨,相対,5.0,9308.0,12032.0,9720.0,,9180.0,1944,,1836
2025-10-17,豊洲,シャインマスカット,山梨,第三者販売,5.0,1049.0,12032.0,,9720.0,,,1944,
2025-10-17,豊洲,シャインマスカット,長野,商物分離,5.0,1675.0,12032.0,9180.0,,8964.0,1836,,1793
2025-10-17,豊洲,シャインマスカット,長野,相対,5.0,9308.0,12032.0,9504.0,9180.0,8964.0,1901,1836,1793
2025-10-17,豊洲,シャインマスカット,長野,第三者販売,5.0,1049.0,12032.0,9504.0,9180.0,8640.0,1901,1836,1728
2025-10-17,豊洲,ピオーネ,各地,相対,5.0,9308.0,12032.0,8640.0,8100.0,7560.0,1728,1620,1512
2025-10-17,豊洲,ピオーネ,岡山,相対,5.0,9308.0,12032.0,7020.0,,6156.0,1404,,1231
2025-10-17,豊洲,ピオーネ,岡山,第三者販売,5.0,1049.0,12032.0,10260.0,,7560.0,2052,,1512
2025-10-17,豊洲,ピオーネ,長野,相対,5.0,9308.0,12032.0,8640.0,8424.0,7344.0,1728,1685,1469
2025-10-17,豊洲,巨峰,長野,相対,0.35,9308.0,12032.0,680.0,648.0,594.0,1943,1851,1697
2025-10-17,豊洲,巨峰,長野,第三者販売,0.35,1049.0,12032.0,680.0,670.0,648.0,1943,1914,1851
2025-10-18,世田谷,シャインマスカット,長野,相対,5.0,600.0,600.0,10260.0,,,2052,,
2025-10-18,世田谷,巨峰,長野,相対,0.35,600.0,600.0,680.0,,,1943,,
2025-10-18,北足立,シャインマスカット,各地,相対,5.0,3000.0,3000.0,10800.0,8640.0,7560.0,2160,1728,1512
2025-10-18,北足立,シャインマスカット,山梨,相対,5.0,3000.0,3000.0,,8640.0,,,1728,
2025-10-18,多摩NT,シャインマスカット,山梨,相対,5.0,370.0,370.0,5940.0,,,1188,,
2025-10-18,多摩NT,シャインマスカット,長野,相対,5.0,370.0,370.0,10260.0,,,2052,,
2025-10-18,多摩NT,巨峰,山梨,相対,5.0,370.0,370.0,7020.0,,,1404,,
2025-10-18,多摩NT,巨峰,長野,相対,0.35,370.0,370.0,702.0,,,2006,,
2025-10-18,大田,シャインマスカット,各地,相対,5.0,80897.0,84696.0,15120.0,9072.0,5940.0,3024,1814,1188
2025-10-18,大田,シャインマスカット,各地,第三者販売,5.0,271.0,84696.0,9720.0,8856.0,7560.0,1944,1771,1512
2025-10-18,大田,シャインマスカット,山梨,せり・入札,5.0,1873.0,84696.0,9720.0,9720.0,5940.0,1944,1944,1188
2025-10-18,大田,シャインマスカット,山梨,相対,5.0,80897.0,84696.0,9720.0,8640.0,4860.0,1944,1728,972
2025-10-18,大田,シャインマスカット,長野,商物分離,5.0,1655.0,84696.0,9720.0,9396.0,9180.0,1944,1879,1836
2025-10-18,大田,シャインマスカット,長野,相対,5.0,80897.0,84696.0,10800.0,9504.0,4050.0,2160,1901,810
2025-10-18,大田,ピオーネ,各地,相対,5.0,80897.0,84696.0,8100.0,7128.0,6804.0,1620,1426,1361
2025-10-18,大田,ピオーネ,岡山,相対,5.0,80897.0,84696.0,16200.0,7128.0,5076.0,3240,1426,1015
2025-10-18,大田,ピオーネ,長野,相対,5.0,80897.0,84696.0,11880.0,9504.0,7560.0,2376,1901,1512
2025-10-18,大田,巨峰,各地,相対,5.0,80897.0,84696.0,8100.0,,3240.0,1620,,648
2025-10-18,大田,巨峰,山梨,相対,5.0,80897.0,84696.0,8100.0,5400.0,,1620,1080,
2025-10-18,大田,巨峰,長野,相対,0.35,80897.0,84696.0,648.0,540.0,486.0,1851,1543,1389
2025-10-18,板橋,シャインマスカット,長野,相対,5.0,2295.0,2300.0,9180.0,8640.0,,1836,1728,
2025-10-18,板橋,シャインマスカット,長野,第三者販売,5.0,5.0,2300.0,9180.0,,,1836,,
2025-10-18,淀橋,シャインマスカット,各地,相対,5.0,7115.0,7115.0,9720.0,8640.0,7560.0,1944,1728,1512
2025-10-18,淀橋,シャインマスカット,山梨,相対,5.0,7115.0,7115.0,9720.0,,,1944,,
2025-10-18,淀橋,シャインマスカット,長野,相対,5.0,7115.0,7115.0,9720.0,,8640.0,1944,,1728
2025-10-18,淀橋,ピオーネ,各地,相対,5.0,7115.0,7115.0,8100.0,,,1620,,
2025-10-18,淀橋,巨峰,長野,相対,0.35,7115.0,7115.0,648.0,,,1851,,
2025-10-18,葛西,シャインマスカット,各地,相対,5.0,2500.0,2500.0,,8640.0,,,1728,
2025-10-18,葛西,巨峰,各地,相対,5.0,2500.0,2500.0,,8100.0,,,1620,
2025-10-18,豊島,シャインマスカット,山梨,相対,5.0,1200.0,1200.0,8640.0,7560.0,6480.0,1728,1512,1296
2025-10-18,豊島,シャインマスカット,長野,相対,5.0,1200.0,1200.0,9720.0,,9180.0,1944,,1836
2025-10-18,豊島,ピオーネ,各地,相対,3.5,1200.0,1200.0,5940.0,,,1697,,
2025-10-18,豊島,巨峰,長野,相対,0.35,1200.0,1200.0,626.0,572.0,518.0,1789,1634,1480
2025-10-18,豊洲,シャインマスカット,各地,相対,5.0,9820.0,13714.0,14580.0,9180.0,6480.0,2916,1836,1296
2025-10-18,豊洲,シャインマスカット,各地,第三者販売,5.0,3894.0,13714.0,14580.0,11016.0,10476.0,2916,2203,2095
2025-10-18,豊洲,シャインマスカット,山梨,相対,5.0,9820.0,13714.0,9720.0,9180.0,7560.0,1944,1836,1512
2025-10-18,豊洲,シャインマスカット,山梨,第三者販売,5.0,3894.0,13714.0,9720.0,9180.0,8856.0,1944,1836,1771
2025-10-18,豊洲,シャインマスカット,長野,相対,5.0,9820.0,13714.0,9720.0,9180.0,8316.0,1944,1836,1663
2025-10-18,豊洲,シャインマスカット,長野,第三者販売,5.0,3894.0,13714.0,9180.0,8964.0,8316.0,1836,1793,1663
2025-10-18,豊洲,ピオーネ,各地,相対,5.0,9820.0,13714.0,8640.0,8100.0,7560.0,1728,1620,1512
2025-10-18,豊洲,ピオーネ,岡山,相対,5.0,9820.0,13714.0,8100.0,7020.0,5400.0,1620,1404,1080
2025-10-18,豊洲,ピオーネ,岡山,第三者販売,5.0,3894.0,13714.0,8208.0,6264.0,5940.0,1642,1253,1188
2025-10-18,豊洲,ピオーネ,長野,相対,5.0,9820.0,13714.0,8640.0,8424.0,8208.0,1728,1685,1642
2025-10-18,豊洲,巨峰,長野,相対,0.35,9820.0,13714.0,648.0,594.0,475.0,1851,1697,1357
2025-10-18,豊洲,巨峰,長野,第三者販売,0.35,3894.0,13714.0,,680.0,,,1943,
2025-10-20,世田谷,シャインマスカット,長野,相対,5.0,100.0,100.0,10260.0,,,2052,,
2025-10-20,世田谷,巨峰,長野,相対,0.35,100.0,100.0,670.0,,,1914,,
2025-10-20,北足立,シャインマスカット,各地,相対,5.0,2700.0,2700.0,10800.0,9720.0,8640.0,2160,1944,1728
2025-10-20,多摩NT,シャインマスカット,長野,相対,5.0,23.0,23.0,10260.0,,,2052,,
2025-10-20,多摩NT,巨峰,長野,相対,0.35,23.0,23.0,702.0,,,2006,,
2025-10-20,大田,シャインマスカット,各地,相対,5.0,56079.0,58172.0,15120.0,9072.0,5940.0,3024,1814,1188
2025-10-20,大田,シャインマスカット,各地,第三者販売,5.0,288.0,58172.0,9720.0,9396.0,7560.0,1944,1879,1512
2025-10-20,大田,シャインマスカット,山梨,相対,5.0,56079.0,58172.0,7560.0,7020.0,,1512,1404,
2025-10-20,大田,シャインマスカット,長野,商物分離,5.0,1805.0,58172.0,9720.0,9288.0,9180.0,1944,1858,1836
2025-10-20,大田,シャインマスカット,長野,相対,5.0,56079.0,58172.0,10800.0,9612.0,8100.0,2160,1922,1620
2025-10-20,大田,ピオーネ,各地,相対,5.0,56079.0,58172.0,7560.0,7236.0,6804.0,1512,1447,1361
2025-10-20,大田,ピオーネ,岡山,相対,5.0,56079.0,58172.0,16200.0,7128.0,5076.0,3240,1426,1015
2025-10-20,大田,ピオーネ,長野,相対,5.0,56079.0,58172.0,11880.0,10044.0,8640.0,2376,2009,1728
2025-10-20,大田,巨峰,各地,相対,5.0,56079.0,58172.0,8100.0,5400.0,,1620,1080,
2025-10-20,大田,巨峰,長野,相対,0.35,56079.0,58172.0,702.0,,540.0,2006,,1543
2025-10-20,板橋,シャインマスカット,各地,相対,5.0,3383.0,3400.0,7560.0,,,1512,,
2025-10-20,板橋,シャインマスカット,長野,相対,5.0,3383.0,3400.0,9720.0,8640.0,,1944,1728,
2025-10-20,板橋,シャインマスカット,長野,第三者販売,5.0,17.0,3400.0,9180.0,,,1836,,
2025-10-20,板橋,ピオーネ,岡山,相対,5.0,3383.0,3400.0,5940.0,,,1188,,
2025-10-20,板橋,巨峰,長野,相対,0.35,3383.0,3400.0,680.0,648.0,594.0,1943,1851,1697
2025-10-20,板橋,巨峰,長野,第三者販売,0.35,17.0,3400.0,680.0,,378.0,1943,,1080
2025-10-20,淀橋,シャインマスカット,各地,相対,5.0,4204.0,4204.0,9720.0,8640.0,7560.0,1944,1728,1512
2025-10-20,淀橋,シャインマスカット,長野,相対,5.0,4204.0,4204.0,9720.0,,8640.0,1944,,1728
2025-10-20,淀橋,巨峰,長野,相対,0.35,4204.0,4204.0,648.0,,,1851,,
2025-10-20,葛西,シャインマスカット,各地,相対,5.0,2400.0,2400.0,,8640.0,,,1728,
2025-10-20,葛西,巨峰,各地,相対,5.0,2400.0,2400.0,,7560.0,,,1512,
2025-10-20,豊島,シャインマスカット,山梨,相対,5.0,500.0,500.0,7560.0,,,1512,,
2025-10-20,豊島,シャインマスカット,長野,相対,5.0,500.0,500.0,9720.0,,9180.0,1944,,1836
2025-10-20,豊島,巨峰,長野,相対,0.35,500.0,500.0,518.0,,,1480,,
2025-10-20,豊洲,シャインマスカット,各地,相対,5.0,6584.0,7728.0,8100.0,6480.0,5940.0,1620,1296,1188
2025-10-20,豊洲,シャインマスカット,各地,第三者販売,5.0,1144.0,7728.0,10800.0,,8640.0,2160,,1728
2025-10-20,豊洲,シャインマスカット,長野,相対,5.0,6584.0,7728.0,9504.0,9288.0,8640.0,1901,1858,1728
2025-10-20,豊洲,シャインマスカット,長野,第三者販売,5.0,1144.0,7728.0,9288.0,9180.0,8640.0,1858,1836,1728
2025-10-20,豊洲,ピオーネ,各地,相対,5.0,6584.0,7728.0,8100.0,,7560.0,1620,,1512
2025-10-20,豊洲,ピオーネ,長野,相対,5.0,6584.0,7728.0,8856.0,,8640.0,1771,,1728
2025-10-20,豊洲,巨峰,長野,相対,0.35,6584.0,7728.0,680.0,626.0,486.0,1943,1789,1389
2025-10-20,豊洲,巨峰,長野,第三者販売,0.35,1144.0,7728.0,702.0,680.0,648.0,2006,1943,1851
2025-10-21,世田谷,シャインマスカット,山梨,相対,5.0,300.0,300.0,,6480.0,,,1296,
2025-10-21,北足立,シャインマスカット,各地,相対,5.0,2600.0,2600.0,10800.0,8640.0,7560.0,2160,1728,1512
2025-10-21,北足立,シャインマスカット,山梨,相対,5.0,2600.0,2600.0,,8640.0,,,1728,
2025-10-21,多摩NT,シャインマスカット,長野,相対,5.0,394.0,394.0,10260.0,,,2052,,
2025-10-21,多摩NT,巨峰,長野,相対,0.35,394.0,394.0,702.0,,,2006,,
2025-10-21,大田,シャインマスカット,各地,相対,5.0,70835.0,73799.0,15120.0,9072.0,5940.0,3024,1814,1188
2025-10-21,大田,シャインマスカット,各地,第三者販売,5.0,325.0,73799.0,9720.0,9396.0,7560.0,1944,1879,1512
2025-10-21,大田,シャインマスカット,山梨,せり・入札,5.0,2578.0,73799.0,7560.0,6912.0,5400.0,1512,1382,1080
2025-10-21,大田,シャインマスカット,山梨,相対,5.0,70835.0,73799.0,10800.0,8424.0,5400.0,2160,1685,1080
2025-10-21,大田,シャインマスカット,長野,相対,5.0,70835.0,73799.0,10800.0,9612.0,8100.0,2160,1922,1620
2025-10-21,大田,ピオーネ,各地,相対,5.0,70835.0,73799.0,8640.0,6804.0,5400.0,1728,1361,1080
2025-10-21,大田,ピオーネ,岡山,相対,5.0,70835.0,73799.0,16200.0,7128.0,5076.0,3240,1426,1015
2025-10-21,大田,ピオーネ,長野,相対,5.0,70835.0,73799.0,11880.0,10044.0,8640.0,2376,2009,1728
2025-10-21,大田,巨峰,各地,相対,5.0,70835.0,73799.0,8640.0,,8100.0,1728,,1620
2025-10-21,大田,巨峰,山梨,相対,5.0,70835.0,73799.0,8640.0,5400.0,,1728,1080,
2025-10-21,大田,巨峰,長野,相対,0.35,70835.0,73799.0,702.0,,540.0,2006,,1543
2025-10-21,板橋,シャインマスカット,長野,相対,5.0,2690.0,2700.0,9720.0,8640.0,,1944,1728,
2025-10-21,板橋,シャインマスカット,長野,第三者販売,5.0,10.0,2700.0,9720.0,,,1944,,
2025-10-21,板橋,ピオーネ,長野,相対,5.0,2690.0,2700.0,9180.0,,8640.0,1836,,1728
2025-10-21,板橋,巨峰,長野,相対,0.35,2690.0,2700.0,680.0,648.0,594.0,1943,1851,1697
2025-10-21,淀橋,シャインマスカット,各地,相対,5.0,6694.0,6694.0,9720.0,8640.0,7560.0,1944,1728,1512
2025-10-21,淀橋,シャインマスカット,山梨,相対,5.0,6694.0,6694.0,9720.0,,,1944,,
2025-10-21,淀橋,シャインマスカット,長野,相対,5.0,6694.0,6694.0,9720.0,,8640.0,1944,,1728
2025-10-21,淀橋,巨峰,長野,相対,0.35,6694.0,6694.0,648.0,,,1851,,
2025-10-21,葛西,シャインマスカット,各地,相対,5.0,2800.0,2800.0,,8640.0,,,1728,
2025-10-21,葛西,ピオーネ,各地,相対,5.0,2800.0,2800.0,,8100.0,,,1620,
2025-10-21,葛西,巨峰,各地,相対,5.0,2800.0,2800.0,,8100.0,,,1620,
2025-10-21,豊島,シャインマスカット,山梨,相対,5.0,1400.0,1400.0,9180.0,8640.0,7560.0,1836,1728,1512
2025-10-21,豊島,シャインマスカット,長野,相対,5.0,1400.0,1400.0,8640.0,,9180.0,1728,,1836
2025-10-21,豊島,巨峰,長野,相対,0.35,1400.0,1400.0,518.0,,,1480,,
2025-10-21,豊洲,シャインマスカット,各地,相対,5.0,6592.0,9468.0,11880.0,10260.0,5940.0,2376,2052,1188
2025-10-21,豊洲,シャインマスカット,各地,第三者販売,5.0,1376.0,9468.0,10260.0,,8640.0,2052,,1728
2025-10-21,豊洲,シャインマスカット,山梨,相対,5.0,6592.0,9468.0,9720.0,9180.0,7560.0,1944,1836,1512
2025-10-21,豊洲,シャインマスカット,山梨,第三者販売,5.0,1376.0,9468.0,9180.0,,8640.0,1836,,1728
2025-10-21,豊洲,シャインマスカット,長野,商物分離,5.0,1500.0,9468.0,,9288.0,,,1858,
2025-10-21,豊洲,シャインマスカット,長野,相対,5.0,6592.0,9468.0,9180.0,,8640.0,1836,,1728
2025-10-21,豊洲,シャインマスカット,長野,第三者販売,5.0,1376.0,9468.0,9504.0,,9180.0,1901,,1836
2025-10-21,豊洲,ピオーネ,各地,相対,5.0,6592.0,9468.0,8640.0,8100.0,7560.0,1728,1620,1512
2025-10-21,豊洲,ピオーネ,岡山,相対,5.0,6592.0,9468.0,8316.0,6372.0,5940.0,1663,1274,1188
2025-10-21,豊洲,ピオーネ,長野,相対,5.0,6592.0,9468.0,9180.0,8856.0,8316.0,1836,1771,1663
2025-10-21,豊洲,巨峰,長野,相対,0.35,6592.0,9468.0,648.0,,475.0,1851,,1357
2025-10-21,豊洲,巨峰,長野,第三者販売,0.35,1376.0,9468.0,680.0,,648.0,1943,,1851
2025-10-23,世田谷,シャインマスカット,長野,相対,5.0,400.0,400.0,10800.0,,,2160,,
2025-10-23,世田谷,巨峰,長野,相対,0.35,400.0,400.0,670.0,,,1914,,
2025-10-23,北足立,シャインマスカット,各地,相対,5.0,3100.0,3100.0,10800.0,9720.0,7560.0,2160,1944,1512
2025-10-23,北足立,シャインマスカット,山梨,相対,5.0,3100.0,3100.0,,8640.0,,,1728,
2025-10-23,多摩NT,シャインマスカット,長野,相対,5.0,386.0,386.0,10260.0,,,2052,,
2025-10-23,多摩NT,巨峰,長野,相対,0.35,386.0,386.0,702.0,,,2006,,
2025-10-23,大田,シャインマスカット,各地,相対,5.0,83798.0,87313.0,12960.0,8640.0,5940.0,2592,1728,1188
2025-10-23,大田,シャインマスカット,山梨,せり・入札,5.0,2295.0,87313.0,7020.0,,6480.0,1404,,1296
2025-10-23,大田,シャインマスカット,山梨,相対,5.0,83798.0,87313.0,10800.0,8316.0,5400.0,2160,1663,1080
2025-10-23,大田,シャインマスカット,長野,商物分離,5.0,1205.0,87313.0,9720.0,9504.0,9180.0,1944,1901,1836
2025-10-23,大田,シャインマスカット,長野,相対,5.0,83798.0,87313.0,10800.0,9504.0,8100.0,2160,1901,1620
2025-10-23,大田,ピオーネ,各地,相対,5.0,83798.0,87313.0,8640.0,6588.0,4320.0,1728,1318,864
2025-10-23,大田,ピオーネ,岡山,相対,5.0,83798.0,87313.0,11880.0,7020.0,4860.0,2376,1404,972
2025-10-23,大田,ピオーネ,長野,相対,5.0,83798.0,87313.0,11880.0,9720.0,8640.0,2376,1944,1728
2025-10-23,大田,巨峰,各地,相対,5.0,83798.0,87313.0,8640.0,,8100.0,1728,,1620
2025-10-23,大田,巨峰,山梨,相対,5.0,83798.0,87313.0,8640.0,5400.0,,1728,1080,
2025-10-23,大田,巨峰,長野,相対,0.35,83798.0,87313.0,702.0,648.0,432.0,2006,1851,1234
2025-10-23,板橋,シャインマスカット,山梨,相対,5.0,2751.0,2800.0,9180.0,8640.0,,1836,1728,
2025-10-23,板橋,シャインマスカット,長野,相対,5.0,2751.0,2800.0,9180.0,,8100.0,1836,,1620
2025-10-23,板橋,ピオーネ,長野,相対,5.0,2751.0,2800.0,7560.0,,,1512,,
2025-10-23,板橋,ピオーネ,長野,第三者販売,5.0,49.0,2800.0,8100.0,,7560.0,1620,,1512
2025-10-23,板橋,巨峰,長野,相対,0.35,2751.0,2800.0,680.0,648.0,540.0,1943,1851,1543
2025-10-23,板橋,巨峰,長野,第三者販売,0.35,49.0,2800.0,680.0,,,1943,,
2025-10-23,淀橋,シャインマスカット,各地,相対,5.0,5742.0,5742.0,9720.0,8640.0,7560.0,1944,1728,1512
2025-10-23,淀橋,シャインマスカット,山梨,相対,5.0,5742.0,5742.0,9720.0,,,1944,,
2025-10-23,淀橋,シャインマスカット,長野,相対,5.0,5742.0,5742.0,9720.0,,8640.0,1944,,1728
2025-10-23,淀橋,巨峰,長野,相対,0.35,5742.0,5742.0,648.0,,,1851,,
2025-10-23,葛西,シャインマスカット,各地,相対,5.0,2400.0,2400.0,,8640.0,,,1728,
2025-10-23,葛西,ピオーネ,各地,相対,5.0,2400.0,2400.0,,8100.0,,,1620,
2025-10-23,葛西,巨峰,各地,相対,5.0,2400.0,2400.0,,8100.0,,,1620,
2025-10-23,豊島,シャインマスカット,山梨,相対,5.0,1300.0,1300.0,9720.0,8640.0,7560.0,1944,1728,1512
2025-10-23,豊島,シャインマスカット,長野,相対,5.0,1300.0,1300.0,9720.0,,9180.0,1944,,1836
2025-10-23,豊島,巨峰,長野,相対,0.35,1300.0,1300.0,518.0,,,1480,,
2025-10-23,豊洲,シャインマスカット,各地,相対,5.0,6559.0,9809.0,8100.0,4860.0,4320.0,1620,972,864
2025-10-23,豊洲,シャインマスカット,各地,第三者販売,5.0,1750.0,9809.0,10800.0,,7560.0,2160,,1512
2025-10-23,豊洲,シャインマスカット,山梨,相対,5.0,6559.0,9809.0,9720.0,9180.0,7560.0,1944,1836,1512
2025-10-23,豊洲,シャインマスカット,山梨,第三者販売,5.0,1750.0,9809.0,9720.0,,8100.0,1944,,1620
2025-10-23,豊洲,シャインマスカット,長野,商物分離,5.0,1500.0,9809.0,,9288.0,,,1858,
2025-10-23,豊洲,シャインマスカット,長野,相対,5.0,6559.0,9809.0,9504.0,9180.0,8640.0,1901,1836,1728
2025-10-23,豊洲,シャインマスカット,長野,第三者販売,5.0,1750.0,9809.0,9504.0,9180.0,8964.0,1901,1836,1793
2025-10-23,豊洲,ピオーネ,各地,相対,5.0,6559.0,9809.0,8640.0,,8100.0,1728,,1620
2025-10-23,豊洲,ピオーネ,岡山,相対,5.0,6559.0,9809.0,8316.0,6372.0,5940.0,1663,1274,1188
2025-10-23,豊洲,ピオーネ,長野,相対,5.0,6559.0,9809.0,9180.0,,8640.0,1836,,1728
2025-10-23,豊洲,巨峰,長野,相対,0.35,6559.0,9809.0,680.0,626.0,475.0,1943,1789,1357
2025-10-23,豊洲,巨峰,長野,第三者販売,0.35,1750.0,9809.0,680.0,,648.0,1943,,1851
2025-10-24,北足立,シャインマスカット,各地,相対,5.0,2600.0,2600.0,10800.0,9720.0,8640.0,2160,1944,1728
2025-10-24,多摩NT,シャインマスカット,長野,相対,5.0,11.0,16.0,10260.0,,,2052,,
2025-10-24,多摩NT,シャインマスカット,長野,第三者販売,5.0,5.0,16.0,9180.0,,,1836,,
2025-10-24,大田,シャインマスカット,各地,相対,5.0,44661.0,44691.0,12960.0,8640.0,5940.0,2592,1728,1188
2025-10-24,大田,シャインマスカット,長野,相対,5.0,44661.0,44691.0,10800.0,9504.0,8100.0,2160,1901,1620
2025-10-24,大田,ピオーネ,各地,相対,5.0,44661.0,44691.0,8100.0,6912.0,6804.0,1620,1382,1361
2025-10-24,大田,ピオーネ,岡山,相対,5.0,44661.0,44691.0,11880.0,7236.0,4536.0,2376,1447,907
2025-10-24,大田,ピオーネ,長野,相対,5.0,44661.0,44691.0,11880.0,10044.0,8640.0,2376,2009,1728
2025-10-24,大田,巨峰,各地,相対,5.0,44661.0,44691.0,8100.0,7020.0,,1620,1404,
2025-10-24,大田,巨峰,長野,相対,0.35,44661.0,44691.0,702.0,,540.0,2006,,1543
2025-10-24,板橋,シャインマスカット,山梨,相対,5.0,3699.0,3700.0,8640.0,8640.0,,1728,1728,
2025-10-24,板橋,シャインマスカット,長野,相対,5.0,3699.0,3700.0,9180.0,,8100.0,1836,,1620
2025-10-24,板橋,ピオーネ,長野,相対,5.0,3699.0,3700.0,9180.0,,8100.0,1836,,1620
2025-10-24,板橋,巨峰,長野,相対,0.35,3699.0,3700.0,680.0,648.0,540.0,1943,1851,1543
2025-10-24,板橋,巨峰,長野,第三者販売,0.35,1.0,3700.0,680.0,,,1943,,
2025-10-24,淀橋,シャインマスカット,各地,相対,5.0,3098.0,3098.0,9720.0,8640.0,7560.0,1944,1728,1512
2025-10-24,淀橋,シャインマスカット,長野,相対,5.0,3098.0,3098.0,9720.0,,8640.0,1944,,1728
2025-10-24,淀橋,巨峰,長野,相対,0.35,3098.0,3098.0,648.0,,,1851,,
2025-10-24,葛西,シャインマスカット,各地,相対,5.0,900.0,900.0,,8640.0,,,1728,
2025-10-24,葛西,ピオーネ,各地,相対,5.0,900.0,900.0,,8100.0,,,1620,
2025-10-24,葛西,巨峰,各地,相対,5.0,900.0,900.0,,8100.0,,,1620,
2025-10-24,豊島,シャインマスカット,山梨,相対,5.0,2000.0,2000.0,9180.0,,7560.0,1836,,1512
2025-10-24,豊島,シャインマスカット,長野,相対,5.0,2000.0,2000.0,9720.0,,9180.0,1944,,1836
2025-10-24,豊島,巨峰,長野,相対,0.35,2000.0,2000.0,518.0,,464.0,1480,,1326
2025-10-24,豊洲,シャインマスカット,各地,相対,5.0,6624.0,6783.0,8100.0,4860.0,4320.0,1620,972,864
2025-10-24,豊洲,シャインマスカット,各地,第三者販売,5.0,159.0,6783.0,,8640.0,,,1728,
2025-10-24,豊洲,シャインマスカット,長野,相対,5.0,6624.0,6783.0,9504.0,9288.0,8964.0,1901,1858,1793
2025-10-24,豊洲,シャインマスカット,長野,第三者販売,5.0,159.0,6783.0,9504.0,9396.0,8640.0,1901,1879,1728
2025-10-24,豊洲,ピオーネ,各地,相対,5.0,6624.0,6783.0,9180.0,8100.0,7560.0,1836,1620,1512
2025-10-24,豊洲,ピオーネ,長野,相対,5.0,6624.0,6783.0,9180.0,,8640.0,1836,,1728
2025-10-24,豊洲,巨峰,長野,相対,0.35,6624.0,6783.0,680.0,626.0,475.0,1943,1789,1357
2025-10-24,豊洲,巨峰,長野,第三者販売,0.35,159.0,6783.0,702.0,,680.0,2006,,1943
2025-10-25,世田谷,シャインマスカット,山梨,相対,5.0,300.0,300.0,6480.0,,5400.0,1296,,1080
2025-10-25,北足立,シャインマスカット,各地,相対,5.0,2600.0,2600.0,10800.0,8640.0,7560.0,2160,1728,1512
2025-10-25,北足立,シャインマスカット,山梨,相対,5.0,2600.0,2600.0,,8640.0,,,1728,
2025-10-25,多摩NT,シャインマスカット,長野,相対,5.0,199.0,199.0,10260.0,,,2052,,
2025-10-25,多摩NT,巨峰,長野,相対,0.35,199.0,199.0,702.0,,,2006,,
2025-10-25,大田,シャインマスカット,各地,相対,5.0,54105.0,57945.0,15120.0,8856.0,5400.0,3024,1771,1080
2025-10-25,大田,シャインマスカット,各地,第三者販売,5.0,25.0,57945.0,9720.0,,,1944,,
2025-10-25,大田,シャインマスカット,山梨,せり・入札,5.0,1910.0,57945.0,7560.0,7344.0,5940.0,1512,1469,1188
2025-10-25,大田,シャインマスカット,山梨,相対,5.0,54105.0,57945.0,10800.0,7992.0,5400.0,2160,1598,1080
2025-10-25,大田,シャインマスカット,長野,商物分離,5.0,1905.0,57945.0,9720.0,9288.0,9180.0,1944,1858,1836
2025-10-25,大田,シャインマスカット,長野,相対,5.0,54105.0,57945.0,10800.0,9504.0,8100.0,2160,1901,1620
2025-10-25,大田,ピオーネ,各地,相対,5.0,54105.0,57945.0,9180.0,7020.0,6804.0,1836,1404,1361
2025-10-25,大田,ピオーネ,岡山,相対,5.0,54105.0,57945.0,11880.0,7344.0,4536.0,2376,1469,907
2025-10-25,大田,ピオーネ,長野,相対,5.0,54105.0,57945.0,11880.0,10368.0,8640.0,2376,2074,1728
2025-10-25,大田,巨峰,各地,相対,5.0,54105.0,57945.0,8640.0,6480.0,5940.0,1728,1296,1188
2025-10-25,大田,巨峰,山梨,相対,5.0,54105.0,57945.0,8640.0,5400.0,,1728,1080,
2025-10-25,大田,巨峰,長野,相対,0.35,54105.0,57945.0,680.0,648.0,356.0,1943,1851,1017
2025-10-25,板橋,シャインマスカット,長野,相対,5.0,2599.0,2600.0,,8640.0,,,1728,
2025-10-25,板橋,ピオーネ,岡山,相対,5.0,2599.0,2600.0,7560.0,,,1512,,
2025-10-25,板橋,ピオーネ,長野,相対,5.0,2599.0,2600.0,8640.0,,,1728,,
2025-10-25,板橋,巨峰,長野,相対,0.35,2599.0,2600.0,680.0,,648.0,1943,,1851
2025-10-25,板橋,巨峰,長野,第三者販売,0.35,1.0,2600.0,680.0,,,1943,,
2025-10-25,淀橋,シャインマスカット,各地,相対,5.0,4521.0,4521.0,9720.0,8640.0,7560.0,1944,1728,1512
2025-10-25,淀橋,シャインマスカット,山梨,相対,5.0,4521.0,4521.0,9720.0,,,1944,,
2025-10-25,淀橋,シャインマスカット,長野,相対,5.0,4521.0,4521.0,9720.0,,8640.0,1944,,1728
2025-10-25,淀橋,巨峰,長野,相対,0.35,4521.0,4521.0,648.0,,,1851,,
2025-10-25,葛西,シャインマスカット,各地,相対,5.0,1400.0,1400.0,,8640.0,,,1728,
2025-10-25,葛西,ピオーネ,各地,相対,5.0,1400.0,1400.0,,8100.0,,,1620,
2025-10-25,葛西,巨峰,各地,相対,5.0,1400.0,1400.0,,8100.0,,,1620,
2025-10-25,豊島,シャインマスカット,山梨,相対,5.0,2000.0,2000.0,9180.0,8640.0,7560.0,1836,1728,1512
2025-10-25,豊島,シャインマスカット,長野,相対,5.0,2000.0,2000.0,9720.0,,,1944,,
2025-10-25,豊島,巨峰,長野,相対,0.35,2000.0,2000.0,518.0,,464.0,1480,,1326
2025-10-25,豊洲,シャインマスカット,各地,相対,5.0,6172.0,7766.0,14580.0,10260.0,9180.0,2916,2052,1836
2025-10-25,豊洲,シャインマスカット,各地,第三者販売,5.0,1439.0,7766.0,9180.0,,8316.0,1836,,1663
2025-10-25,豊洲,シャインマスカット,山梨,せり・入札,5.0,147.0,7766.0,9180.0,8100.0,7020.0,1836,1620,1404
2025-10-25,豊洲,シャインマスカット,山梨,相対,5.0,6172.0,7766.0,9720.0,9180.0,7560.0,1944,1836,1512
2025-10-25,豊洲,シャインマスカット,山梨,第三者販売,5.0,1439.0,7766.0,9180.0,,8100.0,1836,,1620
2025-10-25,豊洲,シャインマスカット,長野,相対,5.0,6172.0,7766.0,9504.0,9288.0,9180.0,1901,1858,1836
2025-10-25,豊洲,シャインマスカット,長野,第三者販売,5.0,1439.0,7766.0,9504.0,9288.0,8640.0,1901,1858,1728
2025-10-25,豊洲,ピオーネ,各地,相対,5.0,6172.0,7766.0,8100.0,,7560.0,1620,,1512
2025-10-25,豊洲,ピオーネ,岡山,相対,5.0,6172.0,7766.0,8316.0,,7344.0,1663,,1469
2025-10-25,豊洲,ピオーネ,長野,相対,5.0,6172.0,7766.0,9180.0,,8640.0,1836,,1728
2025-10-25,豊洲,巨峰,長野,相対,0.35,6172.0,7766.0,648.0,626.0,475.0,1851,1789,1357
2025-10-25,豊洲,巨峰,長野,第三者販売,0.35,1439.0,7766.0,702.0,,670.0,2006,,1914
2025-10-27,世田谷,シャインマスカット,長野,相対,5.0,300.0,300.0,10260.0,,,2052,,
2025-10-27,北足立,シャインマスカット,各地,相対,5.0,2800.0,2800.0,10800.0,8640.0,7560.0,2160,1728,1512
2025-10-27,多摩NT,シャインマスカット,長野,相対,5.0,11.0,11.0,10260.0,,,2052,,
2025-10-27,多摩NT,巨峰,長野,相対,0.35,11.0,11.0,702.0,,,2006,,
2025-10-27,大田,シャインマスカット,各地,相対,5.0,42993.0,43014.0,15120.0,9288.0,6480.0,3024,1858,1296
2025-10-27,大田,シャインマスカット,長野,相対,5.0,42993.0,43014.0,10800.0,9612.0,4860.0,2160,1922,972
2025-10-27,大田,ピオーネ,各地,相対,5.0,42993.0,43014.0,7560.0,,,1512,,
2025-10-27,大田,ピオーネ,岡山,相対,5.0,42993.0,43014.0,9180.0,7236.0,5076.0,1836,1447,1015
2025-10-27,大田,ピオーネ,長野,相対,5.0,42993.0,43014.0,11880.0,10584.0,8640.0,2376,2117,1728
2025-10-27,大田,巨峰,各地,相対,5.0,42993.0,43014.0,9180.0,8640.0,7020.0,1836,1728,1404
2025-10-27,大田,巨峰,長野,相対,0.35,42993.0,43014.0,648.0,,540.0,1851,,1543
2025-10-27,板橋,シャインマスカット,長野,相対,5.0,1590.0,1600.0,9720.0,8640.0,,1944,1728,
2025-10-27,板橋,シャインマスカット,長野,第三者販売,5.0,10.0,1600.0,9180.0,,,1836,,
2025-10-27,板橋,巨峰,長野,相対,0.35,1590.0,1600.0,680.0,648.0,540.0,1943,1851,1543
2025-10-27,淀橋,シャインマスカット,各地,相対,5.0,2829.0,2829.0,9720.0,8640.0,7560.0,1944,1728,1512
2025-10-27,淀橋,シャインマスカット,長野,相対,5.0,2829.0,2829.0,9720.0,,8640.0,1944,,1728
2025-10-27,淀橋,巨峰,長野,相対,0.35,2829.0,2829.0,648.0,,,1851,,
2025-10-27,葛西,シャインマスカット,各地,相対,5.0,400.0,400.0,,8640.0,,,1728,
2025-10-27,葛西,ピオーネ,各地,相対,5.0,400.0,400.0,,8100.0,,,1620,
2025-10-27,葛西,巨峰,各地,相対,5.0,400.0,400.0,,8100.0,,,1620,
2025-10-27,豊島,シャインマスカット,長野,相対,5.0,500.0,500.0,9720.0,,9180.0,1944,,1836
2025-10-27,豊島,巨峰,長野,相対,0.35,500.0,500.0,518.0,,464.0,1480,,1326
2025-10-27,豊洲,シャインマスカット,各地,相対,5.0,3643.0,5161.0,8640.0,,8100.0,1728,,1620
2025-10-27,豊洲,シャインマスカット,長野,相対,5.0,3643.0,5161.0,9720.0,9504.0,8856.0,1944,1901,1771
2025-10-27,豊洲,シャインマスカット,長野,第三者販売,5.0,1518.0,5161.0,9720.0,,9504.0,1944,,1901
2025-10-27,豊洲,ピオーネ,各地,相対,5.0,3643.0,5161.0,8100.0,,7560.0,1620,,1512
2025-10-27,豊洲,ピオーネ,長野,相対,5.0,3643.0,5161.0,9720.0,9180.0,8964.0,1944,1836,1793
2025-10-27,豊洲,巨峰,長野,相対,0.35,3643.0,5161.0,670.0,648.0,486.0,1914,1851,1389
2025-10-27,豊洲,巨峰,長野,第三者販売,0.35,1518.0,5161.0,702.0,,680.0,2006,,1943
2025-10-28,世田谷,シャインマスカット,各地,相対,5.0,200.0,200.0,,9720.0,,,1944,
2025-10-28,世田谷,ピオーネ,岡山,相対,5.0,200.0,200.0,,,7020.0,,,1404
2025-10-28,北足立,シャインマスカット,各地,相対,5.0,2400.0,2400.0,10800.0,8640.0,7560.0,2160,1728,1512
2025-10-28,多摩NT,シャインマスカット,長野,相対,5.0,191.0,191.0,10260.0,,,2052,,
2025-10-28,多摩NT,巨峰,長野,相対,0.35,191.0,191.0,702.0,,,2006,,
2025-10-28,大田,シャインマスカット,各地,相対,5.0,42916.0,44458.0,15120.0,9396.0,5940.0,3024,1879,1188
2025-10-28,大田,シャインマスカット,各地,第三者販売,5.0,228.0,44458.0,8640.0,,,1728,,
2025-10-28,大田,シャインマスカット,山梨,せり・入札,5.0,1314.0,44458.0,8640.0,7344.0,5400.0,1728,1469,1080
2025-10-28,大田,シャインマスカット,山梨,相対,5.0,42916.0,44458.0,16200.0,7668.0,5400.0,3240,1534,1080
2025-10-28,大田,シャインマスカット,長野,相対,5.0,42916.0,44458.0,10800.0,9720.0,8640.0,2160,1944,1728
2025-10-28,大田,ピオーネ,各地,相対,5.0,42916.0,44458.0,8640.0,,,1728,,
2025-10-28,大田,ピオーネ,岡山,相対,5.0,42916.0,44458.0,9180.0,7020.0,5076.0,1836,1404,1015
2025-10-28,大田,ピオーネ,長野,相対,5.0,42916.0,44458.0,11880.0,10260.0,8640.0,2376,2052,1728
2025-10-28,大田,巨峰,各地,相対,5.0,42916.0,44458.0,9180.0,8640.0,8100.0,1836,1728,1620
2025-10-28,大田,巨峰,山梨,相対,5.0,42916.0,44458.0,8640.0,5400.0,,1728,1080,
2025-10-28,大田,巨峰,長野,相対,0.35,42916.0,44458.0,734.0,,540.0,2097,,1543
2025-10-28,板橋,シャインマスカット,長野,相対,5.0,5790.0,5800.0,9720.0,9720.0,,1944,1944,
2025-10-28,板橋,シャインマスカット,長野,第三者販売,5.0,10.0,5800.0,9720.0,,,1944,,
2025-10-28,板橋,ピオーネ,岡山,相対,5.0,5790.0,5800.0,5940.0,,,1188,,
2025-10-28,淀橋,シャインマスカット,各地,相対,5.0,3793.0,3793.0,9720.0,8640.0,7560.0,1944,1728,1512
2025-10-28,淀橋,シャインマスカット,長野,相対,5.0,3793.0,3793.0,9720.0,,8640.0,1944,,1728
2025-10-28,淀橋,巨峰,長野,相対,0.35,3793.0,3793.0,648.0,,,1851,,
2025-10-28,葛西,シャインマスカット,各地,相対,5.0,1200.0,1200.0,,8640.0,,,1728,
2025-10-28,葛西,巨峰,各地,相対,5.0,1200.0,1200.0,,8100.0,,,1620,
2025-10-28,豊島,シャインマスカット,山梨,相対,5.0,900.0,900.0,9720.0,8640.0,7560.0,1944,1728,1512
2025-10-28,豊島,シャインマスカット,長野,相対,5.0,900.0,900.0,9720.0,,9180.0,1944,,1836
2025-10-28,豊島,巨峰,長野,相対,0.35,900.0,900.0,518.0,,464.0,1480,,1326
2025-10-28,豊洲,シャインマスカット,各地,相対,5.0,5122.0,7939.0,11880.0,10260.0,9180.0,2376,2052,1836
2025-10-28,豊洲,シャインマスカット,各地,第三者販売,5.0,1317.0,7939.0,12960.0,,9720.0,2592,,1944
2025-10-28,豊洲,シャインマスカット,山梨,相対,5.0,5122.0,7939.0,10800.0,9180.0,8100.0,2160,1836,1620
2025-10-28,豊洲,シャインマスカット,山梨,第三者販売,5.0,1317.0,7939.0,9180.0,,7560.0,1836,,1512
2025-10-28,豊洲,シャインマスカット,長野,商物分離,5.0,1500.0,7939.0,,9720.0,,,1944,
2025-10-28,豊洲,シャインマスカット,長野,相対,5.0,5122.0,7939.0,10044.0,9720.0,9180.0,2009,1944,1836
2025-10-28,豊洲,シャインマスカット,長野,第三者販売,5.0,1317.0,7939.0,9504.0,,9396.0,1901,,1879
2025-10-28,豊洲,ピオーネ,各地,相対,5.0,5122.0,7939.0,8100.0,7560.0,7020.0,1620,1512,1404
2025-10-28,豊洲,ピオーネ,岡山,第三者販売,5.0,1317.0,7939.0,8424.0,,7992.0,1685,,1598
2025-10-28,豊洲,ピオーネ,長野,相対,5.0,5122.0,7939.0,9504.0,9180.0,8964.0,1901,1836,1793
2025-10-28,豊洲,巨峰,長野,相対,0.35,5122.0,7939.0,734.0,680.0,486.0,2097,1943,1389
2025-10-28,豊洲,巨峰,長野,第三者販売,0.35,1317.0,7939.0,,713.0,,,2037,
2025-10-30,世田谷,シャインマスカット,長野,相対,5.0,400.0,400.0,9720.0,,,1944,,
2025-10-30,北足立,シャインマスカット,各地,相対,5.0,3200.0,3200.0,10800.0,8640.0,7560.0,2160,1728,1512
2025-10-30,多摩NT,シャインマスカット,長野,相対,5.0,149.0,149.0,10260.0,,,2052,,
2025-10-30,多摩NT,巨峰,長野,相対,0.35,149.0,149.0,702.0,,,2006,,
2025-10-30,大田,シャインマスカット,各地,相対,5.0,55167.0,57100.0,15120.0,8964.0,5400.0,3024,1793,1080
2025-10-30,大田,シャインマスカット,各地,第三者販売,5.0,285.0,57100.0,9720.0,8424.0,6480.0,1944,1685,1296
2025-10-30,大田,シャインマスカット,山梨,せり・入札,5.0,1648.0,57100.0,9180.0,7776.0,5400.0,1836,1555,1080
2025-10-30,大田,シャインマスカット,山梨,相対,5.0,55167.0,57100.0,10800.0,7668.0,5400.0,2160,1534,1080
2025-10-30,大田,シャインマスカット,長野,相対,5.0,55167.0,57100.0,19440.0,9612.0,4860.0,3888,1922,972
2025-10-30,大田,ピオーネ,各地,相対,5.0,55167.0,57100.0,8100.0,7560.0,,1620,1512,
2025-10-30,大田,ピオーネ,岡山,相対,5.0,55167.0,57100.0,9720.0,7128.0,5076.0,1944,1426,1015
2025-10-30,大田,ピオーネ,長野,相対,5.0,55167.0,57100.0,11880.0,10584.0,8640.0,2376,2117,1728
2025-10-30,大田,巨峰,各地,相対,5.0,55167.0,57100.0,9180.0,,,1836,,
2025-10-30,大田,巨峰,山梨,せり・入札,5.0,1648.0,57100.0,10800.0,10260.0,9720.0,2160,2052,1944
2025-10-30,大田,巨峰,山梨,相対,5.0,55167.0,57100.0,8100.0,,,1620,,
2025-10-30,大田,巨峰,長野,相対,0.35,55167.0,57100.0,734.0,,540.0,2097,,1543
2025-10-30,板橋,シャインマスカット,山梨,相対,5.0,1795.0,1800.0,,8640.0,,,1728,
2025-10-30,板橋,シャインマスカット,長野,相対,5.0,1795.0,1800.0,9720.0,,,1944,,
2025-10-30,板橋,シャインマスカット,長野,第三者販売,5.0,5.0,1800.0,9720.0,,,1944,,
2025-10-30,淀橋,シャインマスカット,各地,相対,5.0,4535.0,4535.0,9720.0,8640.0,7560.0,1944,1728,1512
2025-10-30,淀橋,シャインマスカット,山梨,相対,5.0,4535.0,4535.0,8640.0,,,1728,,
2025-10-30,淀橋,シャインマスカット,長野,相対,5.0,4535.0,4535.0,9720.0,,8640.0,1944,,1728
2025-10-30,淀橋,巨峰,長野,相対,0.35,4535.0,4535.0,648.0,,,1851,,
2025-10-30,葛西,シャインマスカット,各地,相対,5.0,1700.0,1700.0,,8640.0,,,1728,
2025-10-30,葛西,巨峰,各地,相対,5.0,1700.0,1700.0,,8100.0,,,1620,
2025-10-30,豊島,シャインマスカット,山梨,相対,5.0,1300.0,1300.0,9180.0,8100.0,7560.0,1836,1620,1512
2025-10-30,豊島,シャインマスカット,長野,相対,5.0,1300.0,1300.0,9720.0,,9180.0,1944,,1836
2025-10-30,豊島,巨峰,長野,相対,0.35,1300.0,1300.0,486.0,,464.0,1389,,1326
2025-10-30,豊洲,シャインマスカット,各地,相対,5.0,4774.0,8018.0,8640.0,,8100.0,1728,,1620
2025-10-30,豊洲,シャインマスカット,各地,第三者販売,5.0,1744.0,8018.0,,8640.0,,,1728,
2025-10-30,豊洲,シャインマスカット,山梨,相対,5.0,4774.0,8018.0,9720.0,7560.0,5940.0,1944,1512,1188
2025-10-30,豊洲,シャインマスカット,山梨,第三者販売,5.0,1744.0,8018.0,,9720.0,,,1944,
2025-10-30,豊洲,シャインマスカット,長野,商物分離,5.0,1500.0,8018.0,,9504.0,,,1901,
2025-10-30,豊洲,シャインマスカット,長野,相対,5.0,4774.0,8018.0,10260.0,9720.0,9180.0,2052,1944,1836
2025-10-30,豊洲,シャインマスカット,長野,第三者販売,5.0,1744.0,8018.0,9720.0,9504.0,8964.0,1944,1901,1793
2025-10-30,豊洲,ピオーネ,各地,相対,5.0,4774.0,8018.0,8100.0,,7560.0,1620,,1512
2025-10-30,豊洲,ピオーネ,長野,相対,5.0,4774.0,8018.0,9504.0,9180.0,8856.0,1901,1836,1771
2025-10-30,豊洲,巨峰,長野,相対,0.35,4774.0,8018.0,734.0,,486.0,2097,,1389
2025-10-30,豊洲,巨峰,長野,第三者販売,0.35,1744.0,8018.0,,702.0,,,2006,
2025-10-31,北足立,シャインマスカット,各地,相対,5.0,2700.0,2700.0,10800.0,8640.0,7560.0,2160,1728,1512
2025-10-31,多摩NT,シャインマスカット,長野,相対,5.0,29.0,29.0,10260.0,,,2052,,
2025-10-31,大田,シャインマスカット,各地,せり・入札,5.0,5.0,34531.0,8100.0,,,1620,,
2025-10-31,大田,シャインマスカット,各地,相対,5.0,34376.0,34531.0,15120.0,9288.0,5400.0,3024,1858,1080
2025-10-31,大田,シャインマスカット,各地,第三者販売,5.0,150.0,34531.0,9720.0,7884.0,6480.0,1944,1577,1296
2025-10-31,大田,シャインマスカット,長野,相対,5.0,34376.0,34531.0,10800.0,9612.0,8640.0,2160,1922,1728
2025-10-31,大田,ピオーネ,岡山,相対,5.0,34376.0,34531.0,11880.0,7344.0,5076.0,2376,1469,1015
2025-10-31,大田,ピオーネ,長野,相対,5.0,34376.0,34531.0,11880.0,10476.0,8640.0,2376,2095,1728
2025-10-31,大田,巨峰,長野,相対,0.35,34376.0,34531.0,734.0,,540.0,2097,,1543
2025-10-31,板橋,シャインマスカット,山梨,相対,5.0,2300.0,2300.0,,8640.0,,,1728,
2025-10-31,板橋,シャインマスカット,長野,相対,5.0,2300.0,2300.0,9720.0,,,1944,,
2025-10-31,淀橋,シャインマスカット,各地,相対,5.0,2660.0,2660.0,9720.0,8640.0,7560.0,1944,1728,1512
2025-10-31,淀橋,シャインマスカット,長野,相対,5.0,2660.0,2660.0,9720.0,,8640.0,1944,,1728
2025-10-31,淀橋,巨峰,長野,相対,0.35,2660.0,2660.0,648.0,,,1851,,
2025-10-31,葛西,シャインマスカット,各地,相対,5.0,600.0,600.0,,8640.0,,,1728,
2025-10-31,葛西,巨峰,各地,相対,5.0,600.0,600.0,,8100.0,,,1620,
2025-10-31,豊島,シャインマスカット,長野,相対,5.0,300.0,300.0,9720.0,,9180.0,1944,,1836
2025-10-31,豊島,巨峰,長野,相対,0.35,300.0,300.0,486.0,,432.0,1389,,1234
2025-10-31,豊洲,シャインマスカット,各地,相対,5.0,7284.0,7663.0,13500.0,10260.0,8640.0,2700,2052,1728
2025-10-31,豊洲,シャインマスカット,各地,第三者販売,5.0,379.0,7663.0,12960.0,9720.0,8640.0,2592,1944,1728
2025-10-31,豊洲,シャインマスカット,長野,相対,5.0,7284.0,7663.0,10044.0,9720.0,9180.0,2009,1944,1836
2025-10-31,豊洲,シャインマスカット,長野,第三者販売,5.0,379.0,7663.0,9720.0,,9504.0,1944,,1901
2025-10-31,豊洲,ピオーネ,各地,相対,5.0,7284.0,7663.0,8100.0,,7560.0,1620,,1512
2025-10-31,豊洲,ピオーネ,岡山,相対,5.0,7284.0,7663.0,7020.0,,6696.0,1404,,1339
2025-10-31,豊洲,ピオーネ,長野,相対,5.0,7284.0,7663.0,9180.0,,8856.0,1836,,1771
2025-10-31,豊洲,巨峰,長野,相対,0.35,7284.0,7663.0,734.0,713.0,486.0,2097,2037,1389
2025-10-31,豊洲,巨峰,長野,第三者販売,0.35,379.0,7663.0,,713.0,,,2037,
2026-05-02,大田,デラウェア,各地,相対,2.0,818.0,818.0,9720.0,9180.0,7560.0,4860,4590,3780
2026-05-02,板橋,デラウェア,各地,相対,2.0,100.0,100.0,,5400.0,,,2700,
2026-05-02,淀橋,デラウェア,各地,相対,2.0,209.0,209.0,10800.0,,,5400,,
2026-05-02,豊洲,デラウェア,各地,相対,2.0,32.0,41.0,,9720.0,,,4860,
2026-05-06,大田,デラウェア,各地,相対,2.0,886.0,886.0,8640.0,8640.0,7560.0,4320,4320,3780
2026-05-06,淀橋,デラウェア,各地,相対,2.0,195.0,195.0,8640.0,,6480.0,4320,,3240
2026-05-06,豊洲,デラウェア,各地,第三者販売,2.0,70.0,100.0,9180.0,,8100.0,4590,,4050
2026-05-07,大田,デラウェア,各地,相対,2.0,579.0,579.0,8640.0,8640.0,7560.0,4320,4320,3780
2026-05-07,板橋,デラウェア,各地,相対,2.0,100.0,100.0,,5400.0,,,2700,
2026-05-07,淀橋,デラウェア,各地,相対,2.0,165.0,165.0,8640.0,,6480.0,4320,,3240
2026-05-07,豊洲,デラウェア,各地,相対,2.0,17.0,53.0,,8100.0,,,4050,
2026-05-07,豊洲,デラウェア,各地,第三者販売,2.0,36.0,53.0,9180.0,,8100.0,4590,,4050
2026-05-08,大田,デラウェア,各地,相対,2.0,53.0,53.0,8640.0,,,4320,,
2026-05-08,板橋,デラウェア,各地,相対,2.0,400.0,400.0,,5400.0,,,2700,
2026-05-09,大田,デラウェア,各地,相対,2.0,919.0,919.0,8640.0,8640.0,6480.0,4320,4320,3240
2026-05-09,淀橋,デラウェア,各地,相対,2.0,237.0,237.0,8640.0,,7560.0,4320,,3780
2026-05-09,豊洲,デラウェア,各地,相対,2.0,41.0,56.0,8640.0,,7560.0,4320,,3780
2026-05-11,淀橋,デラウェア,各地,相対,2.0,150.0,150.0,7560.0,,,3780,,
2026-05-11,淀橋,デラウェア,島根,相対,2.0,150.0,150.0,6480.0,5400.0,4860.0,3240,2700,2430
2026-05-12,大田,デラウェア,各地,相対,2.0,1204.0,1207.0,11880.0,8640.0,6480.0,5940,4320,3240
2026-05-12,淀橋,デラウェア,各地,相対,2.0,404.0,404.0,7560.0,,6480.0,3780,,3240
2026-05-12,豊洲,デラウェア,各地,相対,2.0,56.0,72.0,,7560.0,,,3780,
2026-05-12,豊洲,デラウェア,各地,第三者販売,2.0,16.0,72.0,,7560.0,,,3780,
2026-05-14,大田,デラウェア,各地,相対,2.0,1188.0,1191.0,11880.0,8640.0,5400.0,5940,4320,2700
2026-05-14,板橋,デラウェア,各地,相対,2.0,100.0,100.0,,5400.0,,,2700,
2026-05-14,淀橋,デラウェア,各地,相対,2.0,159.0,159.0,7560.0,,6480.0,3780,,3240
2026-05-14,豊洲,デラウェア,各地,相対,2.0,50.0,56.0,10800.0,,6480.0,5400,,3240
2026-05-14,豊洲,デラウェア,各地,第三者販売,2.0,6.0,56.0,10800.0,,7560.0,5400,,3780
2026-05-16,大田,デラウェア,各地,相対,2.0,1169.0,1169.0,11880.0,9180.0,6480.0,5940,4590,3240
2026-05-16,板橋,デラウェア,各地,相対,2.0,100.0,100.0,,5400.0,,,2700,
2026-05-16,淀橋,デラウェア,各地,相対,2.0,270.0,270.0,6480.0,,,3240,,
2026-05-16,豊洲,デラウェア,各地,相対,2.0,46.0,51.0,10800.0,,6480.0,5400,,3240
2026-05-16,豊洲,デラウェア,各地,第三者販売,2.0,5.0,51.0,,6480.0,,,3240,
2026-05-18,板橋,デラウェア,各地,相対,2.0,1400.0,1400.0,,5400.0,,,2700,
2026-05-19,大田,デラウェア,各地,相対,2.0,1690.0,1690.0,10800.0,,6480.0,5400,,3240
2026-05-19,淀橋,デラウェア,各地,相対,2.0,401.0,401.0,7020.0,,5940.0,3510,,2970
2026-05-19,豊洲,デラウェア,各地,相対,2.0,44.0,59.0,9720.0,,7020.0,4860,,3510
2026-05-19,豊洲,デラウェア,各地,第三者販売,2.0,15.0,59.0,7020.0,,5940.0,3510,,2970
2026-05-21,大田,デラウェア,各地,相対,2.0,2513.0,2528.0,10800.0,7560.0,5940.0,5400,3780,2970
2026-05-21,大田,デラウェア,島根,相対,2.0,2513.0,2528.0,5184.0,5076.0,4968.0,2592,2538,2484
2026-05-21,板橋,デラウェア,各地,相対,2.0,100.0,100.0,,5400.0,,,2700,
2026-05-21,淀橋,デラウェア,各地,相対,2.0,566.0,566.0,7020.0,,,3510,,
2026-05-21,淀橋,デラウェア,大阪,相対,0.3,566.0,566.0,810.0,,,2700,,
2026-05-21,豊洲,デラウェア,各地,相対,2.0,55.0,55.0,9720.0,,7020.0,4860,,3510
2026-05-22,多摩NT,デラウェア,各地,相対,2.0,60.0,60.0,10800.0,,,5400,,
2026-05-22,大田,デラウェア,島根,相対,2.0,1447.0,1453.0,4752.0,4644.0,4536.0,2376,2322,2268
2026-05-22,板橋,デラウェア,各地,相対,2.0,100.0,100.0,,6480.0,,,3240,
2026-05-23,多摩NT,デラウェア,各地,相対,2.0,6.0,6.0,10800.0,,,5400,,
2026-05-23,大田,デラウェア,各地,相対,2.0,3419.0,3419.0,10800.0,8640.0,5400.0,5400,4320,2700
2026-05-23,大田,デラウェア,島根,相対,2.0,3419.0,3419.0,4752.0,4633.0,4536.0,2376,2316,2268
2026-05-23,板橋,デラウェア,各地,相対,2.0,200.0,200.0,,5400.0,,,2700,
2026-05-23,淀橋,デラウェア,各地,相対,2.0,816.0,816.0,6480.0,,,3240,,
2026-05-23,淀橋,デラウェア,大阪,相対,0.3,816.0,816.0,810.0,,,2700,,
2026-05-23,豊洲,デラウェア,各地,相対,2.0,56.0,56.0,10800.0,,7020.0,5400,,3510
2026-05-25,大田,デラウェア,島根,相対,2.0,2396.0,2396.0,4536.0,4288.0,4104.0,2268,2144,2052
2026-05-26,多摩NT,デラウェア,各地,相対,2.0,78.0,78.0,10800.0,,,5400,,
2026-05-26,大田,デラウェア,各地,相対,2.0,3710.0,3710.0,9720.0,7344.0,4860.0,4860,3672,2430
2026-05-26,大田,デラウェア,島根,相対,2.0,3710.0,3710.0,4536.0,4320.0,4104.0,2268,2160,2052
2026-05-26,板橋,デラウェア,各地,相対,2.0,200.0,200.0,,6480.0,,,3240,
2026-05-26,淀橋,デラウェア,大阪,相対,0.3,674.0,674.0,810.0,,,2700,,
2026-05-26,豊洲,デラウェア,各地,相対,2.0,44.0,46.0,9720.0,,6480.0,4860,,3240
2026-05-26,豊洲,デラウェア,各地,第三者販売,2.0,2.0,46.0,,8640.0,,,4320,
2026-05-28,多摩NT,デラウェア,各地,相対,2.0,60.0,60.0,10800.0,,,5400,,
2026-05-28,大田,デラウェア,各地,相対,2.0,4557.0,4558.0,9720.0,7236.0,4860.0,4860,3618,2430
2026-05-28,大田,デラウェア,島根,相対,2.0,4557.0,4558.0,4320.0,4104.0,3888.0,2160,2052,1944
2026-05-28,板橋,デラウェア,大阪,相対,0.3,394.0,400.0,540.0,464.0,378.0,1800,1547,1260
2026-05-28,板橋,デラウェア,大阪,第三者販売,0.3,6.0,400.0,540.0,,,1800,,
2026-05-28,淀橋,デラウェア,大阪,相対,0.3,704.0,704.0,756.0,,,2520,,
2026-05-28,豊島,デラウェア,大阪,相対,0.3,400.0,400.0,756.0,680.0,572.0,2520,2267,1907
2026-05-28,豊洲,デラウェア,各地,相対,2.0,45.0,46.0,8640.0,,5940.0,4320,,2970
2026-05-29,北足立,デラウェア,大阪,相対,0.3,600.0,600.0,648.0,,,2160,,
2026-05-29,大田,デラウェア,大阪,相対,0.3,2947.0,2947.0,648.0,,486.0,2160,,1620
2026-05-29,大田,デラウェア,島根,相対,2.0,2947.0,2947.0,4320.0,4082.0,3888.0,2160,2041,1944
2026-05-29,板橋,デラウェア,大阪,相対,0.3,394.0,400.0,540.0,486.0,378.0,1800,1620,1260
2026-05-29,板橋,デラウェア,大阪,第三者販売,0.3,6.0,400.0,540.0,,,1800,,
2026-05-29,葛西,デラウェア,各地,相対,2.0,200.0,200.0,,540.0,,,270,
2026-05-29,豊洲,デラウェア,大阪,相対,0.3,224.0,302.0,594.0,,486.0,1980,,1620
2026-05-29,豊洲,デラウェア,大阪,第三者販売,0.3,78.0,302.0,648.0,594.0,540.0,2160,1980,1800
2026-05-30,多摩NT,デラウェア,各地,相対,2.0,72.0,72.0,10800.0,,,5400,,
2026-05-30,大田,デラウェア,各地,相対,2.0,4821.0,4821.0,9180.0,7668.0,4860.0,4590,3834,2430
2026-05-30,大田,デラウェア,島根,相対,2.0,4821.0,4821.0,4320.0,4082.0,3888.0,2160,2041,1944
2026-05-30,板橋,デラウェア,大阪,相対,0.3,388.0,400.0,518.0,454.0,356.0,1727,1513,1187
2026-05-30,板橋,デラウェア,大阪,第三者販売,0.3,12.0,400.0,518.0,,,1727,,
2026-05-30,淀橋,デラウェア,各地,相対,2.0,932.0,932.0,6480.0,,5400.0,3240,,2700
2026-05-30,豊島,デラウェア,大阪,相対,0.3,300.0,300.0,734.0,648.0,540.0,2447,2160,1800
2026-05-30,豊洲,デラウェア,各地,相対,2.0,403.0,410.0,8640.0,,6480.0,4320,,3240
2026-05-30,豊洲,デラウェア,各地,第三者販売,2.0,7.0,410.0,,8640.0,,,4320,
2026-05-30,豊洲,デラウェア,大阪,相対,0.3,403.0,410.0,648.0,,540.0,2160,,1800
2026-06-01,大田,デラウェア,島根,相対,2.0,3497.0,3584.0,4104.0,3888.0,3672.0,2052,1944,1836
2026-06-01,板橋,デラウェア,各地,相対,2.0,594.0,600.0,,5400.0,,,2700,
2026-06-01,板橋,デラウェア,大阪,相対,0.3,594.0,600.0,540.0,454.0,356.0,1800,1513,1187
2026-06-01,板橋,デラウェア,大阪,第三者販売,0.3,6.0,600.0,518.0,,,1727,,
2026-06-02,北足立,デラウェア,各地,相対,0.3,100.0,100.0,,648.0,,,2160,
2026-06-02,多摩NT,デラウェア,大阪,相対,0.3,42.0,42.0,648.0,594.0,540.0,2160,1980,1800
2026-06-02,大田,デラウェア,各地,相対,2.0,6020.0,6020.0,8100.0,6696.0,4320.0,4050,3348,2160
2026-06-02,大田,デラウェア,大阪,相対,0.3,6020.0,6020.0,594.0,551.0,432.0,1980,1837,1440
2026-06-02,大田,デラウェア,島根,相対,2.0,6020.0,6020.0,4104.0,3888.0,3672.0,2052,1944,1836
2026-06-02,板橋,デラウェア,各地,相対,2.0,694.0,700.0,,5400.0,,,2700,
2026-06-02,板橋,デラウェア,大阪,相対,0.3,694.0,700.0,518.0,464.0,356.0,1727,1547,1187
2026-06-02,板橋,デラウェア,大阪,第三者販売,0.3,6.0,700.0,518.0,432.0,324.0,1727,1440,1080
2026-06-02,淀橋,デラウェア,大阪,相対,0.3,991.0,991.0,648.0,,,2160,,
2026-06-02,豊島,デラウェア,大阪,相対,0.3,300.0,300.0,734.0,648.0,540.0,2447,2160,1800
2026-06-02,豊洲,デラウェア,各地,相対,2.0,190.0,823.0,8100.0,,5400.0,4050,,2700
2026-06-02,豊洲,デラウェア,大阪,相対,0.3,190.0,823.0,626.0,540.0,378.0,2087,1800,1260
2026-06-02,豊洲,デラウェア,大阪,第三者販売,0.3,633.0,823.0,626.0,,572.0,2087,,1907
2026-06-04,北足立,デラウェア,各地,相対,0.3,700.0,700.0,,648.0,,,2160,
2026-06-04,北足立,デラウェア,大阪,相対,0.3,700.0,700.0,594.0,,,1980,,
2026-06-04,多摩NT,デラウェア,大阪,相対,0.3,72.0,72.0,648.0,594.0,540.0,2160,1980,1800
2026-06-04,大田,デラウェア,各地,相対,2.0,7216.0,7219.0,8100.0,6264.0,4320.0,4050,3132,2160
2026-06-04,大田,デラウェア,大阪,相対,0.3,7216.0,7219.0,562.0,518.0,400.0,1873,1727,1333
2026-06-04,大田,デラウェア,島根,相対,2.0,7216.0,7219.0,3996.0,3888.0,3672.0,1998,1944,1836
2026-06-04,板橋,デラウェア,大阪,相対,0.3,688.0,700.0,486.0,421.0,324.0,1620,1403,1080
2026-06-04,板橋,デラウェア,大阪,第三者販売,0.3,12.0,700.0,486.0,,,1620,,
2026-06-04,淀橋,デラウェア,各地,相対,2.0,1241.0,1241.0,5400.0,,,2700,,
2026-06-04,淀橋,デラウェア,大阪,相対,0.3,1241.0,1241.0,648.0,,,2160,,
2026-06-04,葛西,デラウェア,各地,相対,2.0,200.0,200.0,,540.0,,,270,
2026-06-04,豊島,デラウェア,大阪,相対,0.3,400.0,400.0,648.0,540.0,432.0,2160,1800,1440
2026-06-04,豊洲,デラウェア,各地,相対,2.0,779.0,875.0,8100.0,,4860.0,4050,,2430
2026-06-04,豊洲,デラウェア,大阪,相対,0.3,779.0,875.0,594.0,,518.0,1980,,1727
2026-06-04,豊洲,デラウェア,大阪,第三者販売,0.3,96.0,875.0,594.0,540.0,486.0,1980,1800,1620
2026-06-05,多摩NT,デラウェア,大阪,相対,0.3,12.0,12.0,648.0,594.0,540.0,2160,1980,1800
2026-06-05,大田,デラウェア,島根,相対,2.0,5664.0,5664.0,4104.0,3780.0,3456.0,2052,1890,1728
2026-06-05,板橋,デラウェア,大阪,相対,0.3,588.0,600.0,486.0,421.0,324.0,1620,1403,1080
2026-06-05,板橋,デラウェア,大阪,第三者販売,0.3,12.0,600.0,486.0,,,1620,,
2026-06-05,淀橋,デラウェア,大阪,相対,0.3,781.0,781.0,648.0,,,2160,,
2026-06-05,豊島,デラウェア,大阪,相対,0.3,200.0,200.0,626.0,540.0,432.0,2087,1800,1440
2026-06-06,世田谷,デラウェア,大阪,相対,0.3,100.0,100.0,,464.0,,,1547,
2026-06-06,北足立,デラウェア,各地,相対,0.3,700.0,700.0,,648.0,,,2160,
2026-06-06,北足立,デラウェア,大阪,相対,0.3,700.0,700.0,594.0,,,1980,,
2026-06-06,多摩NT,デラウェア,大阪,相対,0.3,12.0,12.0,648.0,594.0,540.0,2160,1980,1800
2026-06-06,大田,デラウェア,各地,相対,2.0,8843.0,8863.0,8100.0,7560.0,4320.0,4050,3780,2160
2026-06-06,大田,デラウェア,大阪,相対,0.3,8843.0,8863.0,562.0,508.0,378.0,1873,1693,1260
2026-06-06,大田,デラウェア,島根,相対,2.0,8843.0,8863.0,3996.0,3780.0,3456.0,1998,1890,1728
2026-06-06,板橋,デラウェア,大阪,相対,0.3,588.0,600.0,486.0,421.0,324.0,1620,1403,1080
2026-06-06,板橋,デラウェア,大阪,第三者販売,0.3,12.0,600.0,486.0,,,1620,,
2026-06-06,淀橋,デラウェア,大阪,相対,0.3,1082.0,1082.0,648.0,,,2160,,
2026-06-06,葛西,デラウェア,各地,相対,2.0,100.0,100.0,,540.0,,,270,
2026-06-06,豊島,デラウェア,大阪,相対,0.3,300.0,300.0,594.0,540.0,432.0,1980,1800,1440
2026-06-06,豊洲,デラウェア,各地,相対,2.0,142.0,792.0,,8100.0,,,4050,
2026-06-06,豊洲,デラウェア,大阪,相対,0.3,142.0,792.0,594.0,540.0,464.0,1980,1800,1547
2026-06-06,豊洲,デラウェア,大阪,第三者販売,0.3,650.0,792.0,594.0,518.0,464.0,1980,1727,1547
2026-06-08,多摩NT,デラウェア,大阪,相対,0.3,36.0,36.0,648.0,594.0,540.0,2160,1980,1800
2026-06-08,大田,デラウェア,各地,相対,2.0,7384.0,7384.0,5940.0,5076.0,4320.0,2970,2538,2160
2026-06-08,大田,デラウェア,大阪,相対,0.3,7384.0,7384.0,594.0,518.0,,1980,1727,
2026-06-08,大田,デラウェア,島根,相対,2.0,7384.0,7384.0,3780.0,3564.0,3240.0,1890,1782,1620
2026-06-08,板橋,デラウェア,各地,相対,2.0,928.0,1000.0,,5400.0,,,2700,
2026-06-08,板橋,デラウェア,大阪,相対,0.3,928.0,1000.0,486.0,421.0,324.0,1620,1403,1080
2026-06-08,板橋,デラウェア,大阪,第三者販売,0.3,72.0,1000.0,486.0,,432.0,1620,,1440
2026-06-08,淀橋,デラウェア,大阪,相対,0.3,963.0,963.0,626.0,,,2087,,
2026-06-08,豊島,デラウェア,大阪,相対,0.3,400.0,400.0,594.0,540.0,432.0,1980,1800,1440
2026-06-08,豊洲,デラウェア,大阪,相対,0.3,264.0,300.0,572.0,,518.0,1907,,1727
2026-06-08,豊洲,デラウェア,大阪,第三者販売,0.3,36.0,300.0,572.0,518.0,454.0,1907,1727,1513
2026-06-09,北足立,デラウェア,各地,相対,0.3,1100.0,1100.0,648.0,,,2160,,
2026-06-09,多摩NT,デラウェア,大阪,相対,0.3,73.0,73.0,648.0,594.0,540.0,2160,1980,1800
2026-06-09,大田,デラウェア,各地,相対,2.0,9492.0,9492.0,5940.0,5400.0,,2970,2700,
2026-06-09,大田,デラウェア,大阪,相対,0.3,9492.0,9492.0,508.0,486.0,378.0,1693,1620,1260
2026-06-09,大田,デラウェア,島根,相対,2.0,9492.0,9492.0,3780.0,3564.0,3240.0,1890,1782,1620
2026-06-09,板橋,デラウェア,各地,相対,2.0,658.0,700.0,,5400.0,,,2700,
2026-06-09,板橋,デラウェア,大阪,相対,0.3,658.0,700.0,486.0,421.0,324.0,1620,1403,1080
2026-06-09,板橋,デラウェア,大阪,第三者販売,0.3,42.0,700.0,486.0,,432.0,1620,,1440
2026-06-09,淀橋,デラウェア,大阪,相対,0.3,1149.0,1149.0,626.0,,,2087,,
2026-06-09,葛西,デラウェア,大阪,相対,0.3,200.0,200.0,,432.0,,,1440,
2026-06-09,豊島,デラウェア,大阪,相対,0.3,400.0,400.0,572.0,508.0,432.0,1907,1693,1440
2026-06-09,豊洲,デラウェア,各地,相対,2.0,656.0,759.0,,8100.0,,,4050,
2026-06-09,豊洲,デラウェア,大阪,相対,0.3,656.0,759.0,572.0,,486.0,1907,,1620
2026-06-09,豊洲,デラウェア,大阪,第三者販売,0.3,103.0,759.0,572.0,,518.0,1907,,1727
2026-06-11,北足立,デラウェア,各地,相対,0.3,1400.0,1400.0,648.0,,,2160,,
2026-06-11,北足立,デラウェア,大阪,相対,0.3,1400.0,1400.0,518.0,,,1727,,
2026-06-11,多摩NT,デラウェア,大阪,相対,0.3,66.0,66.0,648.0,594.0,540.0,2160,1980,1800
2026-06-11,大田,デラウェア,各地,相対,2.0,12150.0,12206.0,8100.0,7236.0,5400.0,4050,3618,2700
2026-06-11,大田,デラウェア,大阪,相対,0.3,12150.0,12206.0,540.0,464.0,378.0,1800,1547,1260
2026-06-11,大田,デラウェア,島根,相対,2.0,12150.0,12206.0,3780.0,3564.0,3240.0,1890,1782,1620
2026-06-11,板橋,デラウェア,各地,相対,2.0,852.0,900.0,,5400.0,,,2700,
2026-06-11,板橋,デラウェア,大阪,相対,0.3,852.0,900.0,486.0,421.0,324.0,1620,1403,1080
2026-06-11,板橋,デラウェア,大阪,第三者販売,0.3,48.0,900.0,486.0,,432.0,1620,,1440
2026-06-11,淀橋,デラウェア,大阪,相対,0.3,1469.0,1469.0,626.0,,,2087,,
2026-06-11,葛西,デラウェア,大阪,相対,0.3,100.0,100.0,,486.0,,,1620,
2026-06-11,豊島,デラウェア,大阪,相対,0.3,400.0,400.0,572.0,486.0,378.0,1907,1620,1260
2026-06-11,豊洲,デラウェア,各地,相対,2.0,665.0,737.0,,7560.0,,,3780,
2026-06-11,豊洲,デラウェア,大阪,相対,0.3,665.0,737.0,540.0,486.0,432.0,1800,1620,1440
2026-06-11,豊洲,デラウェア,大阪,第三者販売,0.3,72.0,737.0,540.0,,432.0,1800,,1440
2026-06-12,多摩NT,デラウェア,大阪,相対,0.3,5.0,5.0,648.0,594.0,540.0,2160,1980,1800
2026-06-12,大田,デラウェア,各地,相対,2.0,6712.0,6712.0,5400.0,,,2700,,
2026-06-12,大田,デラウェア,大阪,相対,0.3,6712.0,6712.0,518.0,,,1727,,
2026-06-12,大田,デラウェア,島根,相対,2.0,6712.0,6712.0,3780.0,3564.0,3240.0,1890,1782,1620
2026-06-12,板橋,デラウェア,大阪,相対,0.3,528.0,600.0,486.0,410.0,324.0,1620,1367,1080
2026-06-12,板橋,デラウェア,大阪,第三者販売,0.3,72.0,600.0,486.0,432.0,378.0,1620,1440,1260
2026-06-12,淀橋,デラウェア,大阪,相対,0.3,984.0,984.0,594.0,,,1980,,
2026-06-12,豊島,デラウェア,大阪,相対,0.3,200.0,200.0,540.0,486.0,410.0,1800,1620,1367
2026-06-12,豊洲,デラウェア,大阪,相対,0.3,132.0,352.0,540.0,,486.0,1800,,1620
2026-06-12,豊洲,デラウェア,大阪,第三者販売,0.3,220.0,352.0,572.0,540.0,432.0,1907,1800,1440
2026-06-13,北足立,デラウェア,各地,相対,0.3,2000.0,2000.0,648.0,,,2160,,
2026-06-13,北足立,デラウェア,大阪,相対,0.3,2000.0,2000.0,486.0,,,1620,,
2026-06-13,多摩NT,デラウェア,大阪,相対,0.3,126.0,126.0,648.0,594.0,540.0,2160,1980,1800
2026-06-13,大田,デラウェア,各地,相対,2.0,10889.0,10889.0,7560.0,7236.0,5400.0,3780,3618,2700
2026-06-13,大田,デラウェア,大阪,相対,0.3,10889.0,10889.0,518.0,432.0,324.0,1727,1440,1080
2026-06-13,大田,デラウェア,島根,相対,2.0,10889.0,10889.0,3780.0,3564.0,3240.0,1890,1782,1620
2026-06-13,板橋,デラウェア,各地,相対,2.0,754.0,800.0,,5400.0,,,2700,
2026-06-13,板橋,デラウェア,大阪,相対,0.3,754.0,800.0,486.0,421.0,324.0,1620,1403,1080
2026-06-13,板橋,デラウェア,大阪,第三者販売,0.3,46.0,800.0,486.0,432.0,378.0,1620,1440,1260
2026-06-13,淀橋,デラウェア,大阪,相対,0.3,1598.0,1598.0,594.0,,,1980,,
2026-06-13,葛西,デラウェア,大阪,相対,0.3,100.0,100.0,,486.0,,,1620,
2026-06-13,豊島,デラウェア,大阪,相対,0.3,400.0,400.0,540.0,486.0,378.0,1800,1620,1260
2026-06-13,豊洲,デラウェア,各地,第三者販売,2.0,168.0,899.0,7020.0,,5940.0,3510,,2970
2026-06-13,豊洲,デラウェア,大阪,相対,0.3,731.0,899.0,540.0,486.0,432.0,1800,1620,1440
2026-06-13,豊洲,デラウェア,大阪,第三者販売,0.3,168.0,899.0,540.0,486.0,432.0,1800,1620,1440
2026-06-15,北足立,デラウェア,各地,相対,0.3,1700.0,1700.0,,594.0,,,1980,
2026-06-15,北足立,デラウェア,大阪,相対,0.3,1700.0,1700.0,486.0,,,1620,,
2026-06-15,多摩NT,デラウェア,大阪,相対,0.3,60.0,60.0,648.0,594.0,540.0,2160,1980,1800
2026-06-15,大田,デラウェア,各地,相対,2.0,12338.0,12338.0,5400.0,,,2700,,
2026-06-15,大田,デラウェア,大阪,相対,0.3,12338.0,12338.0,508.0,432.0,324.0,1693,1440,1080
2026-06-15,大田,デラウェア,島根,相対,2.0,12338.0,12338.0,3564.0,3348.0,3132.0,1782,1674,1566
2026-06-15,板橋,デラウェア,各地,相対,2.0,764.0,800.0,,5400.0,,,2700,
2026-06-15,板橋,デラウェア,大阪,相対,0.3,764.0,800.0,486.0,410.0,324.0,1620,1367,1080
2026-06-15,板橋,デラウェア,大阪,第三者販売,0.3,36.0,800.0,486.0,,432.0,1620,,1440
2026-06-15,淀橋,デラウェア,大阪,相対,0.3,1351.0,1351.0,540.0,,,1800,,
2026-06-15,豊島,デラウェア,大阪,相対,0.3,400.0,400.0,540.0,486.0,378.0,1800,1620,1260
2026-06-15,豊洲,デラウェア,大阪,相対,0.3,569.0,665.0,508.0,432.0,270.0,1693,1440,900
2026-06-15,豊洲,デラウェア,大阪,第三者販売,0.3,96.0,665.0,454.0,,378.0,1513,,1260
2026-06-16,世田谷,デラウェア,大阪,相対,0.3,800.0,800.0,594.0,,,1980,,
2026-06-16,大田,デラウェア,各地,相対,2.0,11050.0,11050.0,7560.0,7344.0,5400.0,3780,3672,2700
2026-06-16,大田,デラウェア,大阪,相対,0.3,11050.0,11050.0,486.0,432.0,324.0,1620,1440,1080
2026-06-16,大田,デラウェア,島根,相対,2.0,11050.0,11050.0,3564.0,3348.0,3132.0,1782,1674,1566
2026-06-16,板橋,デラウェア,大阪,相対,0.3,686.0,700.0,486.0,421.0,324.0,1620,1403,1080
2026-06-16,板橋,デラウェア,大阪,第三者販売,0.3,14.0,700.0,486.0,,,1620,,
2026-06-16,淀橋,デラウェア,大阪,相対,0.3,1372.0,1372.0,540.0,,,1800,,
2026-06-16,葛西,デラウェア,大阪,相対,0.3,300.0,300.0,,432.0,,,1440,
2026-06-16,豊島,デラウェア,大阪,相対,0.3,400.0,400.0,540.0,432.0,356.0,1800,1440,1187
2026-06-16,豊洲,デラウェア,各地,相対,2.0,726.0,934.0,,7020.0,,,3510,
2026-06-16,豊洲,デラウェア,各地,第三者販売,2.0,208.0,934.0,,7020.0,,,3510,
2026-06-16,豊洲,デラウェア,大阪,相対,0.3,726.0,934.0,508.0,378.0,270.0,1693,1260,900
2026-06-16,豊洲,デラウェア,大阪,第三者販売,0.3,208.0,934.0,508.0,,400.0,1693,,1333
2026-06-18,北足立,デラウェア,大阪,相対,0.3,2000.0,2000.0,486.0,,,1620,,
2026-06-18,多摩NT,デラウェア,大阪,相対,0.3,180.0,180.0,648.0,594.0,540.0,2160,1980,1800
2026-06-18,大田,デラウェア,各地,相対,2.0,13518.0,13537.0,6480.0,,,3240,,
2026-06-18,大田,デラウェア,大阪,相対,0.3,13518.0,13537.0,486.0,432.0,324.0,1620,1440,1080
2026-06-18,大田,デラウェア,島根,相対,2.0,13518.0,13537.0,3456.0,3240.0,3024.0,1728,1620,1512
2026-06-18,板橋,デラウェア,各地,相対,2.0,757.0,800.0,,5400.0,,,2700,
2026-06-18,板橋,デラウェア,大阪,相対,0.3,757.0,800.0,486.0,410.0,324.0,1620,1367,1080
2026-06-18,板橋,デラウェア,大阪,第三者販売,0.3,43.0,800.0,486.0,432.0,378.0,1620,1440,1260
2026-06-18,淀橋,デラウェア,大阪,相対,0.3,1731.0,1731.0,540.0,,,1800,,
2026-06-18,葛西,デラウェア,大阪,相対,0.3,400.0,400.0,,378.0,,,1260,
2026-06-18,豊島,デラウェア,大阪,相対,0.3,400.0,400.0,540.0,486.0,378.0,1800,1620,1260
2026-06-18,豊洲,デラウェア,各地,相対,2.0,779.0,855.0,,7020.0,,,3510,
2026-06-18,豊洲,デラウェア,各地,第三者販売,2.0,76.0,855.0,,7020.0,,,3510,
2026-06-18,豊洲,デラウェア,大阪,相対,0.3,779.0,855.0,454.0,324.0,270.0,1513,1080,900
2026-06-18,豊洲,デラウェア,大阪,第三者販売,0.3,76.0,855.0,486.0,,324.0,1620,,1080
2026-06-19,世田谷,デラウェア,大阪,相対,0.3,200.0,200.0,486.0,,,1620,,
2026-06-19,北足立,デラウェア,大阪,相対,0.3,1400.0,1400.0,486.0,,,1620,,
2026-06-19,多摩NT,デラウェア,大阪,相対,0.3,132.0,132.0,648.0,594.0,540.0,2160,1980,1800
2026-06-19,大田,デラウェア,各地,相対,2.0,10670.0,10706.0,5400.0,,,2700,,
2026-06-19,大田,デラウェア,大阪,相対,0.3,10670.0,10706.0,540.0,432.0,324.0,1800,1440,1080
2026-06-19,大田,デラウェア,島根,相対,2.0,10670.0,10706.0,3456.0,3240.0,3024.0,1728,1620,1512
2026-06-19,板橋,デラウェア,大阪,相対,0.3,556.0,600.0,486.0,410.0,324.0,1620,1367,1080
2026-06-19,板橋,デラウェア,大阪,第三者販売,0.3,44.0,600.0,486.0,432.0,378.0,1620,1440,1260
2026-06-19,淀橋,デラウェア,大阪,相対,0.3,1337.0,1337.0,540.0,,,1800,,
2026-06-19,葛西,デラウェア,大阪,相対,0.3,300.0,300.0,,378.0,,,1260,
2026-06-19,豊島,デラウェア,大阪,相対,0.3,500.0,500.0,540.0,432.0,356.0,1800,1440,1187
2026-06-19,豊洲,デラウェア,大阪,相対,0.3,560.0,848.0,486.0,,454.0,1620,,1513
2026-06-19,豊洲,デラウェア,大阪,第三者販売,0.3,288.0,848.0,486.0,454.0,378.0,1620,1513,1260
2026-06-20,北足立,デラウェア,大阪,相対,0.3,2100.0,2100.0,486.0,,,1620,,
2026-06-20,多摩NT,デラウェア,大阪,相対,0.3,132.0,132.0,648.0,594.0,540.0,2160,1980,1800
2026-06-20,大田,デラウェア,各地,相対,2.0,12789.0,12789.0,6480.0,5184.0,3024.0,3240,2592,1512
2026-06-20,大田,デラウェア,大阪,相対,0.3,12789.0,12789.0,518.0,421.0,324.0,1727,1403,1080
2026-06-20,大田,デラウェア,島根,相対,2.0,12789.0,12789.0,3456.0,3240.0,3024.0,1728,1620,1512
2026-06-20,板橋,デラウェア,各地,相対,2.0,793.0,800.0,,5400.0,,,2700,
2026-06-20,板橋,デラウェア,大阪,相対,0.3,793.0,800.0,486.0,410.0,324.0,1620,1367,1080
2026-06-20,板橋,デラウェア,大阪,第三者販売,0.3,7.0,800.0,486.0,,,1620,,
2026-06-20,淀橋,デラウェア,大阪,相対,0.3,1738.0,1738.0,540.0,,,1800,,
2026-06-20,葛西,デラウェア,大阪,相対,0.3,100.0,100.0,,378.0,,,1260,
2026-06-20,豊島,デラウェア,大阪,相対,0.3,400.0,400.0,540.0,454.0,356.0,1800,1513,1187
2026-06-20,豊洲,デラウェア,各地,相対,2.0,618.0,820.0,,7020.0,,,3510,
2026-06-20,豊洲,デラウェア,各地,第三者販売,2.0,202.0,820.0,,7020.0,,,3510,
2026-06-20,豊洲,デラウェア,大阪,相対,0.3,618.0,820.0,486.0,,454.0,1620,,1513
2026-06-20,豊洲,デラウェア,大阪,第三者販売,0.3,202.0,820.0,486.0,,454.0,1620,,1513
2026-06-22,北足立,デラウェア,大阪,相対,0.3,2500.0,2500.0,486.0,,,1620,,
2026-06-22,多摩NT,デラウェア,大阪,相対,0.3,120.0,120.0,648.0,594.0,540.0,2160,1980,1800
2026-06-22,大田,デラウェア,各地,相対,2.0,13958.0,13999.0,5400.0,3456.0,3024.0,2700,1728,1512
2026-06-22,大田,デラウェア,大阪,相対,0.3,13958.0,13999.0,454.0,400.0,292.0,1513,1333,973
2026-06-22,大田,デラウェア,島根,相対,2.0,13958.0,13999.0,3240.0,3024.0,2808.0,1620,1512,1404
2026-06-22,板橋,デラウェア,各地,相対,2.0,882.0,900.0,,5400.0,,,2700,
2026-06-22,板橋,デラウェア,大阪,相対,0.3,882.0,900.0,486.0,389.0,324.0,1620,1297,1080
2026-06-22,板橋,デラウェア,大阪,第三者販売,0.3,18.0,900.0,464.0,,,1547,,
2026-06-22,淀橋,デラウェア,大阪,相対,0.3,1570.0,1570.0,518.0,,,1727,,
2026-06-22,葛西,デラウェア,大阪,相対,0.3,300.0,300.0,,378.0,,,1260,
2026-06-22,豊島,デラウェア,大阪,相対,0.3,500.0,500.0,540.0,464.0,324.0,1800,1547,1080
2026-06-22,豊洲,デラウェア,大阪,相対,0.3,712.0,772.0,454.0,432.0,324.0,1513,1440,1080
2026-06-22,豊洲,デラウェア,大阪,第三者販売,0.3,60.0,772.0,432.0,,324.0,1440,,1080
2026-06-23,世田谷,デラウェア,大阪,相対,0.3,10.0,10.0,540.0,,324.0,1800,,1080
2026-06-23,北足立,デラウェア,大阪,相対,0.3,3100.0,3100.0,486.0,,,1620,,
2026-06-23,多摩NT,デラウェア,大阪,相対,0.3,12.0,12.0,648.0,594.0,540.0,2160,1980,1800
2026-06-23,大田,デラウェア,各地,相対,2.0,12627.0,12627.0,6480.0,2916.0,2592.0,3240,1458,1296
2026-06-23,大田,デラウェア,大阪,相対,0.3,12627.0,12627.0,540.0,400.0,292.0,1800,1333,973
2026-06-23,大田,デラウェア,島根,相対,2.0,12627.0,12627.0,3240.0,3024.0,2808.0,1620,1512,1404
2026-06-23,板橋,デラウェア,各地,相対,2.0,894.0,900.0,,5400.0,,,2700,
2026-06-23,板橋,デラウェア,大阪,相対,0.3,894.0,900.0,486.0,400.0,324.0,1620,1333,1080
2026-06-23,板橋,デラウェア,大阪,第三者販売,0.3,6.0,900.0,464.0,,,1547,,
2026-06-23,淀橋,デラウェア,大阪,相対,0.3,1556.0,1556.0,518.0,,,1727,,
2026-06-23,葛西,デラウェア,大阪,相対,0.3,300.0,300.0,,378.0,,,1260,
2026-06-23,豊島,デラウェア,大阪,相対,0.3,500.0,500.0,464.0,410.0,324.0,1547,1367,1080
2026-06-23,豊洲,デラウェア,各地,相対,2.0,538.0,656.0,,7020.0,,,3510,
2026-06-23,豊洲,デラウェア,各地,第三者販売,2.0,118.0,656.0,,7020.0,,,3510,
2026-06-23,豊洲,デラウェア,大阪,相対,0.3,538.0,656.0,454.0,432.0,378.0,1513,1440,1260
2026-06-23,豊洲,デラウェア,大阪,第三者販売,0.3,118.0,656.0,454.0,432.0,324.0,1513,1440,1080
2026-06-25,北足立,デラウェア,大阪,相対,0.3,4100.0,4100.0,486.0,,,1620,,
2026-06-25,多摩NT,デラウェア,大阪,相対,0.3,240.0,240.0,648.0,594.0,540.0,2160,1980,1800
2026-06-25,大田,デラウェア,各地,相対,2.0,18235.0,18238.0,6480.0,2592.0,1944.0,3240,1296,972
2026-06-25,大田,デラウェア,大阪,相対,0.3,18235.0,18238.0,454.0,389.0,270.0,1513,1297,900
2026-06-25,大田,デラウェア,島根,相対,2.0,18235.0,18238.0,3240.0,3024.0,2808.0,1620,1512,1404
2026-06-25,板橋,デラウェア,各地,相対,2.0,988.0,1000.0,,5400.0,,,2700,
2026-06-25,板橋,デラウェア,大阪,相対,0.3,988.0,1000.0,486.0,410.0,324.0,1620,1367,1080
2026-06-25,板橋,デラウェア,大阪,第三者販売,0.3,12.0,1000.0,464.0,,,1547,,
2026-06-25,淀橋,デラウェア,大阪,相対,0.3,1988.0,1988.0,518.0,,,1727,,
2026-06-25,葛西,デラウェア,大阪,相対,0.3,1000.0,1000.0,,378.0,,,1260,
2026-06-25,豊島,デラウェア,大阪,相対,0.3,500.0,500.0,464.0,410.0,324.0,1547,1367,1080
2026-06-25,豊洲,デラウェア,各地,相対,2.0,1068.0,1194.0,,7020.0,,,3510,
2026-06-25,豊洲,デラウェア,大阪,相対,0.3,1068.0,1194.0,454.0,432.0,324.0,1513,1440,1080
2026-06-25,豊洲,デラウェア,大阪,第三者販売,0.3,126.0,1194.0,454.0,432.0,324.0,1513,1440,1080
2026-06-26,北足立,デラウェア,大阪,相対,0.3,3400.0,3400.0,486.0,,,1620,,
2026-06-26,多摩NT,デラウェア,大阪,相対,0.3,180.0,180.0,648.0,594.0,540.0,2160,1980,1800
2026-06-26,大田,デラウェア,各地,相対,2.0,12587.0,12731.0,5400.0,2592.0,1944.0,2700,1296,972
2026-06-26,大田,デラウェア,大阪,せり・入札,0.3,114.0,12731.0,432.0,,,1440,,
2026-06-26,大田,デラウェア,大阪,相対,0.3,12587.0,12731.0,454.0,389.0,270.0,1513,1297,900
2026-06-26,大田,デラウェア,島根,相対,2.0,12587.0,12731.0,3240.0,3024.0,2808.0,1620,1512,1404
2026-06-26,板橋,デラウェア,各地,相対,2.0,752.0,800.0,,5400.0,,,2700,
2026-06-26,板橋,デラウェア,大阪,相対,0.3,752.0,800.0,486.0,378.0,302.0,1620,1260,1007
2026-06-26,板橋,デラウェア,大阪,第三者販売,0.3,48.0,800.0,464.0,432.0,389.0,1547,1440,1297
2026-06-26,淀橋,デラウェア,大阪,相対,0.3,1778.0,1778.0,518.0,,,1727,,
2026-06-26,葛西,デラウェア,大阪,相対,0.3,400.0,400.0,,378.0,,,1260,
2026-06-26,豊島,デラウェア,大阪,相対,0.3,500.0,500.0,464.0,410.0,356.0,1547,1367,1187
2026-06-26,豊洲,デラウェア,大阪,相対,0.3,534.0,630.0,454.0,432.0,324.0,1513,1440,1080
2026-06-26,豊洲,デラウェア,大阪,第三者販売,0.3,96.0,630.0,454.0,432.0,378.0,1513,1440,1260
2026-06-27,北足立,デラウェア,大阪,相対,0.3,3100.0,3100.0,486.0,,,1620,,
2026-06-27,多摩NT,デラウェア,大阪,相対,0.3,182.0,182.0,648.0,594.0,540.0,2160,1980,1800
2026-06-27,大田,デラウェア,各地,相対,2.0,17025.0,17025.0,5940.0,2700.0,1944.0,2970,1350,972
2026-06-27,大田,デラウェア,大阪,相対,0.3,17025.0,17025.0,486.0,389.0,270.0,1620,1297,900
2026-06-27,大田,デラウェア,島根,相対,2.0,17025.0,17025.0,3132.0,3024.0,2700.0,1566,1512,1350
2026-06-27,板橋,デラウェア,大阪,相対,0.3,640.0,700.0,464.0,389.0,302.0,1547,1297,1007
2026-06-27,板橋,デラウェア,大阪,第三者販売,0.3,60.0,700.0,454.0,432.0,,1513,1440,
2026-06-27,淀橋,デラウェア,大阪,相対,0.3,2072.0,2072.0,518.0,,,1727,,
2026-06-27,葛西,デラウェア,大阪,相対,0.3,300.0,300.0,,378.0,,,1260,
2026-06-27,豊島,デラウェア,大阪,相対,0.3,300.0,300.0,464.0,410.0,356.0,1547,1367,1187
2026-06-27,豊洲,デラウェア,各地,相対,2.0,536.0,618.0,,7020.0,,,3510,
2026-06-27,豊洲,デラウェア,各地,第三者販売,2.0,82.0,618.0,,7020.0,,,3510,
2026-06-27,豊洲,デラウェア,大阪,相対,0.3,536.0,618.0,454.0,432.0,324.0,1513,1440,1080
2026-06-27,豊洲,デラウェア,大阪,第三者販売,0.3,82.0,618.0,454.0,432.0,324.0,1513,1440,1080
2026-06-29,北足立,デラウェア,大阪,相対,0.3,3800.0,3800.0,486.0,,,1620,,
2026-06-29,多摩NT,デラウェア,大阪,相対,0.3,172.0,172.0,648.0,594.0,540.0,2160,1980,1800
2026-06-29,大田,デラウェア,各地,相対,2.0,13832.0,13844.0,4320.0,2592.0,1944.0,2160,1296,972
2026-06-29,大田,デラウェア,大阪,相対,0.3,13832.0,13844.0,432.0,367.0,238.0,1440,1223,793
2026-06-29,大田,デラウェア,島根,相対,2.0,13832.0,13844.0,3024.0,2808.0,2484.0,1512,1404,1242
2026-06-29,板橋,デラウェア,各地,相対,2.0,800.0,800.0,,5400.0,,,2700,
2026-06-29,板橋,デラウェア,大阪,相対,0.3,800.0,800.0,464.0,378.0,302.0,1547,1260,1007
2026-06-29,淀橋,デラウェア,大阪,相対,0.3,2822.0,2822.0,486.0,,,1620,,
2026-06-29,葛西,デラウェア,各地,相対,2.0,400.0,400.0,,378.0,,,189,
2026-06-29,豊島,デラウェア,大阪,相対,0.3,400.0,400.0,486.0,410.0,324.0,1620,1367,1080
2026-06-29,豊洲,デラウェア,各地,第三者販売,2.0,153.0,573.0,,5400.0,,,2700,
2026-06-29,豊洲,デラウェア,大阪,相対,0.3,420.0,573.0,432.0,,410.0,1440,,1367
2026-06-29,豊洲,デラウェア,大阪,第三者販売,0.3,153.0,573.0,432.0,410.0,356.0,1440,1367,1187
2026-06-30,北足立,デラウェア,大阪,相対,0.3,3800.0,3800.0,486.0,,,1620,,
2026-06-30,多摩NT,デラウェア,大阪,相対,0.3,284.0,284.0,648.0,594.0,540.0,2160,1980,1800
2026-06-30,大田,デラウェア,各地,相対,2.0,13504.0,13538.0,5940.0,2592.0,1620.0,2970,1296,810
2026-06-30,大田,デラウェア,大阪,相対,0.3,13504.0,13538.0,432.0,356.0,238.0,1440,1187,793
2026-06-30,大田,デラウェア,島根,相対,2.0,13504.0,13538.0,3024.0,2808.0,2700.0,1512,1404,1350
2026-06-30,板橋,デラウェア,各地,相対,2.0,672.0,700.0,,3024.0,,,1512,
2026-06-30,板橋,デラウェア,大阪,相対,0.3,672.0,700.0,464.0,367.0,302.0,1547,1223,1007
2026-06-30,板橋,デラウェア,大阪,第三者販売,0.3,28.0,700.0,432.0,,378.0,1440,,1260
2026-06-30,淀橋,デラウェア,大阪,相対,0.3,2056.0,2056.0,486.0,,,1620,,
2026-06-30,葛西,デラウェア,大阪,相対,0.3,500.0,500.0,,378.0,,,1260,
2026-06-30,豊島,デラウェア,大阪,相対,0.3,500.0,500.0,486.0,410.0,324.0,1620,1367,1080
2026-06-30,豊洲,デラウェア,各地,相対,2.0,406.0,540.0,,7020.0,,,3510,
2026-06-30,豊洲,デラウェア,各地,第三者販売,2.0,134.0,540.0,7020.0,,5400.0,3510,,2700
2026-06-30,豊洲,デラウェア,大阪,相対,0.3,406.0,540.0,432.0,,410.0,1440,,1367
2026-06-30,豊洲,デラウェア,大阪,第三者販売,0.3,134.0,540.0,432.0,410.0,356.0,1440,1367,1187
2026-07-02,北足立,シャインマスカット,山梨,相対,5.0,5500.0,5500.0,,21600.0,,,4320,
2026-07-02,北足立,デラウェア,大阪,相対,0.3,5500.0,5500.0,378.0,,,1260,,
2026-07-02,北足立,デラウェア,山形,相対,2.0,5500.0,5500.0,2700.0,,,1350,,
2026-07-02,多摩NT,シャインマスカット,各地,相対,5.0,216.0,216.0,23760.0,,,4752,,
2026-07-02,多摩NT,シャインマスカット,山梨,相対,5.0,216.0,216.0,19440.0,,,3888,,
2026-07-02,多摩NT,デラウェア,大阪,相対,0.3,216.0,216.0,410.0,388.0,302.0,1367,1293,1007
2026-07-02,多摩NT,デラウェア,山形,相対,2.0,216.0,216.0,3024.0,2700.0,,1512,1350,
2026-07-02,多摩NT,巨峰,山梨,相対,0.35,216.0,216.0,972.0,,,2777,,
2026-07-02,多摩NT,巨峰,福岡,相対,0.35,216.0,216.0,702.0,,,2006,,
2026-07-02,大田,アレキサンドリア,岡山,相対,0.75,17976.0,18039.0,5400.0,4320.0,3780.0,7200,5760,5040
2026-07-02,大田,シャインマスカット,各地,相対,5.0,17976.0,18039.0,27000.0,12096.0,10800.0,5400,2419,2160
2026-07-02,大田,シャインマスカット,山梨,相対,5.0,17976.0,18039.0,27000.0,18144.0,12960.0,5400,3629,2592
2026-07-02,大田,シャインマスカット,岡山,相対,5.0,17976.0,18039.0,27000.0,18360.0,14040.0,5400,3672,2808
2026-07-02,大田,デラウェア,各地,相対,2.0,17976.0,18039.0,4320.0,2916.0,2700.0,2160,1458,1350
2026-07-02,大田,デラウェア,大阪,相対,0.3,17976.0,18039.0,432.0,356.0,270.0,1440,1187,900
2026-07-02,大田,デラウェア,山形,相対,2.0,17976.0,18039.0,3024.0,2484.0,1944.0,1512,1242,972
2026-07-02,大田,巨峰,各地,相対,0.35,17976.0,18039.0,756.0,,,2160,,
2026-07-02,板橋,シャインマスカット,岡山,相対,5.0,1194.0,1200.0,,15120.0,,,3024,
2026-07-02,板橋,デラウェア,大阪,相対,0.3,1194.0,1200.0,464.0,367.0,302.0,1547,1223,1007
2026-07-02,板橋,デラウェア,大阪,第三者販売,0.3,6.0,1200.0,432.0,,,1440,,
2026-07-02,淀橋,シャインマスカット,各地,相対,5.0,2335.0,2335.0,30240.0,,27000.0,6048,,5400
2026-07-02,淀橋,シャインマスカット,山梨,相対,3.0,2335.0,2335.0,10800.0,,,3600,,
2026-07-02,淀橋,デラウェア,大阪,相対,0.3,2335.0,2335.0,486.0,,,1620,,
2026-07-02,淀橋,デラウェア,山形,相対,0.35,2335.0,2335.0,518.0,486.0,432.0,1480,1389,1234
2026-07-02,葛西,デラウェア,各地,相対,2.0,600.0,600.0,,378.0,,,189,
2026-07-02,豊島,デラウェア,大阪,相対,0.3,400.0,400.0,432.0,378.0,324.0,1440,1260,1080
2026-07-02,豊洲,アレキサンドリア,岡山,相対,0.75,2306.0,2777.0,,2160.0,,,2880,
2026-07-02,豊洲,シャインマスカット,各地,相対,5.0,2306.0,2777.0,28080.0,,16200.0,5616,,3240
2026-07-02,豊洲,シャインマスカット,山梨,相対,5.0,2306.0,2777.0,,21600.0,,,4320,
2026-07-02,豊洲,シャインマスカット,岡山,相対,5.0,2306.0,2777.0,37800.0,,12960.0,7560,,2592
2026-07-02,豊洲,シャインマスカット,岡山,第三者販売,5.0,471.0,2777.0,,29160.0,,,5832,
2026-07-02,豊洲,デラウェア,各地,相対,2.0,2306.0,2777.0,,4644.0,,,2322,
2026-07-02,豊洲,デラウェア,大阪,相対,0.3,2306.0,2777.0,432.0,,410.0,1440,,1367
2026-07-02,豊洲,デラウェア,大阪,第三者販売,0.3,471.0,2777.0,,410.0,,,1367,
2026-07-02,豊洲,デラウェア,山形,相対,2.0,2306.0,2777.0,,2700.0,,,1350,
2026-07-02,豊洲,巨峰,各地,相対,0.35,2306.0,2777.0,,810.0,,,2314,
2026-07-02,豊洲,巨峰,各地,第三者販売,0.35,471.0,2777.0,,810.0,,,2314,
2026-07-03,北足立,シャインマスカット,山梨,相対,5.0,4400.0,4400.0,,21600.0,,,4320,
2026-07-03,北足立,デラウェア,大阪,相対,0.3,4400.0,4400.0,378.0,,,1260,,
2026-07-03,北足立,巨峰,山梨,相対,5.0,4400.0,4400.0,,14040.0,,,2808,
2026-07-03,多摩NT,シャインマスカット,各地,相対,5.0,243.0,243.0,23760.0,,,4752,,
2026-07-03,多摩NT,シャインマスカット,山梨,相対,5.0,243.0,243.0,19440.0,,,3888,,
2026-07-03,多摩NT,デラウェア,大阪,相対,0.3,243.0,243.0,410.0,388.0,302.0,1367,1293,1007
2026-07-03,多摩NT,デラウェア,山形,相対,2.0,243.0,243.0,3024.0,2700.0,,1512,1350,
2026-07-03,多摩NT,巨峰,山梨,相対,0.35,243.0,243.0,972.0,,,2777,,
2026-07-03,多摩NT,巨峰,福岡,相対,0.35,243.0,243.0,702.0,,,2006,,
2026-07-03,大田,アレキサンドリア,岡山,相対,0.75,18920.0,18987.0,5400.0,4536.0,3780.0,7200,6048,5040
2026-07-03,大田,シャインマスカット,各地,相対,5.0,18920.0,18987.0,30240.0,30240.0,,6048,6048,
2026-07-03,大田,シャインマスカット,山梨,相対,5.0,18920.0,18987.0,27000.0,18144.0,12960.0,5400,3629,2592
2026-07-03,大田,シャインマスカット,岡山,相対,5.0,18920.0,18987.0,21600.0,18576.0,14040.0,4320,3715,2808
2026-07-03,大田,デラウェア,各地,相対,2.0,18920.0,18987.0,4320.0,2916.0,2700.0,2160,1458,1350
2026-07-03,大田,デラウェア,大阪,相対,0.3,18920.0,18987.0,432.0,356.0,270.0,1440,1187,900
2026-07-03,大田,デラウェア,山形,相対,2.0,18920.0,18987.0,3024.0,,,1512,,
2026-07-03,大田,巨峰,各地,相対,0.35,18920.0,18987.0,756.0,,,2160,,
2026-07-03,板橋,シャインマスカット,山梨,相対,5.0,646.0,700.0,10800.0,,,2160,,
2026-07-03,板橋,デラウェア,大阪,相対,0.3,646.0,700.0,464.0,356.0,302.0,1547,1187,1007
2026-07-03,板橋,デラウェア,大阪,第三者販売,0.3,54.0,700.0,432.0,,378.0,1440,,1260
2026-07-03,淀橋,シャインマスカット,各地,相対,5.0,2881.0,2881.0,30240.0,,27000.0,6048,,5400
2026-07-03,淀橋,シャインマスカット,山梨,相対,3.0,2881.0,2881.0,10800.0,,,3600,,
2026-07-03,淀橋,デラウェア,山形,相対,0.35,2881.0,2881.0,518.0,486.0,432.0,1480,1389,1234
2026-07-03,葛西,デラウェア,各地,相対,2.0,400.0,400.0,,378.0,,,189,
2026-07-03,豊島,シャインマスカット,山梨,相対,3.0,400.0,400.0,12960.0,11880.0,10800.0,4320,3960,3600
2026-07-03,豊島,デラウェア,大阪,相対,0.3,400.0,400.0,432.0,378.0,324.0,1440,1260,1080
2026-07-03,豊洲,アレキサンドリア,岡山,相対,0.75,1613.0,2051.0,,3564.0,,,4752,
2026-07-03,豊洲,シャインマスカット,各地,相対,5.0,1613.0,2051.0,28080.0,,27000.0,5616,,5400
2026-07-03,豊洲,シャインマスカット,各地,第三者販売,5.0,438.0,2051.0,,16200.0,,,3240,
2026-07-03,豊洲,シャインマスカット,山梨,相対,5.0,1613.0,2051.0,,21600.0,,,4320,
2026-07-03,豊洲,シャインマスカット,岡山,相対,5.0,1613.0,2051.0,35640.0,27000.0,22680.0,7128,5400,4536
2026-07-03,豊洲,シャインマスカット,岡山,第三者販売,5.0,438.0,2051.0,37800.0,27000.0,8640.0,7560,5400,1728
2026-07-03,豊洲,デラウェア,各地,第三者販売,2.0,438.0,2051.0,4644.0,,4104.0,2322,,2052
2026-07-03,豊洲,デラウェア,大阪,相対,0.3,1613.0,2051.0,432.0,,410.0,1440,,1367
2026-07-03,豊洲,デラウェア,大阪,第三者販売,0.3,438.0,2051.0,432.0,,410.0,1440,,1367
2026-07-03,豊洲,巨峰,各地,相対,0.35,1613.0,2051.0,,918.0,,,2623,
2026-07-03,豊洲,巨峰,各地,第三者販売,0.35,438.0,2051.0,,918.0,,,2623,
2026-07-03,豊洲,巨峰,山梨,相対,0.4,1613.0,2051.0,,1080.0,,,2700,
2026-07-04,北足立,シャインマスカット,山梨,相対,5.0,2400.0,2400.0,,21600.0,,,4320,
2026-07-04,多摩NT,デラウェア,大阪,相対,0.3,407.0,407.0,410.0,388.0,302.0,1367,1293,1007
2026-07-04,多摩NT,デラウェア,山形,相対,2.0,407.0,407.0,3024.0,2700.0,,1512,1350,
2026-07-04,多摩NT,巨峰,山梨,相対,0.35,407.0,407.0,972.0,,,2777,,
2026-07-04,多摩NT,巨峰,福岡,相対,0.35,407.0,407.0,702.0,,,2006,,
2026-07-04,大田,アレキサンドリア,岡山,相対,0.75,20608.0,20613.0,5400.0,4428.0,3780.0,7200,5904,5040
2026-07-04,大田,シャインマスカット,各地,相対,5.0,20608.0,20613.0,27000.0,23112.0,11880.0,5400,4622,2376
2026-07-04,大田,シャインマスカット,山梨,相対,5.0,20608.0,20613.0,27000.0,18792.0,12960.0,5400,3758,2592
2026-07-04,大田,シャインマスカット,岡山,相対,5.0,20608.0,20613.0,41040.0,22356.0,14040.0,8208,4471,2808
2026-07-04,大田,デラウェア,各地,相対,2.0,20608.0,20613.0,3780.0,2916.0,2700.0,1890,1458,1350
2026-07-04,大田,デラウェア,大阪,相対,0.3,20608.0,20613.0,432.0,356.0,270.0,1440,1187,900
2026-07-04,大田,デラウェア,山形,相対,2.0,20608.0,20613.0,2700.0,2376.0,1620.0,1350,1188,810
2026-07-04,大田,巨峰,各地,相対,0.35,20608.0,20613.0,756.0,,,2160,,
2026-07-04,大田,巨峰,山梨,相対,0.4,20608.0,20613.0,1080.0,,,2700,,
2026-07-04,板橋,シャインマスカット,岡山,相対,5.0,800.0,1000.0,,15120.0,,,3024,
2026-07-04,板橋,デラウェア,大阪,相対,0.3,800.0,1000.0,464.0,,302.0,1547,,1007
2026-07-04,板橋,デラウェア,大阪,第三者販売,0.3,200.0,1000.0,432.0,,367.0,1440,,1223
2026-07-04,淀橋,シャインマスカット,各地,相対,5.0,3139.0,3139.0,27000.0,,24840.0,5400,,4968
2026-07-04,淀橋,シャインマスカット,山梨,相対,3.0,3139.0,3139.0,10800.0,,,3600,,
2026-07-04,淀橋,デラウェア,山形,相対,0.35,3139.0,3139.0,518.0,486.0,432.0,1480,1389,1234
2026-07-04,葛西,デラウェア,各地,相対,2.0,400.0,400.0,,378.0,,,189,
2026-07-04,豊島,シャインマスカット,山梨,相対,3.0,400.0,400.0,12960.0,11880.0,10800.0,4320,3960,3600
2026-07-04,豊島,デラウェア,大阪,相対,0.3,400.0,400.0,432.0,378.0,324.0,1440,1260,1080
2026-07-04,豊洲,アレキサンドリア,岡山,第三者販売,0.75,474.0,3433.0,,3024.0,,,4032,
2026-07-04,豊洲,シャインマスカット,各地,相対,5.0,2959.0,3433.0,27000.0,25920.0,22680.0,5400,5184,4536
2026-07-04,豊洲,シャインマスカット,各地,第三者販売,5.0,474.0,3433.0,,16200.0,,,3240,
2026-07-04,豊洲,シャインマスカット,山梨,相対,5.0,2959.0,3433.0,,21600.0,,,4320,
2026-07-04,豊洲,シャインマスカット,山梨,第三者販売,5.0,474.0,3433.0,,21600.0,,,4320,
2026-07-04,豊洲,シャインマスカット,岡山,相対,5.0,2959.0,3433.0,29160.0,,12960.0,5832,,2592
2026-07-04,豊洲,シャインマスカット,岡山,第三者販売,5.0,474.0,3433.0,,25920.0,,,5184,
2026-07-04,豊洲,デラウェア,各地,第三者販売,2.0,474.0,3433.0,4320.0,,4104.0,2160,,2052
2026-07-04,豊洲,デラウェア,大阪,相対,0.3,2959.0,3433.0,432.0,410.0,356.0,1440,1367,1187
2026-07-04,豊洲,デラウェア,大阪,第三者販売,0.3,474.0,3433.0,432.0,,410.0,1440,,1367
2026-07-04,豊洲,デラウェア,山形,相対,2.0,2959.0,3433.0,3024.0,2700.0,2484.0,1512,1350,1242
2026-07-04,豊洲,巨峰,各地,相対,0.35,2959.0,3433.0,,918.0,,,2623,
2026-07-04,豊洲,巨峰,各地,第三者販売,0.35,474.0,3433.0,,918.0,,,2623,
2026-07-06,北足立,シャインマスカット,山梨,相対,5.0,2500.0,2500.0,,21600.0,,,4320,
2026-07-06,北足立,デラウェア,大阪,相対,0.3,2500.0,2500.0,378.0,,,1260,,
2026-07-06,北足立,デラウェア,山形,相対,2.0,2500.0,2500.0,2700.0,2160.0,1620.0,1350,1080,810
2026-07-06,北足立,巨峰,山梨,相対,5.0,2500.0,2500.0,,14040.0,,,2808,
2026-07-06,多摩NT,シャインマスカット,各地,相対,5.0,312.0,312.0,23760.0,,,4752,,
2026-07-06,多摩NT,シャインマスカット,山梨,相対,5.0,312.0,312.0,19440.0,,,3888,,
2026-07-06,多摩NT,デラウェア,大阪,相対,0.3,312.0,312.0,410.0,388.0,302.0,1367,1293,1007
2026-07-06,多摩NT,デラウェア,山形,相対,2.0,312.0,312.0,3024.0,2700.0,,1512,1350,
2026-07-06,大田,シャインマスカット,各地,相対,5.0,21721.0,21796.0,24840.0,21060.0,10800.0,4968,4212,2160
2026-07-06,大田,シャインマスカット,山梨,相対,5.0,21721.0,21796.0,24840.0,16740.0,12960.0,4968,3348,2592
2026-07-06,大田,シャインマスカット,岡山,せり・入札,5.0,75.0,21796.0,43200.0,,,8640,,
2026-07-06,大田,シャインマスカット,岡山,相対,5.0,21721.0,21796.0,27000.0,18900.0,14040.0,5400,3780,2808
2026-07-06,大田,デラウェア,各地,相対,2.0,21721.0,21796.0,4320.0,3024.0,2700.0,2160,1512,1350
2026-07-06,大田,デラウェア,大阪,相対,0.3,21721.0,21796.0,432.0,335.0,238.0,1440,1117,793
2026-07-06,大田,デラウェア,山形,相対,2.0,21721.0,21796.0,2700.0,2376.0,1620.0,1350,1188,810
2026-07-06,大田,巨峰,各地,相対,0.35,21721.0,21796.0,864.0,821.0,756.0,2469,2346,2160
2026-07-06,板橋,シャインマスカット,岡山,相対,5.0,1058.0,1100.0,,14040.0,,,2808,
2026-07-06,板橋,デラウェア,大阪,相対,0.3,1058.0,1100.0,432.0,346.0,292.0,1440,1153,973
2026-07-06,板橋,デラウェア,大阪,第三者販売,0.3,42.0,1100.0,410.0,,,1367,,
2026-07-06,淀橋,シャインマスカット,各地,相対,5.0,3416.0,3416.0,27000.0,23760.0,21600.0,5400,4752,4320
2026-07-06,淀橋,シャインマスカット,山梨,相対,3.0,3416.0,3416.0,14040.0,,7560.0,4680,,2520
2026-07-06,淀橋,デラウェア,山形,相対,0.35,3416.0,3416.0,518.0,486.0,432.0,1480,1389,1234
2026-07-06,淀橋,巨峰,山梨,相対,0.35,3416.0,3416.0,1296.0,,,3703,,
2026-07-06,葛西,デラウェア,各地,相対,2.0,800.0,800.0,,378.0,,,189,
2026-07-06,豊島,シャインマスカット,山梨,相対,3.0,600.0,600.0,12960.0,11880.0,10800.0,4320,3960,3600
2026-07-06,豊島,デラウェア,大阪,相対,0.3,600.0,600.0,432.0,378.0,324.0,1440,1260,1080
2026-07-06,豊洲,アレキサンドリア,岡山,相対,0.75,3211.0,3981.0,,1944.0,,,2592,
2026-07-06,豊洲,アレキサンドリア,岡山,第三者販売,0.75,770.0,3981.0,,3024.0,,,4032,
2026-07-06,豊洲,シャインマスカット,各地,相対,5.0,3211.0,3981.0,23760.0,,19440.0,4752,,3888
2026-07-06,豊洲,シャインマスカット,各地,第三者販売,5.0,770.0,3981.0,,15120.0,,,3024,
2026-07-06,豊洲,シャインマスカット,山梨,相対,5.0,3211.0,3981.0,,19440.0,,,3888,
2026-07-06,豊洲,シャインマスカット,山梨,第三者販売,5.0,770.0,3981.0,,19440.0,,,3888,
2026-07-06,豊洲,シャインマスカット,岡山,相対,5.0,3211.0,3981.0,27000.0,,12960.0,5400,,2592
2026-07-06,豊洲,シャインマスカット,岡山,第三者販売,5.0,770.0,3981.0,,35640.0,,,7128,
2026-07-06,豊洲,デラウェア,各地,第三者販売,2.0,770.0,3981.0,,3780.0,,,1890,
2026-07-06,豊洲,デラウェア,大阪,相対,0.3,3211.0,3981.0,432.0,,410.0,1440,,1367
2026-07-06,豊洲,デラウェア,山形,相対,2.0,3211.0,3981.0,2700.0,,2484.0,1350,,1242
2026-07-06,豊洲,デラウェア,山形,第三者販売,2.0,770.0,3981.0,2700.0,,2484.0,1350,,1242
2026-07-06,豊洲,巨峰,各地,第三者販売,0.35,770.0,3981.0,,918.0,,,2623,
2026-07-06,豊洲,巨峰,山梨,相対,0.4,3211.0,3981.0,,864.0,,,2160,
2026-07-06,豊洲,巨峰,山梨,第三者販売,0.4,770.0,3981.0,,1296.0,,,3240,
2026-07-07,北足立,シャインマスカット,山梨,相対,5.0,4700.0,4700.0,,21600.0,,,4320,
2026-07-07,北足立,デラウェア,大阪,相対,0.3,4700.0,4700.0,378.0,,,1260,,
2026-07-07,北足立,デラウェア,山形,相対,2.0,4700.0,4700.0,2700.0,2160.0,1620.0,1350,1080,810
2026-07-07,北足立,巨峰,山梨,相対,5.0,4700.0,4700.0,,14040.0,,,2808,
2026-07-07,多摩NT,シャインマスカット,各地,相対,5.0,934.0,934.0,23760.0,,,4752,,
2026-07-07,多摩NT,シャインマスカット,山梨,相対,5.0,934.0,934.0,19440.0,,,3888,,
2026-07-07,多摩NT,デラウェア,大阪,相対,0.3,934.0,934.0,410.0,388.0,302.0,1367,1293,1007
2026-07-07,多摩NT,デラウェア,山形,相対,2.0,934.0,934.0,3024.0,2700.0,,1512,1350,
2026-07-07,大田,アレキサンドリア,岡山,相対,0.75,20005.0,20011.0,5400.0,4212.0,3240.0,7200,5616,4320
2026-07-07,大田,シャインマスカット,各地,相対,5.0,20005.0,20011.0,37800.0,23220.0,10800.0,7560,4644,2160
2026-07-07,大田,シャインマスカット,山梨,相対,5.0,20005.0,20011.0,24840.0,16308.0,12960.0,4968,3262,2592
2026-07-07,大田,シャインマスカット,岡山,相対,5.0,20005.0,20011.0,41040.0,22356.0,14040.0,8208,4471,2808
2026-07-07,大田,デラウェア,各地,相対,2.0,20005.0,20011.0,3780.0,3024.0,2700.0,1890,1512,1350
2026-07-07,大田,デラウェア,大阪,相対,0.3,20005.0,20011.0,410.0,335.0,238.0,1367,1117,793
2026-07-07,大田,デラウェア,山形,相対,2.0,20005.0,20011.0,2700.0,2268.0,1620.0,1350,1134,810
2026-07-07,大田,巨峰,各地,相対,0.35,20005.0,20011.0,864.0,821.0,756.0,2469,2346,2160
2026-07-07,板橋,シャインマスカット,岡山,相対,5.0,1270.0,1300.0,,15120.0,,,3024,
2026-07-07,板橋,デラウェア,大阪,相対,0.3,1270.0,1300.0,432.0,356.0,292.0,1440,1187,973
2026-07-07,板橋,デラウェア,大阪,第三者販売,0.3,30.0,1300.0,400.0,,356.0,1333,,1187
2026-07-07,淀橋,シャインマスカット,各地,相対,5.0,3364.0,3364.0,27000.0,23760.0,21600.0,5400,4752,4320
2026-07-07,淀橋,シャインマスカット,山梨,相対,3.0,3364.0,3364.0,14040.0,,7560.0,4680,,2520
2026-07-07,淀橋,デラウェア,山形,相対,0.35,3364.0,3364.0,518.0,486.0,432.0,1480,1389,1234
2026-07-07,淀橋,巨峰,山梨,相対,0.35,3364.0,3364.0,1296.0,,,3703,,
2026-07-07,葛西,デラウェア,各地,相対,2.0,600.0,600.0,,378.0,,,189,
2026-07-07,豊島,シャインマスカット,山梨,相対,3.0,500.0,500.0,12960.0,11880.0,9720.0,4320,3960,3240
2026-07-07,豊島,デラウェア,大阪,相対,0.3,500.0,500.0,432.0,324.0,248.0,1440,1080,827
2026-07-07,豊洲,シャインマスカット,各地,相対,5.0,2201.0,3063.0,25920.0,,23760.0,5184,,4752
2026-07-07,豊洲,シャインマスカット,各地,第三者販売,5.0,862.0,3063.0,,15120.0,,,3024,
2026-07-07,豊洲,シャインマスカット,山梨,相対,5.0,2201.0,3063.0,,19440.0,,,3888,
2026-07-07,豊洲,シャインマスカット,岡山,相対,5.0,2201.0,3063.0,28080.0,21600.0,12960.0,5616,4320,2592
2026-07-07,豊洲,シャインマスカット,岡山,第三者販売,5.0,862.0,3063.0,27000.0,23760.0,19440.0,5400,4752,3888
2026-07-07,豊洲,デラウェア,各地,相対,2.0,2201.0,3063.0,4320.0,,3780.0,2160,,1890
2026-07-07,豊洲,デラウェア,大阪,相対,0.3,2201.0,3063.0,432.0,,410.0,1440,,1367
2026-07-07,豊洲,デラウェア,山形,相対,2.0,2201.0,3063.0,,2484.0,,,1242,
2026-07-07,豊洲,デラウェア,山形,第三者販売,2.0,862.0,3063.0,,2484.0,,,1242,
2026-07-07,豊洲,巨峰,各地,第三者販売,0.35,862.0,3063.0,,918.0,,,2623,
2026-07-09,北足立,シャインマスカット,山梨,相対,5.0,6300.0,6300.0,,19440.0,,,3888,
2026-07-09,北足立,デラウェア,大阪,相対,0.3,6300.0,6300.0,378.0,,,1260,,
2026-07-09,北足立,デラウェア,山形,相対,2.0,6300.0,6300.0,2592.0,2160.0,1620.0,1296,1080,810
2026-07-09,北足立,巨峰,山梨,相対,5.0,6300.0,6300.0,,16200.0,,,3240,
2026-07-09,多摩NT,シャインマスカット,各地,相対,5.0,748.0,748.0,23760.0,,,4752,,
2026-07-09,多摩NT,シャインマスカット,山梨,相対,5.0,748.0,748.0,19440.0,,,3888,,
2026-07-09,多摩NT,デラウェア,大阪,相対,0.3,748.0,748.0,410.0,388.0,302.0,1367,1293,1007
2026-07-09,多摩NT,デラウェア,山形,相対,2.0,748.0,748.0,3024.0,2700.0,,1512,1350,
2026-07-09,多摩NT,巨峰,山梨,相対,0.35,748.0,748.0,972.0,,,2777,,
2026-07-09,多摩NT,巨峰,福岡,相対,0.35,748.0,748.0,702.0,,,2006,,
2026-07-09,大田,アレキサンドリア,岡山,相対,0.75,26746.0,26777.0,4860.0,3888.0,3240.0,6480,5184,4320
2026-07-09,大田,シャインマスカット,各地,せり・入札,5.0,25.0,26777.0,27000.0,,,5400,,
2026-07-09,大田,シャインマスカット,各地,相対,5.0,26746.0,26777.0,27000.0,22032.0,10800.0,5400,4406,2160
2026-07-09,大田,シャインマスカット,山梨,相対,5.0,26746.0,26777.0,21600.0,17064.0,10800.0,4320,3413,2160
2026-07-09,大田,シャインマスカット,岡山,せり・入札,5.0,25.0,26777.0,37800.0,20304.0,19440.0,7560,4061,3888
2026-07-09,大田,シャインマスカット,岡山,相対,5.0,26746.0,26777.0,37800.0,22248.0,14040.0,7560,4450,2808
2026-07-09,大田,デラウェア,各地,相対,2.0,26746.0,26777.0,4320.0,3240.0,2592.0,2160,1620,1296
2026-07-09,大田,デラウェア,大阪,相対,0.3,26746.0,26777.0,410.0,324.0,238.0,1367,1080,793
2026-07-09,大田,デラウェア,山形,相対,2.0,26746.0,26777.0,2700.0,2268.0,1620.0,1350,1134,810
2026-07-09,大田,巨峰,各地,相対,0.35,26746.0,26777.0,1080.0,832.0,756.0,3086,2377,2160
2026-07-09,大田,巨峰,山梨,相対,0.4,26746.0,26777.0,648.0,,,1620,,
2026-07-09,板橋,デラウェア,大阪,相対,0.3,970.0,1000.0,410.0,340.0,281.0,1367,1133,937
2026-07-09,板橋,デラウェア,大阪,第三者販売,0.3,30.0,1000.0,389.0,,346.0,1297,,1153
2026-07-09,淀橋,シャインマスカット,各地,相対,5.0,4143.0,4143.0,27000.0,23760.0,21600.0,5400,4752,4320
2026-07-09,淀橋,シャインマスカット,山梨,相対,3.0,4143.0,4143.0,14040.0,,7560.0,4680,,2520
2026-07-09,淀橋,デラウェア,山形,相対,0.35,4143.0,4143.0,518.0,486.0,432.0,1480,1389,1234
2026-07-09,淀橋,巨峰,山梨,相対,0.35,4143.0,4143.0,1296.0,,,3703,,
2026-07-09,葛西,デラウェア,各地,相対,2.0,800.0,800.0,,378.0,,,189,
2026-07-09,豊島,シャインマスカット,山梨,相対,3.0,400.0,400.0,12960.0,11880.0,10800.0,4320,3960,3600
2026-07-09,豊島,デラウェア,大阪,相対,0.3,400.0,400.0,432.0,324.0,248.0,1440,1080,827
2026-07-09,豊洲,アレキサンドリア,岡山,相対,0.75,4681.0,5844.0,,1944.0,,,2592,
2026-07-09,豊洲,シャインマスカット,各地,相対,5.0,4681.0,5844.0,21600.0,20520.0,14040.0,4320,4104,2808
2026-07-09,豊洲,シャインマスカット,各地,第三者販売,5.0,1163.0,5844.0,,14040.0,,,2808,
2026-07-09,豊洲,シャインマスカット,山梨,相対,5.0,4681.0,5844.0,,19440.0,,,3888,
2026-07-09,豊洲,シャインマスカット,岡山,相対,5.0,4681.0,5844.0,21600.0,,12960.0,4320,,2592
2026-07-09,豊洲,シャインマスカット,岡山,第三者販売,5.0,1163.0,5844.0,23760.0,18360.0,17280.0,4752,3672,3456
2026-07-09,豊洲,デラウェア,各地,第三者販売,2.0,1163.0,5844.0,4320.0,,4104.0,2160,,2052
2026-07-09,豊洲,デラウェア,大阪,相対,0.3,4681.0,5844.0,410.0,378.0,324.0,1367,1260,1080
2026-07-09,豊洲,デラウェア,大阪,第三者販売,0.3,1163.0,5844.0,,378.0,,,1260,
2026-07-09,豊洲,デラウェア,山形,相対,2.0,4681.0,5844.0,2484.0,2160.0,1944.0,1242,1080,972
2026-07-09,豊洲,デラウェア,山形,第三者販売,2.0,1163.0,5844.0,2484.0,,2160.0,1242,,1080
2026-07-09,豊洲,巨峰,各地,第三者販売,0.35,1163.0,5844.0,,918.0,,,2623,
2026-07-10,世田谷,デラウェア,山形,相対,2.0,100.0,100.0,2700.0,,,1350,,
2026-07-10,北足立,シャインマスカット,山梨,相対,5.0,5500.0,5500.0,,19440.0,,,3888,
2026-07-10,北足立,デラウェア,大阪,相対,0.3,5500.0,5500.0,378.0,,,1260,,
2026-07-10,北足立,デラウェア,山形,相対,2.0,5500.0,5500.0,2592.0,2160.0,1620.0,1296,1080,810
2026-07-10,多摩NT,シャインマスカット,各地,相対,5.0,904.0,904.0,23760.0,,,4752,,
2026-07-10,多摩NT,シャインマスカット,山梨,相対,5.0,904.0,904.0,19440.0,,,3888,,
2026-07-10,多摩NT,デラウェア,大阪,相対,0.3,904.0,904.0,410.0,388.0,302.0,1367,1293,1007
2026-07-10,多摩NT,デラウェア,山形,相対,2.0,904.0,904.0,3024.0,2700.0,,1512,1350,
2026-07-10,多摩NT,巨峰,山梨,相対,0.35,904.0,904.0,972.0,,,2777,,
2026-07-10,多摩NT,巨峰,福岡,相対,0.35,904.0,904.0,702.0,,,2006,,
2026-07-10,大田,シャインマスカット,各地,相対,5.0,22899.0,22942.0,23760.0,19764.0,10800.0,4752,3953,2160
2026-07-10,大田,シャインマスカット,山梨,相対,5.0,22899.0,22942.0,24840.0,17712.0,12960.0,4968,3542,2592
2026-07-10,大田,シャインマスカット,岡山,相対,5.0,22899.0,22942.0,24840.0,18144.0,14040.0,4968,3629,2808
2026-07-10,大田,デラウェア,各地,相対,2.0,22899.0,22942.0,4320.0,3456.0,2592.0,2160,1728,1296
2026-07-10,大田,デラウェア,大阪,相対,0.3,22899.0,22942.0,432.0,324.0,238.0,1440,1080,793
2026-07-10,大田,デラウェア,山形,相対,2.0,22899.0,22942.0,2700.0,2268.0,1620.0,1350,1134,810
2026-07-10,大田,巨峰,各地,相対,0.35,22899.0,22942.0,1080.0,875.0,756.0,3086,2500,2160
2026-07-10,大田,巨峰,山梨,相対,0.4,22899.0,22942.0,648.0,,,1620,,
2026-07-10,板橋,シャインマスカット,岡山,相対,5.0,834.0,900.0,,15120.0,,,3024,
2026-07-10,板橋,デラウェア,大阪,相対,0.3,834.0,900.0,410.0,335.0,281.0,1367,1117,937
2026-07-10,板橋,デラウェア,大阪,第三者販売,0.3,66.0,900.0,400.0,389.0,346.0,1333,1297,1153
2026-07-10,淀橋,シャインマスカット,各地,相対,5.0,3033.0,3033.0,24840.0,,21600.0,4968,,4320
2026-07-10,淀橋,シャインマスカット,山梨,相対,3.0,3033.0,3033.0,14040.0,,7560.0,4680,,2520
2026-07-10,淀橋,デラウェア,山形,相対,0.35,3033.0,3033.0,518.0,486.0,432.0,1480,1389,1234
2026-07-10,淀橋,巨峰,山梨,相対,0.35,3033.0,3033.0,1296.0,,,3703,,
2026-07-10,葛西,デラウェア,各地,相対,2.0,800.0,800.0,,378.0,,,189,
2026-07-10,豊島,シャインマスカット,山梨,相対,3.0,500.0,500.0,12960.0,11880.0,9720.0,4320,3960,3240
2026-07-10,豊島,デラウェア,大阪,相対,0.3,500.0,500.0,410.0,324.0,248.0,1367,1080,827
2026-07-10,豊洲,アレキサンドリア,岡山,相対,0.75,2973.0,4058.0,3996.0,,3456.0,5328,,4608
2026-07-10,豊洲,シャインマスカット,各地,相対,5.0,2973.0,4058.0,20520.0,,12960.0,4104,,2592
2026-07-10,豊洲,シャインマスカット,各地,第三者販売,5.0,1085.0,4058.0,20520.0,,12960.0,4104,,2592
2026-07-10,豊洲,シャインマスカット,山梨,相対,5.0,2973.0,4058.0,,19440.0,,,3888,
2026-07-10,豊洲,シャインマスカット,岡山,相対,5.0,2973.0,4058.0,32400.0,21600.0,15120.0,6480,4320,3024
2026-07-10,豊洲,シャインマスカット,岡山,第三者販売,5.0,1085.0,4058.0,37800.0,21600.0,19440.0,7560,4320,3888
2026-07-10,豊洲,デラウェア,各地,第三者販売,2.0,1085.0,4058.0,4320.0,,4104.0,2160,,2052
2026-07-10,豊洲,デラウェア,大阪,相対,0.3,2973.0,4058.0,378.0,324.0,270.0,1260,1080,900
2026-07-10,豊洲,デラウェア,山形,相対,2.0,2973.0,4058.0,2484.0,,2160.0,1242,,1080
2026-07-10,豊洲,デラウェア,山形,第三者販売,2.0,1085.0,4058.0,,2160.0,,,1080,
2026-07-10,豊洲,巨峰,各地,第三者販売,0.35,1085.0,4058.0,,918.0,,,2623,
2026-07-11,世田谷,シャインマスカット,山梨,相対,5.0,100.0,100.0,,,2484.0,,,497
2026-07-11,北足立,シャインマスカット,山梨,相対,5.0,6100.0,6100.0,,19440.0,,,3888,
2026-07-11,北足立,デラウェア,大阪,相対,0.3,6100.0,6100.0,378.0,,,1260,,
2026-07-11,北足立,デラウェア,山形,相対,2.0,6100.0,6100.0,2592.0,2160.0,1620.0,1296,1080,810
2026-07-11,北足立,巨峰,山梨,相対,5.0,6100.0,6100.0,,16200.0,,,3240,
2026-07-11,多摩NT,シャインマスカット,各地,相対,5.0,1021.0,1021.0,23760.0,,,4752,,
2026-07-11,多摩NT,シャインマスカット,山梨,相対,5.0,1021.0,1021.0,19440.0,,,3888,,
2026-07-11,多摩NT,デラウェア,大阪,相対,0.3,1021.0,1021.0,410.0,388.0,302.0,1367,1293,1007
2026-07-11,多摩NT,デラウェア,山形,相対,2.0,1021.0,1021.0,3024.0,2700.0,,1512,1350,
2026-07-11,多摩NT,巨峰,山梨,相対,0.35,1021.0,1021.0,972.0,,,2777,,
2026-07-11,多摩NT,巨峰,福岡,相対,0.35,1021.0,1021.0,702.0,,,2006,,
2026-07-11,大田,アレキサンドリア,岡山,相対,0.75,27791.0,27846.0,4860.0,3672.0,3240.0,6480,4896,4320
2026-07-11,大田,シャインマスカット,各地,相対,5.0,27791.0,27846.0,27000.0,21600.0,10800.0,5400,4320,2160
2026-07-11,大田,シャインマスカット,山梨,相対,5.0,27791.0,27846.0,20520.0,17604.0,15120.0,4104,3521,3024
2026-07-11,大田,シャインマスカット,岡山,相対,5.0,27791.0,27846.0,37800.0,22140.0,14040.0,7560,4428,2808
2026-07-11,大田,シャインマスカット,岡山,第三者販売,5.0,50.0,27846.0,19440.0,18792.0,16200.0,3888,3758,3240
2026-07-11,大田,デラウェア,各地,相対,2.0,27791.0,27846.0,4320.0,3456.0,2592.0,2160,1728,1296
2026-07-11,大田,デラウェア,大阪,相対,0.3,27791.0,27846.0,410.0,324.0,238.0,1367,1080,793
2026-07-11,大田,デラウェア,山形,相対,2.0,27791.0,27846.0,2700.0,2268.0,1620.0,1350,1134,810
2026-07-11,大田,巨峰,各地,相対,0.35,27791.0,27846.0,1080.0,940.0,756.0,3086,2686,2160
2026-07-11,大田,巨峰,山梨,相対,0.4,27791.0,27846.0,702.0,691.0,648.0,1755,1728,1620
2026-07-11,板橋,シャインマスカット,山梨,相対,5.0,988.0,1000.0,,15120.0,,,3024,
2026-07-11,板橋,デラウェア,大阪,相対,0.3,988.0,1000.0,410.0,335.0,270.0,1367,1117,900
2026-07-11,板橋,デラウェア,大阪,第三者販売,0.3,12.0,1000.0,400.0,,346.0,1333,,1153
2026-07-11,淀橋,シャインマスカット,各地,相対,5.0,4104.0,4104.0,24840.0,,21600.0,4968,,4320
2026-07-11,淀橋,シャインマスカット,山梨,相対,3.0,4104.0,4104.0,14040.0,,7560.0,4680,,2520
2026-07-11,淀橋,デラウェア,山形,相対,0.35,4104.0,4104.0,518.0,486.0,432.0,1480,1389,1234
2026-07-11,淀橋,巨峰,山梨,相対,0.35,4104.0,4104.0,1296.0,,,3703,,
2026-07-11,葛西,デラウェア,各地,相対,2.0,1100.0,1100.0,,378.0,,,189,
2026-07-11,豊島,シャインマスカット,山梨,相対,3.0,300.0,300.0,12960.0,11880.0,9720.0,4320,3960,3240
2026-07-11,豊島,デラウェア,大阪,相対,0.3,300.0,300.0,378.0,324.0,248.0,1260,1080,827
2026-07-11,豊洲,シャインマスカット,各地,相対,5.0,3755.0,4354.0,21600.0,20520.0,12960.0,4320,4104,2592
2026-07-11,豊洲,シャインマスカット,各地,第三者販売,5.0,599.0,4354.0,,12960.0,,,2592,
2026-07-11,豊洲,シャインマスカット,山梨,相対,5.0,3755.0,4354.0,19440.0,,16200.0,3888,,3240
2026-07-11,豊洲,シャインマスカット,岡山,相対,5.0,3755.0,4354.0,19440.0,,12960.0,3888,,2592
2026-07-11,豊洲,シャインマスカット,岡山,第三者販売,5.0,599.0,4354.0,,18360.0,,,3672,
2026-07-11,豊洲,デラウェア,各地,相対,2.0,3755.0,4354.0,,3780.0,,,1890,
2026-07-11,豊洲,デラウェア,各地,第三者販売,2.0,599.0,4354.0,,3780.0,,,1890,
2026-07-11,豊洲,デラウェア,大阪,相対,0.3,3755.0,4354.0,410.0,378.0,324.0,1367,1260,1080
2026-07-11,豊洲,デラウェア,大阪,第三者販売,0.3,599.0,4354.0,,378.0,,,1260,
2026-07-11,豊洲,デラウェア,山形,相対,2.0,3755.0,4354.0,2484.0,,2160.0,1242,,1080
2026-07-11,豊洲,巨峰,各地,第三者販売,0.35,599.0,4354.0,,918.0,,,2623,
2026-07-11,豊洲,巨峰,山梨,相対,0.4,3755.0,4354.0,1188.0,,756.0,2970,,1890
2026-07-11,豊洲,巨峰,山梨,第三者販売,0.4,599.0,4354.0,1188.0,,756.0,2970,,1890
2026-07-13,北足立,シャインマスカット,山梨,相対,5.0,6900.0,6900.0,,19440.0,,,3888,
2026-07-13,北足立,デラウェア,大阪,相対,0.3,6900.0,6900.0,378.0,,,1260,,
2026-07-13,北足立,デラウェア,山形,相対,2.0,6900.0,6900.0,2484.0,2160.0,1836.0,1242,1080,918
2026-07-13,北足立,巨峰,山梨,相対,5.0,6900.0,6900.0,,16200.0,,,3240,
2026-07-13,多摩NT,シャインマスカット,各地,相対,5.0,971.0,971.0,23760.0,,,4752,,
2026-07-13,多摩NT,シャインマスカット,山梨,相対,5.0,971.0,971.0,19440.0,,,3888,,
2026-07-13,多摩NT,デラウェア,大阪,相対,0.3,971.0,971.0,410.0,388.0,302.0,1367,1293,1007
2026-07-13,多摩NT,デラウェア,山形,相対,2.0,971.0,971.0,3024.0,2700.0,,1512,1350,
2026-07-13,多摩NT,巨峰,山梨,相対,0.35,971.0,971.0,972.0,,,2777,,
2026-07-13,多摩NT,巨峰,福岡,相対,0.35,971.0,971.0,702.0,,,2006,,
2026-07-13,大田,アレキサンドリア,岡山,相対,0.75,29886.0,29899.0,4320.0,3456.0,3240.0,5760,4608,4320
2026-07-13,大田,シャインマスカット,各地,相対,5.0,29886.0,29899.0,21600.0,19224.0,10800.0,4320,3845,2160
2026-07-13,大田,シャインマスカット,山梨,相対,5.0,29886.0,29899.0,21600.0,17064.0,12960.0,4320,3413,2592
2026-07-13,大田,シャインマスカット,岡山,相対,5.0,29886.0,29899.0,37800.0,21816.0,10800.0,7560,4363,2160
2026-07-13,大田,デラウェア,各地,相対,2.0,29886.0,29899.0,4320.0,3996.0,3240.0,2160,1998,1620
2026-07-13,大田,デラウェア,大阪,相対,0.3,29886.0,29899.0,378.0,313.0,238.0,1260,1043,793
2026-07-13,大田,デラウェア,山形,相対,2.0,29886.0,29899.0,2700.0,2268.0,1620.0,1350,1134,810
2026-07-13,大田,巨峰,各地,相対,0.35,29886.0,29899.0,1080.0,875.0,756.0,3086,2500,2160
2026-07-13,大田,巨峰,山梨,相対,0.4,29886.0,29899.0,702.0,691.0,594.0,1755,1728,1485
2026-07-13,板橋,デラウェア,大阪,相対,0.3,1100.0,1100.0,378.0,313.0,270.0,1260,1043,900
2026-07-13,板橋,デラウェア,山形,相対,2.0,1100.0,1100.0,,864.0,,,432,
2026-07-13,淀橋,シャインマスカット,各地,相対,5.0,4733.0,4733.0,23760.0,21600.0,19440.0,4752,4320,3888
2026-07-13,淀橋,シャインマスカット,山梨,相対,3.0,4733.0,4733.0,14040.0,,7560.0,4680,,2520
2026-07-13,淀橋,デラウェア,山形,相対,0.35,4733.0,4733.0,518.0,486.0,432.0,1480,1389,1234
2026-07-13,淀橋,巨峰,山梨,相対,0.35,4733.0,4733.0,1296.0,,,3703,,
2026-07-13,葛西,デラウェア,各地,相対,2.0,900.0,900.0,,387.0,,,194,
2026-07-13,豊島,シャインマスカット,山梨,相対,3.0,300.0,300.0,11880.0,10800.0,9720.0,3960,3600,3240
2026-07-13,豊島,デラウェア,大阪,相対,0.3,300.0,300.0,410.0,324.0,216.0,1367,1080,720
2026-07-13,豊洲,アレキサンドリア,岡山,相対,0.75,4605.0,5611.0,,3456.0,,,4608,
2026-07-13,豊洲,シャインマスカット,各地,相対,5.0,4605.0,5611.0,19440.0,,12960.0,3888,,2592
2026-07-13,豊洲,シャインマスカット,各地,第三者販売,5.0,1006.0,5611.0,18360.0,,12960.0,3672,,2592
2026-07-13,豊洲,シャインマスカット,山梨,相対,5.0,4605.0,5611.0,19440.0,,16200.0,3888,,3240
2026-07-13,豊洲,シャインマスカット,山梨,第三者販売,5.0,1006.0,5611.0,,19440.0,,,3888,
2026-07-13,豊洲,シャインマスカット,岡山,相対,5.0,4605.0,5611.0,32400.0,21600.0,12960.0,6480,4320,2592
2026-07-13,豊洲,デラウェア,各地,相対,2.0,4605.0,5611.0,,3780.0,,,1890,
2026-07-13,豊洲,デラウェア,各地,第三者販売,2.0,1006.0,5611.0,,3780.0,,,1890,
2026-07-13,豊洲,デラウェア,山形,相対,2.0,4605.0,5611.0,2484.0,,2160.0,1242,,1080
2026-07-13,豊洲,デラウェア,山形,第三者販売,2.0,1006.0,5611.0,,2052.0,,,1026,
2026-07-13,豊洲,巨峰,各地,第三者販売,0.35,1006.0,5611.0,,918.0,,,2623,
2026-07-13,豊洲,巨峰,山梨,相対,0.4,4605.0,5611.0,,756.0,,,1890,
2026-07-14,北足立,シャインマスカット,山梨,相対,5.0,5400.0,5400.0,,19440.0,,,3888,
2026-07-14,北足立,デラウェア,大阪,相対,0.3,5400.0,5400.0,378.0,,,1260,,
2026-07-14,北足立,デラウェア,山形,相対,2.0,5400.0,5400.0,2484.0,2160.0,1836.0,1242,1080,918
2026-07-14,北足立,巨峰,山梨,相対,5.0,5400.0,5400.0,,16200.0,,,3240,
2026-07-14,多摩NT,シャインマスカット,各地,相対,5.0,680.0,680.0,23760.0,,,4752,,
2026-07-14,多摩NT,シャインマスカット,山梨,相対,5.0,680.0,680.0,19440.0,,,3888,,
2026-07-14,多摩NT,デラウェア,大阪,相対,0.3,680.0,680.0,410.0,388.0,302.0,1367,1293,1007
2026-07-14,多摩NT,デラウェア,山形,相対,2.0,680.0,680.0,3024.0,2700.0,,1512,1350,
2026-07-14,多摩NT,巨峰,山梨,相対,0.35,680.0,680.0,972.0,,,2777,,
2026-07-14,多摩NT,巨峰,福岡,相対,0.35,680.0,680.0,702.0,,,2006,,
2026-07-14,大田,アレキサンドリア,岡山,相対,0.75,29079.0,29092.0,4320.0,3564.0,3240.0,5760,4752,4320
2026-07-14,大田,シャインマスカット,各地,相対,5.0,29079.0,29092.0,24840.0,20196.0,10800.0,4968,4039,2160
2026-07-14,大田,シャインマスカット,山梨,相対,5.0,29079.0,29092.0,24840.0,17280.0,12960.0,4968,3456,2592
2026-07-14,大田,シャインマスカット,岡山,相対,5.0,29079.0,29092.0,37800.0,21168.0,10800.0,7560,4234,2160
2026-07-14,大田,デラウェア,各地,相対,2.0,29079.0,29092.0,4320.0,4212.0,3780.0,2160,2106,1890
2026-07-14,大田,デラウェア,大阪,相対,0.3,29079.0,29092.0,378.0,313.0,216.0,1260,1043,720
2026-07-14,大田,デラウェア,山形,相対,2.0,29079.0,29092.0,2700.0,2268.0,1620.0,1350,1134,810
2026-07-14,大田,巨峰,各地,相対,0.35,29079.0,29092.0,1080.0,918.0,756.0,3086,2623,2160
2026-07-14,大田,巨峰,山梨,相対,0.4,29079.0,29092.0,702.0,691.0,594.0,1755,1728,1485
2026-07-14,板橋,シャインマスカット,山梨,相対,5.0,1094.0,1100.0,,15120.0,,,3024,
2026-07-14,板橋,デラウェア,大阪,相対,0.3,1094.0,1100.0,378.0,302.0,248.0,1260,1007,827
2026-07-14,板橋,デラウェア,大阪,第三者販売,0.3,6.0,1100.0,356.0,,,1187,,
2026-07-14,淀橋,シャインマスカット,各地,相対,5.0,4126.0,4126.0,23760.0,21600.0,19440.0,4752,4320,3888
2026-07-14,淀橋,シャインマスカット,山梨,相対,3.0,4126.0,4126.0,14040.0,,7560.0,4680,,2520
2026-07-14,淀橋,デラウェア,山形,相対,0.35,4126.0,4126.0,518.0,486.0,432.0,1480,1389,1234
2026-07-14,淀橋,巨峰,山梨,相対,0.35,4126.0,4126.0,1296.0,,,3703,,
2026-07-14,葛西,デラウェア,各地,相対,2.0,1600.0,1600.0,,378.0,,,189,
2026-07-14,豊島,シャインマスカット,山梨,相対,3.0,200.0,200.0,12960.0,11880.0,9720.0,4320,3960,3240
2026-07-14,豊島,デラウェア,大阪,相対,0.3,200.0,200.0,410.0,,,1367,,
2026-07-14,豊洲,シャインマスカット,各地,相対,5.0,3910.0,4629.0,21600.0,19440.0,18360.0,4320,3888,3672
2026-07-14,豊洲,シャインマスカット,各地,第三者販売,5.0,719.0,4629.0,12960.0,,11880.0,2592,,2376
2026-07-14,豊洲,シャインマスカット,山梨,相対,5.0,3910.0,4629.0,19440.0,,16200.0,3888,,3240
2026-07-14,豊洲,シャインマスカット,山梨,第三者販売,5.0,719.0,4629.0,19440.0,,15120.0,3888,,3024
2026-07-14,豊洲,シャインマスカット,岡山,相対,5.0,3910.0,4629.0,19440.0,12960.0,11880.0,3888,2592,2376
2026-07-14,豊洲,シャインマスカット,岡山,第三者販売,5.0,719.0,4629.0,21600.0,,17280.0,4320,,3456
2026-07-14,豊洲,デラウェア,各地,相対,2.0,3910.0,4629.0,,3564.0,,,1782,
2026-07-14,豊洲,デラウェア,山形,相対,2.0,3910.0,4629.0,2484.0,2160.0,1620.0,1242,1080,810
2026-07-14,豊洲,デラウェア,山形,第三者販売,2.0,719.0,4629.0,2700.0,,2160.0,1350,,1080
2026-07-14,豊洲,巨峰,各地,第三者販売,0.35,719.0,4629.0,,864.0,,,2469,
2026-07-14,豊洲,巨峰,山梨,相対,0.4,3910.0,4629.0,756.0,,702.0,1890,,1755
2026-07-16,北足立,シャインマスカット,山梨,相対,5.0,7700.0,7700.0,,19440.0,,,3888,
2026-07-16,北足立,デラウェア,大阪,相対,0.3,7700.0,7700.0,378.0,,,1260,,
2026-07-16,北足立,デラウェア,山形,相対,2.0,7700.0,7700.0,2484.0,2160.0,1836.0,1242,1080,918
2026-07-16,北足立,巨峰,山梨,相対,5.0,7700.0,7700.0,,16200.0,,,3240,
2026-07-16,多摩NT,シャインマスカット,各地,相対,5.0,704.0,704.0,23760.0,,,4752,,
2026-07-16,多摩NT,シャインマスカット,山梨,相対,5.0,704.0,704.0,19440.0,,,3888,,
2026-07-16,多摩NT,デラウェア,大阪,相対,0.3,704.0,704.0,410.0,388.0,302.0,1367,1293,1007
2026-07-16,多摩NT,デラウェア,山形,相対,2.0,704.0,704.0,3024.0,2700.0,,1512,1350,
2026-07-16,多摩NT,巨峰,山梨,相対,0.35,704.0,704.0,972.0,,,2777,,
2026-07-16,多摩NT,巨峰,福岡,相対,0.35,704.0,704.0,702.0,,,2006,,
2026-07-16,大田,シャインマスカット,各地,相対,5.0,35481.0,35512.0,24840.0,18792.0,10800.0,4968,3758,2160
2026-07-16,大田,シャインマスカット,山梨,相対,5.0,35481.0,35512.0,24840.0,17496.0,15120.0,4968,3499,3024
2026-07-16,大田,シャインマスカット,岡山,相対,5.0,35481.0,35512.0,24840.0,18144.0,12960.0,4968,3629,2592
2026-07-16,大田,シャインマスカット,岡山,第三者販売,5.0,31.0,35512.0,16200.0,,,3240,,
2026-07-16,大田,デラウェア,各地,相対,2.0,35481.0,35512.0,3780.0,3672.0,3240.0,1890,1836,1620
2026-07-16,大田,デラウェア,大阪,相対,0.3,35481.0,35512.0,378.0,313.0,216.0,1260,1043,720
2026-07-16,大田,デラウェア,山形,相対,2.0,35481.0,35512.0,2808.0,2160.0,1404.0,1404,1080,702
2026-07-16,大田,巨峰,各地,相対,0.35,35481.0,35512.0,1080.0,918.0,756.0,3086,2623,2160
2026-07-16,大田,巨峰,山梨,相対,0.4,35481.0,35512.0,756.0,702.0,594.0,1890,1755,1485
2026-07-16,板橋,シャインマスカット,岡山,相対,5.0,1076.0,1100.0,,15120.0,,,3024,
2026-07-16,板橋,デラウェア,大阪,相対,0.3,1076.0,1100.0,464.0,292.0,216.0,1547,973,720
2026-07-16,板橋,デラウェア,大阪,第三者販売,0.3,24.0,1100.0,346.0,324.0,302.0,1153,1080,1007
2026-07-16,淀橋,シャインマスカット,各地,相対,5.0,5339.0,5339.0,23760.0,21600.0,19440.0,4752,4320,3888
2026-07-16,淀橋,シャインマスカット,山梨,相対,3.0,5339.0,5339.0,14040.0,,7560.0,4680,,2520
2026-07-16,淀橋,デラウェア,山形,相対,0.35,5339.0,5339.0,518.0,486.0,432.0,1480,1389,1234
2026-07-16,淀橋,巨峰,山梨,相対,0.35,5339.0,5339.0,1296.0,,,3703,,
2026-07-16,葛西,デラウェア,各地,相対,2.0,1100.0,1100.0,,378.0,,,189,
2026-07-16,豊島,シャインマスカット,山梨,相対,3.0,300.0,300.0,11880.0,10800.0,9720.0,3960,3600,3240
2026-07-16,豊島,デラウェア,大阪,相対,0.3,300.0,300.0,410.0,356.0,324.0,1367,1187,1080
2026-07-16,豊洲,シャインマスカット,各地,相対,5.0,4740.0,6503.0,22680.0,19440.0,17280.0,4536,3888,3456
2026-07-16,豊洲,シャインマスカット,各地,第三者販売,5.0,1763.0,6503.0,17280.0,,11880.0,3456,,2376
2026-07-16,豊洲,シャインマスカット,山梨,相対,5.0,4740.0,6503.0,18360.0,,11880.0,3672,,2376
2026-07-16,豊洲,シャインマスカット,山梨,第三者販売,5.0,1763.0,6503.0,17280.0,,16200.0,3456,,3240
2026-07-16,豊洲,シャインマスカット,岡山,相対,5.0,4740.0,6503.0,24840.0,19440.0,17280.0,4968,3888,3456
2026-07-16,豊洲,デラウェア,各地,第三者販売,2.0,1763.0,6503.0,,2700.0,,,1350,
2026-07-16,豊洲,デラウェア,山形,相対,2.0,4740.0,6503.0,2376.0,2160.0,1728.0,1188,1080,864
2026-07-16,豊洲,デラウェア,山形,第三者販売,2.0,1763.0,6503.0,2484.0,2160.0,2052.0,1242,1080,1026
2026-07-16,豊洲,巨峰,各地,第三者販売,0.35,1763.0,6503.0,,864.0,,,2469,
2026-07-16,豊洲,巨峰,山梨,相対,0.4,4740.0,6503.0,756.0,,702.0,1890,,1755
2026-07-16,豊洲,巨峰,山梨,第三者販売,0.4,1763.0,6503.0,,702.0,,,1755,
2026-07-17,北足立,シャインマスカット,山梨,相対,5.0,5500.0,5500.0,,19440.0,,,3888,
2026-07-17,北足立,デラウェア,各地,相対,2.0,5500.0,5500.0,,2376.0,,,1188,
2026-07-17,北足立,デラウェア,山形,相対,2.0,5500.0,5500.0,2484.0,2160.0,1836.0,1242,1080,918
2026-07-17,北足立,巨峰,山梨,相対,5.0,5500.0,5500.0,,16200.0,,,3240,
2026-07-17,多摩NT,シャインマスカット,各地,相対,5.0,373.0,373.0,23760.0,,,4752,,
2026-07-17,多摩NT,シャインマスカット,山梨,相対,5.0,373.0,373.0,19440.0,,,3888,,
2026-07-17,多摩NT,デラウェア,大阪,相対,0.3,373.0,373.0,410.0,388.0,302.0,1367,1293,1007
2026-07-17,多摩NT,デラウェア,山形,相対,2.0,373.0,373.0,3024.0,27000.0,,1512,13500,
2026-07-17,大田,アレキサンドリア,岡山,相対,0.75,32514.0,32569.0,4320.0,3996.0,3240.0,5760,5328,4320
2026-07-17,大田,シャインマスカット,各地,相対,5.0,32514.0,32569.0,21600.0,15444.0,10800.0,4320,3089,2160
2026-07-17,大田,シャインマスカット,山梨,相対,5.0,32514.0,32569.0,24840.0,17388.0,15120.0,4968,3478,3024
2026-07-17,大田,シャインマスカット,岡山,相対,5.0,32514.0,32569.0,35640.0,21060.0,10800.0,7128,4212,2160
2026-07-17,大田,デラウェア,各地,相対,2.0,32514.0,32569.0,3780.0,3240.0,2700.0,1890,1620,1350
2026-07-17,大田,デラウェア,大阪,相対,0.3,32514.0,32569.0,378.0,,,1260,,
2026-07-17,大田,デラウェア,山形,相対,2.0,32514.0,32569.0,2592.0,2052.0,1404.0,1296,1026,702
2026-07-17,大田,巨峰,各地,相対,0.35,32514.0,32569.0,1080.0,929.0,756.0,3086,2654,2160
2026-07-17,大田,巨峰,山梨,相対,0.4,32514.0,32569.0,756.0,713.0,648.0,1890,1782,1620
2026-07-17,板橋,シャインマスカット,岡山,相対,5.0,770.0,800.0,,15120.0,,,3024,
2026-07-17,板橋,デラウェア,大阪,相対,0.3,770.0,800.0,356.0,292.0,216.0,1187,973,720
2026-07-17,板橋,デラウェア,大阪,第三者販売,0.3,30.0,800.0,346.0,324.0,302.0,1153,1080,1007
2026-07-17,淀橋,シャインマスカット,各地,相対,5.0,4273.0,4273.0,23760.0,21600.0,19440.0,4752,4320,3888
2026-07-17,淀橋,シャインマスカット,山梨,相対,3.0,4273.0,4273.0,14040.0,,7560.0,4680,,2520
2026-07-17,淀橋,デラウェア,山形,相対,0.35,4273.0,4273.0,518.0,486.0,432.0,1480,1389,1234
2026-07-17,淀橋,巨峰,山梨,相対,0.35,4273.0,4273.0,1296.0,,,3703,,
2026-07-17,葛西,デラウェア,各地,相対,2.0,1300.0,1300.0,,378.0,,,189,
2026-07-17,豊島,シャインマスカット,山梨,相対,3.0,300.0,300.0,11880.0,10800.0,9720.0,3960,3600,3240
2026-07-17,豊島,デラウェア,大阪,相対,0.3,300.0,300.0,410.0,378.0,324.0,1367,1260,1080
2026-07-17,豊洲,シャインマスカット,各地,相対,5.0,4101.0,6208.0,20520.0,19440.0,18360.0,4104,3888,3672
2026-07-17,豊洲,シャインマスカット,各地,第三者販売,5.0,2107.0,6208.0,,12960.0,,,2592,
2026-07-17,豊洲,シャインマスカット,山梨,相対,5.0,4101.0,6208.0,19440.0,,16200.0,3888,,3240
2026-07-17,豊洲,シャインマスカット,山梨,第三者販売,5.0,2107.0,6208.0,,19440.0,,,3888,
2026-07-17,豊洲,シャインマスカット,岡山,相対,5.0,4101.0,6208.0,30240.0,19440.0,14040.0,6048,3888,2808
2026-07-17,豊洲,シャインマスカット,岡山,第三者販売,5.0,2107.0,6208.0,37800.0,19440.0,18360.0,7560,3888,3672
2026-07-17,豊洲,デラウェア,各地,相対,2.0,4101.0,6208.0,,3240.0,,,1620,
2026-07-17,豊洲,デラウェア,山形,相対,2.0,4101.0,6208.0,1944.0,1728.0,1512.0,972,864,756
2026-07-17,豊洲,デラウェア,山形,第三者販売,2.0,2107.0,6208.0,2160.0,,1728.0,1080,,864
2026-07-17,豊洲,巨峰,各地,第三者販売,0.35,2107.0,6208.0,,864.0,,,2469,
2026-07-17,豊洲,巨峰,山梨,相対,0.4,4101.0,6208.0,756.0,,702.0,1890,,1755
2026-07-18,北足立,シャインマスカット,山梨,相対,5.0,6700.0,6700.0,,19440.0,,,3888,
2026-07-18,北足立,デラウェア,各地,相対,2.0,6700.0,6700.0,,2376.0,,,1188,
2026-07-18,北足立,デラウェア,山形,相対,2.0,6700.0,6700.0,2484.0,2160.0,1836.0,1242,1080,918
2026-07-18,北足立,巨峰,山梨,相対,5.0,6700.0,6700.0,,16200.0,,,3240,
2026-07-18,多摩NT,シャインマスカット,各地,相対,5.0,754.0,754.0,23760.0,,,4752,,
2026-07-18,多摩NT,シャインマスカット,山梨,相対,5.0,754.0,754.0,19440.0,,,3888,,
2026-07-18,多摩NT,デラウェア,大阪,相対,0.3,754.0,754.0,410.0,388.0,302.0,1367,1293,1007
2026-07-18,多摩NT,デラウェア,山形,相対,2.0,754.0,754.0,3024.0,2700.0,,1512,1350,
2026-07-18,多摩NT,巨峰,山梨,相対,0.35,754.0,754.0,972.0,,,2777,,
2026-07-18,多摩NT,巨峰,福岡,相対,0.35,754.0,754.0,702.0,,,2006,,
2026-07-18,大田,アレキサンドリア,岡山,相対,0.75,40383.0,40390.0,4860.0,3888.0,3240.0,6480,5184,4320
2026-07-18,大田,シャインマスカット,各地,相対,5.0,40383.0,40390.0,24840.0,18900.0,10800.0,4968,3780,2160
2026-07-18,大田,シャインマスカット,山梨,相対,5.0,40383.0,40390.0,20520.0,17496.0,12960.0,4104,3499,2592
2026-07-18,大田,シャインマスカット,岡山,相対,5.0,40383.0,40390.0,35640.0,20520.0,11880.0,7128,4104,2376
2026-07-18,大田,デラウェア,各地,相対,2.0,40383.0,40390.0,3780.0,3024.0,2700.0,1890,1512,1350
2026-07-18,大田,デラウェア,大阪,相対,0.3,40383.0,40390.0,378.0,313.0,216.0,1260,1043,720
2026-07-18,大田,デラウェア,山形,相対,2.0,40383.0,40390.0,2592.0,2052.0,1404.0,1296,1026,702
2026-07-18,大田,巨峰,各地,相対,0.35,40383.0,40390.0,972.0,799.0,756.0,2777,2283,2160
2026-07-18,大田,巨峰,山梨,相対,0.4,40383.0,40390.0,756.0,691.0,648.0,1890,1728,1620
2026-07-18,板橋,シャインマスカット,山梨,相対,5.0,694.0,700.0,,15120.0,,,3024,
2026-07-18,板橋,デラウェア,大阪,相対,0.3,694.0,700.0,346.0,292.0,248.0,1153,973,827
2026-07-18,板橋,デラウェア,大阪,第三者販売,0.3,6.0,700.0,346.0,,,1153,,
2026-07-18,淀橋,シャインマスカット,各地,相対,5.0,5606.0,5606.0,23760.0,21600.0,19440.0,4752,4320,3888
2026-07-18,淀橋,シャインマスカット,山梨,相対,3.0,5606.0,5606.0,14040.0,,7560.0,4680,,2520
2026-07-18,淀橋,デラウェア,山形,相対,0.35,5606.0,5606.0,518.0,486.0,432.0,1480,1389,1234
2026-07-18,淀橋,巨峰,山梨,相対,0.35,5606.0,5606.0,1296.0,,,3703,,
2026-07-18,葛西,デラウェア,各地,相対,2.0,200.0,200.0,,378.0,,,189,
2026-07-18,葛西,巨峰,各地,相対,0.35,200.0,200.0,,702.0,,,2006,
2026-07-18,豊島,シャインマスカット,山梨,相対,3.0,400.0,400.0,1296.0,,864.0,432,,288
2026-07-18,豊島,デラウェア,山形,相対,2.0,400.0,400.0,1620.0,,,810,,
2026-07-18,豊洲,シャインマスカット,各地,相対,5.0,5171.0,6736.0,20520.0,19440.0,18360.0,4104,3888,3672
2026-07-18,豊洲,シャインマスカット,各地,第三者販売,5.0,1565.0,6736.0,12960.0,,11880.0,2592,,2376
2026-07-18,豊洲,シャインマスカット,山梨,相対,5.0,5171.0,6736.0,19440.0,,11880.0,3888,,2376
2026-07-18,豊洲,シャインマスカット,岡山,相対,5.0,5171.0,6736.0,14040.0,,11880.0,2808,,2376
2026-07-18,豊洲,シャインマスカット,岡山,第三者販売,5.0,1565.0,6736.0,22680.0,19440.0,18360.0,4536,3888,3672
2026-07-18,豊洲,デラウェア,各地,相対,2.0,5171.0,6736.0,,3240.0,,,1620,
2026-07-18,豊洲,デラウェア,山形,相対,2.0,5171.0,6736.0,2484.0,2160.0,1620.0,1242,1080,810
2026-07-18,豊洲,デラウェア,山形,第三者販売,2.0,1565.0,6736.0,,2160.0,,,1080,
2026-07-18,豊洲,巨峰,各地,第三者販売,0.35,1565.0,6736.0,,864.0,,,2469,
2026-07-18,豊洲,巨峰,山梨,相対,0.4,5171.0,6736.0,756.0,702.0,648.0,1890,1755,1620
2026-07-18,豊洲,巨峰,山梨,第三者販売,0.4,1565.0,6736.0,,702.0,,,1755,
2026-07-21,北足立,シャインマスカット,山梨,相対,5.0,6600.0,6600.0,,19440.0,,,3888,
2026-07-21,北足立,デラウェア,各地,相対,2.0,6600.0,6600.0,,2376.0,,,1188,
2026-07-21,北足立,デラウェア,山形,相対,2.0,6600.0,6600.0,2160.0,1944.0,1620.0,1080,972,810
2026-07-21,北足立,巨峰,山梨,相対,5.0,6600.0,6600.0,,16200.0,,,3240,
2026-07-21,多摩NT,シャインマスカット,各地,相対,5.0,1150.0,1150.0,23760.0,,,4752,,
2026-07-21,多摩NT,シャインマスカット,山梨,相対,5.0,1150.0,1150.0,19440.0,,,3888,,
2026-07-21,多摩NT,デラウェア,大阪,相対,0.3,1150.0,1150.0,410.0,388.0,302.0,1367,1293,1007
2026-07-21,多摩NT,デラウェア,山形,相対,2.0,1150.0,1150.0,3024.0,2700.0,,1512,1350,
2026-07-21,多摩NT,巨峰,山梨,相対,0.35,1150.0,1150.0,972.0,,,2777,,
2026-07-21,多摩NT,巨峰,福岡,相対,0.35,1150.0,1150.0,702.0,,,2006,,
2026-07-21,大田,アレキサンドリア,岡山,相対,0.75,46890.0,47055.0,4320.0,3780.0,3240.0,5760,5040,4320
2026-07-21,大田,シャインマスカット,各地,相対,5.0,46890.0,47055.0,32400.0,18252.0,12960.0,6480,3650,2592
2026-07-21,大田,シャインマスカット,山梨,相対,5.0,46890.0,47055.0,20520.0,18360.0,14040.0,4104,3672,2808
2026-07-21,大田,シャインマスカット,岡山,相対,5.0,46890.0,47055.0,32400.0,19440.0,11880.0,6480,3888,2376
2026-07-21,大田,シャインマスカット,岡山,第三者販売,5.0,165.0,47055.0,19440.0,17712.0,14040.0,3888,3542,2808
2026-07-21,大田,デラウェア,各地,相対,2.0,46890.0,47055.0,2484.0,,2376.0,1242,,1188
2026-07-21,大田,デラウェア,大阪,相対,0.3,46890.0,47055.0,356.0,302.0,216.0,1187,1007,720
2026-07-21,大田,デラウェア,山形,相対,2.0,46890.0,47055.0,2214.0,1944.0,1404.0,1107,972,702
2026-07-21,大田,巨峰,各地,相対,0.35,46890.0,47055.0,972.0,864.0,756.0,2777,2469,2160
2026-07-21,大田,巨峰,山梨,相対,0.4,46890.0,47055.0,702.0,648.0,432.0,1755,1620,1080
2026-07-21,板橋,シャインマスカット,山梨,相対,5.0,800.0,800.0,,15120.0,,,3024,
2026-07-21,板橋,デラウェア,大阪,相対,0.3,800.0,800.0,356.0,297.0,238.0,1187,990,793
2026-07-21,淀橋,シャインマスカット,各地,相対,5.0,7108.0,7108.0,23760.0,21600.0,19440.0,4752,4320,3888
2026-07-21,淀橋,シャインマスカット,山梨,相対,3.0,7108.0,7108.0,10800.0,,7560.0,3600,,2520
2026-07-21,淀橋,デラウェア,山形,相対,0.35,7108.0,7108.0,518.0,486.0,432.0,1480,1389,1234
2026-07-21,淀橋,巨峰,山梨,相対,0.35,7108.0,7108.0,810.0,,,2314,,
2026-07-21,葛西,シャインマスカット,各地,相対,5.0,700.0,700.0,,648.0,,,130,
2026-07-21,葛西,デラウェア,各地,相対,2.0,700.0,700.0,,378.0,,,189,
2026-07-21,豊島,シャインマスカット,山梨,相対,3.0,600.0,600.0,1188.0,,972.0,396,,324
2026-07-21,豊島,デラウェア,山形,相対,2.0,600.0,600.0,410.0,378.0,324.0,205,189,162
2026-07-21,豊洲,シャインマスカット,各地,相対,5.0,7937.0,10096.0,19440.0,18360.0,16200.0,3888,3672,3240
2026-07-21,豊洲,シャインマスカット,各地,第三者販売,5.0,2159.0,10096.0,18360.0,,11880.0,3672,,2376
2026-07-21,豊洲,シャインマスカット,山梨,相対,5.0,7937.0,10096.0,17280.0,,15120.0,3456,,3024
2026-07-21,豊洲,シャインマスカット,山梨,第三者販売,5.0,2159.0,10096.0,,17280.0,,,3456,
2026-07-21,豊洲,シャインマスカット,岡山,相対,5.0,7937.0,10096.0,19440.0,16200.0,11880.0,3888,3240,2376
2026-07-21,豊洲,シャインマスカット,岡山,第三者販売,5.0,2159.0,10096.0,21600.0,19440.0,18360.0,4320,3888,3672
2026-07-21,豊洲,デラウェア,各地,相対,2.0,7937.0,10096.0,,3240.0,,,1620,
2026-07-21,豊洲,デラウェア,各地,第三者販売,2.0,2159.0,10096.0,,3240.0,,,1620,
2026-07-21,豊洲,デラウェア,山形,相対,2.0,7937.0,10096.0,1836.0,,1512.0,918,,756
2026-07-21,豊洲,デラウェア,山形,第三者販売,2.0,2159.0,10096.0,2484.0,2160.0,1944.0,1242,1080,972
2026-07-21,豊洲,巨峰,各地,相対,0.35,7937.0,10096.0,,918.0,,,2623,
2026-07-21,豊洲,巨峰,各地,第三者販売,0.35,2159.0,10096.0,,864.0,,,2469,
2026-07-21,豊洲,巨峰,山梨,相対,0.4,7937.0,10096.0,724.0,702.0,648.0,1810,1755,1620
2026-07-21,豊洲,巨峰,山梨,第三者販売,0.4,2159.0,10096.0,702.0,,648.0,1755,,1620
2026-07-23,世田谷,デラウェア,山形,相対,2.0,200.0,200.0,,486.0,,,243,
2026-07-23,北足立,シャインマスカット,山梨,相対,5.0,6600.0,6600.0,,19440.0,,,3888,
2026-07-23,北足立,デラウェア,各地,相対,2.0,6600.0,6600.0,,2376.0,,,1188,
2026-07-23,北足立,デラウェア,山形,相対,2.0,6600.0,6600.0,2160.0,1944.0,1620.0,1080,972,810
2026-07-23,北足立,巨峰,山梨,相対,5.0,6600.0,6600.0,,16200.0,,,3240,
2026-07-23,多摩NT,シャインマスカット,各地,相対,5.0,736.0,736.0,23760.0,,,4752,,
2026-07-23,多摩NT,シャインマスカット,山梨,相対,5.0,736.0,736.0,19440.0,,,3888,,
2026-07-23,多摩NT,デラウェア,大阪,相対,0.3,736.0,736.0,410.0,388.0,302.0,1367,1293,1007
2026-07-23,多摩NT,デラウェア,山形,相対,2.0,736.0,736.0,3024.0,2700.0,,1512,1350,
2026-07-23,多摩NT,巨峰,山梨,相対,0.35,736.0,736.0,972.0,,,2777,,
2026-07-23,多摩NT,巨峰,福岡,相対,0.35,736.0,736.0,702.0,,,2006,,
2026-07-23,大田,アレキサンドリア,岡山,相対,0.75,53505.0,53549.0,4320.0,3996.0,3240.0,5760,5328,4320
2026-07-23,大田,シャインマスカット,各地,商物分離,5.0,15.0,53549.0,14040.0,,,2808,,
2026-07-23,大田,シャインマスカット,各地,相対,5.0,53505.0,53549.0,22680.0,18036.0,12960.0,4536,3607,2592
2026-07-23,大田,シャインマスカット,山梨,相対,5.0,53505.0,53549.0,18360.0,15336.0,10800.0,3672,3067,2160
2026-07-23,大田,シャインマスカット,岡山,相対,5.0,53505.0,53549.0,21600.0,16092.0,12960.0,4320,3218,2592
2026-07-23,大田,デラウェア,各地,相対,2.0,53505.0,53549.0,3780.0,2484.0,2376.0,1890,1242,1188
2026-07-23,大田,デラウェア,大阪,相対,0.3,53505.0,53549.0,356.0,,,1187,,
2026-07-23,大田,デラウェア,山形,相対,2.0,53505.0,53549.0,2160.0,1944.0,1404.0,1080,972,702
2026-07-23,大田,巨峰,各地,相対,0.35,53505.0,53549.0,918.0,853.0,648.0,2623,2437,1851
2026-07-23,大田,巨峰,山梨,相対,0.4,53505.0,53549.0,702.0,637.0,594.0,1755,1592,1485
2026-07-23,板橋,デラウェア,各地,相対,2.0,794.0,800.0,,15120.0,,,7560,
2026-07-23,板橋,デラウェア,大阪,相対,0.3,794.0,800.0,356.0,281.0,238.0,1187,937,793
2026-07-23,板橋,デラウェア,大阪,第三者販売,0.3,6.0,800.0,346.0,,,1153,,
2026-07-23,淀橋,シャインマスカット,各地,相対,5.0,6879.0,6879.0,23760.0,21600.0,19440.0,4752,4320,3888
2026-07-23,淀橋,シャインマスカット,山梨,相対,3.0,6879.0,6879.0,10800.0,,7560.0,3600,,2520
2026-07-23,淀橋,デラウェア,山形,相対,0.35,6879.0,6879.0,518.0,486.0,432.0,1480,1389,1234
2026-07-23,淀橋,巨峰,山梨,相対,0.35,6879.0,6879.0,810.0,,,2314,,
2026-07-23,葛西,デラウェア,各地,相対,2.0,700.0,700.0,,378.0,,,189,
2026-07-23,葛西,巨峰,山梨,相対,0.4,700.0,700.0,,648.0,,,1620,
2026-07-23,豊島,シャインマスカット,山梨,相対,3.0,800.0,800.0,1188.0,1080.0,972.0,396,360,324
2026-07-23,豊島,デラウェア,山形,相対,2.0,800.0,800.0,410.0,378.0,324.0,205,189,162
2026-07-23,豊洲,アレキサンドリア,岡山,相対,0.75,7213.0,10020.0,,1944.0,,,2592,
2026-07-23,豊洲,シャインマスカット,各地,相対,5.0,7213.0,10020.0,19440.0,18360.0,16740.0,3888,3672,3348
2026-07-23,豊洲,シャインマスカット,各地,第三者販売,5.0,2807.0,10020.0,16200.0,,11880.0,3240,,2376
2026-07-23,豊洲,シャインマスカット,山梨,相対,5.0,7213.0,10020.0,17280.0,,15120.0,3456,,3024
2026-07-23,豊洲,シャインマスカット,山梨,第三者販売,5.0,2807.0,10020.0,17280.0,,15120.0,3456,,3024
2026-07-23,豊洲,シャインマスカット,岡山,相対,5.0,7213.0,10020.0,21600.0,11880.0,10800.0,4320,2376,2160
2026-07-23,豊洲,シャインマスカット,岡山,第三者販売,5.0,2807.0,10020.0,21600.0,19440.0,16200.0,4320,3888,3240
2026-07-23,豊洲,デラウェア,山形,相対,2.0,7213.0,10020.0,1944.0,1728.0,1620.0,972,864,810
2026-07-23,豊洲,デラウェア,山形,第三者販売,2.0,2807.0,10020.0,2160.0,,1944.0,1080,,972
2026-07-23,豊洲,巨峰,各地,相対,0.35,7213.0,10020.0,972.0,,756.0,2777,,2160
2026-07-23,豊洲,巨峰,各地,第三者販売,0.35,2807.0,10020.0,,864.0,,,2469,
2026-07-23,豊洲,巨峰,山梨,相対,0.4,7213.0,10020.0,702.0,670.0,648.0,1755,1675,1620
2026-07-23,豊洲,巨峰,山梨,第三者販売,0.4,2807.0,10020.0,670.0,,616.0,1675,,1540
2026-07-24,北足立,シャインマスカット,山梨,相対,5.0,5800.0,5800.0,,19440.0,,,3888,
2026-07-24,北足立,デラウェア,各地,相対,2.0,5800.0,5800.0,,2376.0,,,1188,
2026-07-24,北足立,デラウェア,山形,相対,2.0,5800.0,5800.0,2160.0,1944.0,1620.0,1080,972,810
2026-07-24,北足立,巨峰,山梨,相対,5.0,5800.0,5800.0,,16200.0,,,3240,
2026-07-24,多摩NT,シャインマスカット,各地,相対,5.0,758.0,758.0,23760.0,,,4752,,
2026-07-24,多摩NT,シャインマスカット,山梨,相対,5.0,758.0,758.0,19440.0,,,3888,,
2026-07-24,多摩NT,デラウェア,大阪,相対,0.3,758.0,758.0,410.0,388.0,302.0,1367,1293,1007
2026-07-24,多摩NT,デラウェア,山形,相対,2.0,758.0,758.0,3024.0,2700.0,,1512,1350,
2026-07-24,大田,アレキサンドリア,岡山,相対,0.75,48533.0,48649.0,3240.0,,,4320,,
2026-07-24,大田,シャインマスカット,各地,商物分離,5.0,45.0,48649.0,14040.0,,,2808,,
2026-07-24,大田,シャインマスカット,各地,相対,5.0,48533.0,48649.0,22680.0,17388.0,10800.0,4536,3478,2160
2026-07-24,大田,シャインマスカット,山梨,相対,5.0,48533.0,48649.0,20520.0,15552.0,10800.0,4104,3110,2160
2026-07-24,大田,シャインマスカット,岡山,相対,5.0,48533.0,48649.0,19440.0,13932.0,8100.0,3888,2786,1620
2026-07-24,大田,デラウェア,各地,相対,2.0,48533.0,48649.0,3780.0,2808.0,2376.0,1890,1404,1188
2026-07-24,大田,デラウェア,山形,相対,2.0,48533.0,48649.0,2160.0,1944.0,1404.0,1080,972,702
2026-07-24,大田,巨峰,各地,相対,0.35,48533.0,48649.0,918.0,842.0,648.0,2623,2406,1851
2026-07-24,大田,巨峰,山梨,相対,0.4,48533.0,48649.0,648.0,616.0,594.0,1620,1540,1485
2026-07-24,板橋,シャインマスカット,岡山,相対,5.0,500.0,500.0,,16200.0,,,3240,
2026-07-24,板橋,巨峰,山梨,相対,0.35,500.0,500.0,648.0,,,1851,,
2026-07-24,淀橋,シャインマスカット,各地,相対,5.0,6910.0,6910.0,21600.0,19440.0,18360.0,4320,3888,3672
2026-07-24,淀橋,シャインマスカット,山梨,相対,3.0,6910.0,6910.0,10800.0,,7560.0,3600,,2520
2026-07-24,淀橋,デラウェア,山形,相対,0.35,6910.0,6910.0,518.0,486.0,432.0,1480,1389,1234
2026-07-24,淀橋,巨峰,山梨,相対,0.35,6910.0,6910.0,810.0,,,2314,,
2026-07-24,葛西,デラウェア,各地,相対,2.0,1000.0,1000.0,,378.0,,,189,
2026-07-24,葛西,巨峰,山梨,相対,0.4,1000.0,1000.0,,648.0,,,1620,
2026-07-24,豊島,シャインマスカット,山梨,相対,3.0,700.0,700.0,1188.0,1080.0,972.0,396,360,324
2026-07-24,豊島,デラウェア,山形,相対,2.0,700.0,700.0,1512.0,,,756,,
2026-07-24,豊洲,アレキサンドリア,岡山,相対,0.75,7028.0,8928.0,2484.0,,1944.0,3312,,2592
2026-07-24,豊洲,シャインマスカット,各地,相対,5.0,7028.0,8928.0,19440.0,18360.0,16200.0,3888,3672,3240
2026-07-24,豊洲,シャインマスカット,各地,第三者販売,5.0,1900.0,8928.0,,11880.0,,,2376,
2026-07-24,豊洲,シャインマスカット,山梨,相対,5.0,7028.0,8928.0,,17280.0,,,3456,
2026-07-24,豊洲,シャインマスカット,岡山,相対,5.0,7028.0,8928.0,27000.0,17280.0,16200.0,5400,3456,3240
2026-07-24,豊洲,シャインマスカット,岡山,第三者販売,5.0,1900.0,8928.0,24840.0,19440.0,16200.0,4968,3888,3240
2026-07-24,豊洲,デラウェア,山形,相対,2.0,7028.0,8928.0,1944.0,1728.0,1620.0,972,864,810
2026-07-24,豊洲,デラウェア,山形,第三者販売,2.0,1900.0,8928.0,2160.0,,1944.0,1080,,972
2026-07-24,豊洲,巨峰,各地,相対,0.35,7028.0,8928.0,972.0,,918.0,2777,,2623
2026-07-24,豊洲,巨峰,各地,第三者販売,0.35,1900.0,8928.0,,810.0,,,2314,
2026-07-24,豊洲,巨峰,山梨,相対,0.4,7028.0,8928.0,702.0,670.0,648.0,1755,1675,1620
2026-07-24,豊洲,巨峰,山梨,第三者販売,0.4,1900.0,8928.0,670.0,,594.0,1675,,1485
2026-07-25,北足立,シャインマスカット,山梨,相対,5.0,5900.0,5900.0,,19440.0,,,3888,
2026-07-25,北足立,デラウェア,各地,相対,2.0,5900.0,5900.0,,2376.0,,,1188,
2026-07-25,北足立,デラウェア,山形,相対,2.0,5900.0,5900.0,2160.0,1944.0,1620.0,1080,972,810
2026-07-25,北足立,巨峰,山梨,相対,5.0,5900.0,5900.0,,16200.0,,,3240,
2026-07-25,多摩NT,シャインマスカット,各地,相対,5.0,791.0,791.0,23760.0,,,4752,,
2026-07-25,多摩NT,シャインマスカット,山梨,相対,5.0,791.0,791.0,19440.0,,,3888,,
2026-07-25,多摩NT,デラウェア,大阪,相対,0.3,791.0,791.0,410.0,388.0,302.0,1367,1293,1007
2026-07-25,多摩NT,デラウェア,山形,相対,2.0,791.0,791.0,3024.0,2700.0,,1512,1350,
2026-07-25,多摩NT,巨峰,山梨,相対,0.35,791.0,791.0,972.0,,,2777,,
2026-07-25,多摩NT,巨峰,福岡,相対,0.35,791.0,791.0,702.0,,,2006,,
2026-07-25,大田,アレキサンドリア,岡山,相対,0.75,53642.0,53740.0,3780.0,3348.0,3240.0,5040,4464,4320
2026-07-25,大田,シャインマスカット,各地,商物分離,5.0,13.0,53740.0,14040.0,,,2808,,
2026-07-25,大田,シャインマスカット,各地,相対,5.0,53642.0,53740.0,22680.0,17172.0,11880.0,4536,3434,2376
2026-07-25,大田,シャインマスカット,山梨,せり・入札,5.0,85.0,53740.0,6480.0,,4860.0,1296,,972
2026-07-25,大田,シャインマスカット,山梨,相対,5.0,53642.0,53740.0,20520.0,15228.0,10800.0,4104,3046,2160
2026-07-25,大田,シャインマスカット,岡山,相対,5.0,53642.0,53740.0,30240.0,16308.0,8100.0,6048,3262,1620
2026-07-25,大田,デラウェア,各地,相対,2.0,53642.0,53740.0,3780.0,2700.0,1944.0,1890,1350,972
2026-07-25,大田,デラウェア,山形,相対,2.0,53642.0,53740.0,2160.0,1944.0,1188.0,1080,972,594
2026-07-25,大田,巨峰,各地,相対,0.35,53642.0,53740.0,972.0,864.0,648.0,2777,2469,1851
2026-07-25,大田,巨峰,山梨,相対,0.4,53642.0,53740.0,648.0,626.0,540.0,1620,1565,1350
2026-07-25,板橋,シャインマスカット,山梨,相対,5.0,894.0,900.0,,15120.0,,,3024,
2026-07-25,板橋,デラウェア,大阪,相対,0.3,894.0,900.0,346.0,281.0,216.0,1153,937,720
2026-07-25,板橋,デラウェア,大阪,第三者販売,0.3,6.0,900.0,346.0,,,1153,,
2026-07-25,淀橋,シャインマスカット,各地,相対,5.0,7501.0,7501.0,21600.0,19440.0,18360.0,4320,3888,3672
2026-07-25,淀橋,シャインマスカット,山梨,相対,3.0,7501.0,7501.0,10800.0,,7560.0,3600,,2520
2026-07-25,淀橋,デラウェア,山形,相対,0.35,7501.0,7501.0,518.0,486.0,432.0,1480,1389,1234
2026-07-25,淀橋,巨峰,山梨,相対,0.35,7501.0,7501.0,810.0,,,2314,,
2026-07-25,葛西,デラウェア,各地,相対,2.0,600.0,600.0,,378.0,,,189,
2026-07-25,葛西,巨峰,山梨,相対,0.4,600.0,600.0,,648.0,,,1620,
2026-07-25,豊島,シャインマスカット,山梨,相対,3.0,600.0,600.0,1188.0,1080.0,972.0,396,360,324
2026-07-25,豊島,デラウェア,山形,相対,2.0,600.0,600.0,378.0,324.0,292.0,189,162,146
2026-07-25,豊島,巨峰,山梨,相対,0.4,600.0,600.0,702.0,,,1755,,
2026-07-25,豊洲,シャインマスカット,各地,相対,5.0,7348.0,10561.0,19440.0,18360.0,17280.0,3888,3672,3456
2026-07-25,豊洲,シャインマスカット,各地,第三者販売,5.0,3213.0,10561.0,,18360.0,,,3672,
2026-07-25,豊洲,シャインマスカット,山梨,相対,5.0,7348.0,10561.0,17280.0,,12960.0,3456,,2592
2026-07-25,豊洲,シャインマスカット,山梨,第三者販売,5.0,3213.0,10561.0,17280.0,,15120.0,3456,,3024
2026-07-25,豊洲,シャインマスカット,岡山,相対,5.0,7348.0,10561.0,21600.0,16200.0,11880.0,4320,3240,2376
2026-07-25,豊洲,シャインマスカット,岡山,第三者販売,5.0,3213.0,10561.0,30240.0,16200.0,15120.0,6048,3240,3024
2026-07-25,豊洲,デラウェア,山形,相対,2.0,7348.0,10561.0,2160.0,1944.0,1728.0,1080,972,864
2026-07-25,豊洲,デラウェア,山形,第三者販売,2.0,3213.0,10561.0,2160.0,,1620.0,1080,,810
2026-07-25,豊洲,巨峰,各地,相対,0.35,7348.0,10561.0,,918.0,,,2623,
2026-07-25,豊洲,巨峰,各地,第三者販売,0.35,3213.0,10561.0,,648.0,,,1851,
2026-07-25,豊洲,巨峰,山梨,相対,0.4,7348.0,10561.0,702.0,670.0,648.0,1755,1675,1620
2026-07-25,豊洲,巨峰,山梨,第三者販売,0.4,3213.0,10561.0,670.0,,616.0,1675,,1540
2026-07-27,世田谷,デラウェア,各地,相対,2.0,400.0,400.0,2700.0,,,1350,,
2026-07-27,北足立,シャインマスカット,山梨,相対,5.0,7200.0,7200.0,,19440.0,,,3888,
2026-07-27,北足立,デラウェア,各地,相対,2.0,7200.0,7200.0,,2376.0,,,1188,
2026-07-27,北足立,デラウェア,山形,相対,2.0,7200.0,7200.0,2160.0,1944.0,1620.0,1080,972,810
2026-07-27,北足立,巨峰,山梨,相対,5.0,7200.0,7200.0,,16200.0,,,3240,
2026-07-27,多摩NT,シャインマスカット,各地,相対,5.0,603.0,603.0,23760.0,,,4752,,
2026-07-27,多摩NT,シャインマスカット,山梨,相対,5.0,603.0,603.0,19440.0,,,3888,,
2026-07-27,多摩NT,デラウェア,大阪,相対,0.3,603.0,603.0,410.0,388.0,302.0,1367,1293,1007
2026-07-27,多摩NT,デラウェア,山形,相対,2.0,603.0,603.0,3024.0,2700.0,,1512,1350,
2026-07-27,大田,アレキサンドリア,岡山,相対,0.75,55434.0,55575.0,3780.0,3132.0,2700.0,5040,4176,3600
2026-07-27,大田,シャインマスカット,各地,商物分離,5.0,14.0,55575.0,14040.0,,,2808,,
2026-07-27,大田,シャインマスカット,各地,相対,5.0,55434.0,55575.0,21600.0,16092.0,12960.0,4320,3218,2592
2026-07-27,大田,シャインマスカット,山梨,相対,5.0,55434.0,55575.0,17280.0,15444.0,10800.0,3456,3089,2160
2026-07-27,大田,シャインマスカット,岡山,相対,5.0,55434.0,55575.0,19440.0,13284.0,8100.0,3888,2657,1620
2026-07-27,大田,デラウェア,各地,相対,2.0,55434.0,55575.0,3780.0,2484.0,1620.0,1890,1242,810
2026-07-27,大田,デラウェア,山形,相対,2.0,55434.0,55575.0,2160.0,1620.0,1188.0,1080,810,594
2026-07-27,大田,巨峰,各地,相対,0.35,55434.0,55575.0,864.0,778.0,594.0,2469,2223,1697
2026-07-27,大田,巨峰,山梨,相対,0.4,55434.0,55575.0,648.0,616.0,486.0,1620,1540,1215
2026-07-27,板橋,シャインマスカット,山梨,相対,5.0,600.0,600.0,,15120.0,,,3024,
2026-07-27,淀橋,シャインマスカット,各地,相対,5.0,7807.0,7807.0,21600.0,19440.0,18360.0,4320,3888,3672
2026-07-27,淀橋,シャインマスカット,山梨,相対,3.0,7807.0,7807.0,10800.0,,7560.0,3600,,2520
2026-07-27,淀橋,デラウェア,山形,相対,0.35,7807.0,7807.0,518.0,486.0,432.0,1480,1389,1234
2026-07-27,淀橋,巨峰,山梨,相対,0.35,7807.0,7807.0,810.0,,,2314,,
2026-07-27,葛西,デラウェア,各地,相対,2.0,800.0,800.0,,378.0,,,189,
2026-07-27,葛西,巨峰,山梨,相対,0.4,800.0,800.0,,648.0,,,1620,
2026-07-27,豊島,シャインマスカット,山梨,相対,3.0,600.0,600.0,11880.0,10800.0,9720.0,3960,3600,3240
2026-07-27,豊島,デラウェア,山形,相対,2.0,600.0,600.0,1512.0,,,756,,
2026-07-27,豊島,巨峰,山梨,相対,0.4,600.0,600.0,518.0,,,1295,,
2026-07-27,豊洲,アレキサンドリア,岡山,相対,0.75,7757.0,11338.0,2160.0,,1836.0,2880,,2448
2026-07-27,豊洲,シャインマスカット,各地,相対,5.0,7757.0,11338.0,17820.0,17280.0,16200.0,3564,3456,3240
2026-07-27,豊洲,シャインマスカット,各地,第三者販売,5.0,3496.0,11338.0,,17280.0,,,3456,
2026-07-27,豊洲,シャインマスカット,山梨,相対,5.0,7757.0,11338.0,17280.0,,12960.0,3456,,2592
2026-07-27,豊洲,シャインマスカット,山梨,第三者販売,5.0,3496.0,11338.0,,17280.0,,,3456,
2026-07-27,豊洲,シャインマスカット,岡山,相対,5.0,7757.0,11338.0,27000.0,21600.0,16200.0,5400,4320,3240
2026-07-27,豊洲,シャインマスカット,岡山,第三者販売,5.0,3496.0,11338.0,19440.0,18360.0,15660.0,3888,3672,3132
2026-07-27,豊洲,デラウェア,各地,相対,2.0,7757.0,11338.0,,2700.0,,,1350,
2026-07-27,豊洲,デラウェア,各地,第三者販売,2.0,3496.0,11338.0,,2700.0,,,1350,
2026-07-27,豊洲,デラウェア,山形,相対,2.0,7757.0,11338.0,1944.0,,1512.0,972,,756
2026-07-27,豊洲,デラウェア,山形,第三者販売,2.0,3496.0,11338.0,1944.0,,1728.0,972,,864
2026-07-27,豊洲,巨峰,各地,相対,0.35,7757.0,11338.0,,810.0,,,2314,
2026-07-27,豊洲,巨峰,各地,第三者販売,0.35,3496.0,11338.0,,756.0,,,2160,
2026-07-27,豊洲,巨峰,山梨,相対,0.4,7757.0,11338.0,648.0,626.0,594.0,1620,1565,1485
2026-07-27,豊洲,巨峰,山梨,第三者販売,0.4,3496.0,11338.0,626.0,,572.0,1565,,1430
2026-07-28,世田谷,シャインマスカット,岡山,相対,5.0,400.0,400.0,,12960.0,,,2592,
2026-07-28,世田谷,デラウェア,各地,相対,2.0,400.0,400.0,2700.0,,,1350,,
2026-07-28,北足立,シャインマスカット,山梨,相対,5.0,6300.0,6300.0,,19440.0,,,3888,
2026-07-28,北足立,デラウェア,各地,相対,2.0,6300.0,6300.0,,2376.0,,,1188,
2026-07-28,北足立,デラウェア,山形,相対,2.0,6300.0,6300.0,2160.0,1944.0,1620.0,1080,972,810
2026-07-28,北足立,巨峰,山梨,相対,5.0,6300.0,6300.0,,16200.0,,,3240,
2026-07-28,多摩NT,シャインマスカット,各地,相対,5.0,601.0,601.0,23760.0,,,4752,,
2026-07-28,多摩NT,シャインマスカット,山梨,相対,5.0,601.0,601.0,19440.0,,,3888,,
2026-07-28,多摩NT,デラウェア,大阪,相対,0.3,601.0,601.0,410.0,388.0,302.0,1367,1293,1007
2026-07-28,多摩NT,デラウェア,山形,相対,2.0,601.0,601.0,3024.0,2700.0,,1512,1350,
2026-07-28,多摩NT,巨峰,山梨,相対,0.35,601.0,601.0,972.0,,,2777,,
2026-07-28,多摩NT,巨峰,福岡,相対,0.35,601.0,601.0,702.0,,,2006,,
2026-07-28,大田,アレキサンドリア,岡山,相対,0.75,51293.0,51805.0,4860.0,4104.0,2700.0,6480,5472,3600
2026-07-28,大田,シャインマスカット,各地,せり・入札,5.0,152.0,51805.0,21600.0,,,4320,,
2026-07-28,大田,シャインマスカット,各地,商物分離,5.0,360.0,51805.0,14040.0,,,2808,,
2026-07-28,大田,シャインマスカット,各地,相対,5.0,51293.0,51805.0,21600.0,15876.0,12960.0,4320,3175,2592
2026-07-28,大田,シャインマスカット,山梨,相対,5.0,51293.0,51805.0,20520.0,15552.0,9720.0,4104,3110,1944
2026-07-28,大田,シャインマスカット,岡山,相対,5.0,51293.0,51805.0,16200.0,12960.0,8640.0,3240,2592,1728
2026-07-28,大田,デラウェア,各地,相対,2.0,51293.0,51805.0,3780.0,2268.0,1404.0,1890,1134,702
2026-07-28,大田,デラウェア,山形,相対,2.0,51293.0,51805.0,2160.0,1728.0,1080.0,1080,864,540
2026-07-28,大田,巨峰,各地,相対,0.35,51293.0,51805.0,864.0,648.0,486.0,2469,1851,1389
2026-07-28,大田,巨峰,山梨,せり・入札,0.4,152.0,51805.0,378.0,,,945,,
2026-07-28,大田,巨峰,山梨,相対,0.4,51293.0,51805.0,648.0,616.0,540.0,1620,1540,1350
2026-07-28,板橋,シャインマスカット,岡山,相対,5.0,600.0,600.0,,15120.0,,,3024,
2026-07-28,板橋,巨峰,山梨,相対,0.35,600.0,600.0,594.0,,,1697,,
2026-07-28,淀橋,シャインマスカット,各地,相対,5.0,7745.0,7745.0,21600.0,19440.0,18360.0,4320,3888,3672
2026-07-28,淀橋,シャインマスカット,山梨,相対,3.0,7745.0,7745.0,10800.0,,7560.0,3600,,2520
2026-07-28,淀橋,デラウェア,山形,相対,0.35,7745.0,7745.0,518.0,486.0,432.0,1480,1389,1234
2026-07-28,淀橋,巨峰,山梨,相対,0.35,7745.0,7745.0,810.0,,,2314,,
2026-07-28,葛西,デラウェア,各地,相対,2.0,700.0,700.0,,378.0,,,189,
2026-07-28,葛西,巨峰,山梨,相対,0.4,700.0,700.0,,648.0,,,1620,
2026-07-28,豊島,シャインマスカット,山梨,相対,3.0,800.0,800.0,11880.0,10800.0,9720.0,3960,3600,3240
2026-07-28,豊島,巨峰,山梨,相対,0.4,800.0,800.0,648.0,,,1620,,
2026-07-28,豊洲,アレキサンドリア,岡山,相対,0.75,6009.0,9621.0,,3456.0,,,4608,
2026-07-28,豊洲,シャインマスカット,各地,相対,5.0,6009.0,9621.0,18360.0,17280.0,16200.0,3672,3456,3240
2026-07-28,豊洲,シャインマスカット,各地,第三者販売,5.0,3579.0,9621.0,,17280.0,,,3456,
2026-07-28,豊洲,シャインマスカット,山梨,相対,5.0,6009.0,9621.0,,17280.0,,,3456,
2026-07-28,豊洲,シャインマスカット,山梨,第三者販売,5.0,3579.0,9621.0,,17280.0,,,3456,
2026-07-28,豊洲,シャインマスカット,岡山,相対,5.0,6009.0,9621.0,16200.0,15120.0,11880.0,3240,3024,2376
2026-07-28,豊洲,シャインマスカット,岡山,第三者販売,5.0,3579.0,9621.0,19440.0,17280.0,15120.0,3888,3456,3024
2026-07-28,豊洲,デラウェア,各地,相対,2.0,6009.0,9621.0,,2700.0,,,1350,
2026-07-28,豊洲,デラウェア,各地,第三者販売,2.0,3579.0,9621.0,,2376.0,,,1188,
2026-07-28,豊洲,デラウェア,山形,相対,2.0,6009.0,9621.0,1944.0,1728.0,1512.0,972,864,756
2026-07-28,豊洲,デラウェア,山形,第三者販売,2.0,3579.0,9621.0,1944.0,1728.0,1512.0,972,864,756
2026-07-28,豊洲,巨峰,各地,相対,0.35,6009.0,9621.0,,810.0,,,2314,
2026-07-28,豊洲,巨峰,各地,第三者販売,0.35,3579.0,9621.0,,648.0,,,1851,
2026-07-28,豊洲,巨峰,山梨,相対,0.4,6009.0,9621.0,648.0,626.0,572.0,1620,1565,1430
2026-07-28,豊洲,巨峰,山梨,第三者販売,0.4,3579.0,9621.0,626.0,,572.0,1565,,1430
2026-07-30,北足立,シャインマスカット,山梨,相対,5.0,7400.0,7400.0,,19440.0,,,3888,
2026-07-30,北足立,デラウェア,各地,相対,2.0,7400.0,7400.0,,2376.0,,,1188,
2026-07-30,北足立,デラウェア,山形,相対,2.0,7400.0,7400.0,2160.0,1944.0,1620.0,1080,972,810
2026-07-30,北足立,巨峰,山梨,相対,5.0,7400.0,7400.0,,16200.0,,,3240,
2026-07-30,多摩NT,シャインマスカット,各地,相対,5.0,512.0,512.0,23760.0,,,4752,,
2026-07-30,多摩NT,シャインマスカット,山梨,相対,5.0,512.0,512.0,19440.0,,,3888,,
2026-07-30,多摩NT,デラウェア,大阪,相対,0.3,512.0,512.0,410.0,388.0,302.0,1367,1293,1007
2026-07-30,多摩NT,デラウェア,山形,相対,2.0,512.0,512.0,3024.0,2700.0,,1512,1350,
2026-07-30,多摩NT,巨峰,山梨,相対,0.35,512.0,512.0,972.0,,,2777,,
2026-07-30,多摩NT,巨峰,福岡,相対,0.35,512.0,512.0,702.0,,,2006,,
2026-07-30,大田,アレキサンドリア,岡山,相対,0.75,67204.0,67902.0,4320.0,3780.0,2700.0,5760,5040,3600
2026-07-30,大田,シャインマスカット,各地,相対,5.0,67204.0,67902.0,21600.0,15876.0,11880.0,4320,3175,2376
2026-07-30,大田,シャインマスカット,山梨,せり・入札,5.0,348.0,67902.0,6480.0,5400.0,,1296,1080,
2026-07-30,大田,シャインマスカット,山梨,相対,5.0,67204.0,67902.0,18360.0,14580.0,9720.0,3672,2916,1944
2026-07-30,大田,シャインマスカット,岡山,相対,5.0,67204.0,67902.0,16200.0,12096.0,10800.0,3240,2419,2160
2026-07-30,大田,デラウェア,各地,相対,2.0,67204.0,67902.0,2700.0,2700.0,,1350,1350,
2026-07-30,大田,デラウェア,山形,相対,2.0,67204.0,67902.0,1944.0,1620.0,1188.0,972,810,594
2026-07-30,大田,巨峰,各地,せり・入札,0.35,348.0,67902.0,540.0,,,1543,,
2026-07-30,大田,巨峰,各地,相対,0.35,67204.0,67902.0,864.0,562.0,378.0,2469,1606,1080
2026-07-30,大田,巨峰,山梨,せり・入札,0.4,348.0,67902.0,594.0,,,1485,,
2026-07-30,大田,巨峰,山梨,相対,0.4,67204.0,67902.0,648.0,616.0,540.0,1620,1540,1350
2026-07-30,板橋,シャインマスカット,山梨,相対,5.0,600.0,600.0,,15120.0,,,3024,
2026-07-30,板橋,巨峰,山梨,相対,0.35,600.0,600.0,594.0,,,1697,,
2026-07-30,淀橋,シャインマスカット,各地,相対,5.0,9718.0,9718.0,21600.0,19440.0,18360.0,4320,3888,3672
2026-07-30,淀橋,シャインマスカット,山梨,相対,3.0,9718.0,9718.0,10800.0,,7560.0,3600,,2520
2026-07-30,淀橋,デラウェア,山形,相対,0.35,9718.0,9718.0,518.0,486.0,432.0,1480,1389,1234
2026-07-30,淀橋,巨峰,各地,相対,0.35,9718.0,9718.0,810.0,,,2314,,
2026-07-30,淀橋,巨峰,山梨,相対,0.35,9718.0,9718.0,702.0,,,2006,,
2026-07-30,葛西,デラウェア,山形,相対,2.0,700.0,700.0,,378.0,,,189,
2026-07-30,豊島,デラウェア,各地,相対,2.0,6500.0,6500.0,302.0,,292.0,151,,146
2026-07-30,豊島,デラウェア,山形,相対,2.0,6500.0,6500.0,378.0,270.0,248.0,189,135,124
2026-07-30,豊島,巨峰,山梨,相対,0.4,6500.0,6500.0,648.0,626.0,594.0,1620,1565,1485
2026-07-30,豊洲,アレキサンドリア,岡山,相対,0.75,9228.0,13580.0,,3240.0,,,4320,
2026-07-30,豊洲,シャインマスカット,各地,相対,5.0,9228.0,13580.0,17820.0,16200.0,15120.0,3564,3240,3024
2026-07-30,豊洲,シャインマスカット,各地,第三者販売,5.0,4320.0,13580.0,17280.0,,16200.0,3456,,3240
2026-07-30,豊洲,シャインマスカット,山梨,相対,5.0,9228.0,13580.0,17280.0,,15120.0,3456,,3024
2026-07-30,豊洲,シャインマスカット,山梨,第三者販売,5.0,4320.0,13580.0,,16200.0,,,3240,
2026-07-30,豊洲,シャインマスカット,岡山,相対,5.0,9228.0,13580.0,19440.0,15120.0,14040.0,3888,3024,2808
2026-07-30,豊洲,シャインマスカット,岡山,第三者販売,5.0,4320.0,13580.0,19440.0,17280.0,14580.0,3888,3456,2916
2026-07-30,豊洲,デラウェア,各地,相対,2.0,9228.0,13580.0,,1620.0,,,810,
2026-07-30,豊洲,デラウェア,山形,相対,2.0,9228.0,13580.0,1728.0,1512.0,1296.0,864,756,648
2026-07-30,豊洲,デラウェア,山形,第三者販売,2.0,4320.0,13580.0,1944.0,1728.0,1512.0,972,864,756
2026-07-30,豊洲,巨峰,各地,相対,0.35,9228.0,13580.0,,810.0,,,2314,
2026-07-30,豊洲,巨峰,各地,第三者販売,0.35,4320.0,13580.0,,648.0,,,1851,
2026-07-30,豊洲,巨峰,山梨,相対,0.4,9228.0,13580.0,626.0,594.0,540.0,1565,1485,1350
2026-07-30,豊洲,巨峰,山梨,第三者販売,0.4,4320.0,13580.0,626.0,,540.0,1565,,1350
2026-07-31,世田谷,シャインマスカット,岡山,相対,5.0,700.0,700.0,,16200.0,,,3240,
2026-07-31,世田谷,デラウェア,山形,相対,2.0,700.0,700.0,2700.0,,,1350,,
2026-07-31,北足立,シャインマスカット,山梨,相対,5.0,7100.0,7100.0,,19440.0,,,3888,
2026-07-31,北足立,デラウェア,各地,相対,2.0,7100.0,7100.0,,2376.0,,,1188,
2026-07-31,北足立,デラウェア,山形,相対,2.0,7100.0,7100.0,2160.0,1944.0,1620.0,1080,972,810
2026-07-31,北足立,巨峰,山梨,相対,5.0,7100.0,7100.0,,16200.0,,,3240,
2026-07-31,多摩NT,シャインマスカット,各地,相対,5.0,410.0,410.0,23760.0,,,4752,,
2026-07-31,多摩NT,シャインマスカット,山梨,相対,5.0,410.0,410.0,19440.0,,,3888,,
2026-07-31,多摩NT,デラウェア,大阪,相対,0.3,410.0,410.0,410.0,388.0,302.0,1367,1293,1007
2026-07-31,多摩NT,デラウェア,山形,相対,2.0,410.0,410.0,3024.0,2700.0,,1512,1350,
2026-07-31,大田,アレキサンドリア,岡山,相対,0.75,55550.0,56449.0,4320.0,3564.0,2160.0,5760,4752,2880
2026-07-31,大田,シャインマスカット,各地,相対,5.0,55550.0,56449.0,21600.0,15876.0,12960.0,4320,3175,2592
2026-07-31,大田,シャインマスカット,山梨,せり・入札,5.0,199.0,56449.0,5400.0,,,1080,,
2026-07-31,大田,シャインマスカット,山梨,相対,5.0,55550.0,56449.0,20520.0,15444.0,9720.0,4104,3089,1944
2026-07-31,大田,シャインマスカット,岡山,相対,5.0,55550.0,56449.0,24840.0,13500.0,8100.0,4968,2700,1620
2026-07-31,大田,デラウェア,各地,相対,2.0,55550.0,56449.0,3240.0,2268.0,1944.0,1620,1134,972
2026-07-31,大田,デラウェア,山形,相対,2.0,55550.0,56449.0,2160.0,1620.0,1188.0,1080,810,594
2026-07-31,大田,巨峰,各地,相対,0.35,55550.0,56449.0,810.0,713.0,540.0,2314,2037,1543
2026-07-31,大田,巨峰,山梨,相対,0.4,55550.0,56449.0,648.0,605.0,432.0,1620,1512,1080
2026-07-31,板橋,シャインマスカット,山梨,相対,5.0,400.0,400.0,,15120.0,,,3024,
2026-07-31,板橋,巨峰,山梨,相対,0.35,400.0,400.0,540.0,,,1543,,
2026-07-31,淀橋,シャインマスカット,各地,相対,5.0,8274.0,8274.0,21600.0,19440.0,18360.0,4320,3888,3672
2026-07-31,淀橋,シャインマスカット,山梨,相対,3.0,8274.0,8274.0,10800.0,,7560.0,3600,,2520
2026-07-31,淀橋,デラウェア,山形,相対,0.35,8274.0,8274.0,518.0,486.0,432.0,1480,1389,1234
2026-07-31,淀橋,巨峰,各地,相対,0.35,8274.0,8274.0,810.0,,,2314,,
2026-07-31,淀橋,巨峰,山梨,相対,0.35,8274.0,8274.0,702.0,,,2006,,
2026-07-31,葛西,デラウェア,各地,相対,2.0,700.0,700.0,,378.0,,,189,
2026-07-31,葛西,巨峰,各地,相対,0.35,700.0,700.0,,648.0,,,1851,
2026-07-31,豊島,シャインマスカット,山梨,相対,3.0,800.0,800.0,1134.0,1026.0,918.0,378,342,306
2026-07-31,豊島,デラウェア,各地,相対,2.0,800.0,800.0,292.0,,,146,,
2026-07-31,豊島,デラウェア,山形,相対,2.0,800.0,800.0,1728.0,,,864,,
2026-07-31,豊島,巨峰,山梨,相対,0.4,800.0,800.0,648.0,,,1620,,
2026-07-31,豊洲,アレキサンドリア,岡山,相対,0.75,8434.0,10490.0,3240.0,,1836.0,4320,,2448
2026-07-31,豊洲,シャインマスカット,各地,相対,5.0,8434.0,10490.0,17280.0,16200.0,15120.0,3456,3240,3024
2026-07-31,豊洲,シャインマスカット,山梨,相対,5.0,8434.0,10490.0,,17280.0,,,3456,
2026-07-31,豊洲,シャインマスカット,岡山,相対,5.0,8434.0,10490.0,15120.0,14040.0,10800.0,3024,2808,2160
2026-07-31,豊洲,シャインマスカット,岡山,第三者販売,5.0,2014.0,10490.0,17280.0,16200.0,14040.0,3456,3240,2808
2026-07-31,豊洲,デラウェア,各地,相対,2.0,8434.0,10490.0,,2376.0,,,1188,
2026-07-31,豊洲,デラウェア,山形,相対,2.0,8434.0,10490.0,1728.0,,1512.0,864,,756
2026-07-31,豊洲,デラウェア,山形,第三者販売,2.0,2014.0,10490.0,1728.0,,1512.0,864,,756
2026-07-31,豊洲,巨峰,各地,相対,0.35,8434.0,10490.0,918.0,648.0,594.0,2623,1851,1697
2026-07-31,豊洲,巨峰,各地,第三者販売,0.35,2014.0,10490.0,,540.0,,,1543,
2026-07-31,豊洲,巨峰,山梨,相対,0.4,8434.0,10490.0,594.0,,540.0,1485,,1350
2026-07-31,豊洲,巨峰,山梨,第三者販売,0.4,2014.0,10490.0,626.0,,572.0,1565,,1430
2026-08-01,世田谷,シャインマスカット,各地,相対,5.0,600.0,600.0,15120.0,,,3024,,
2026-08-01,世田谷,デラウェア,山梨,相対,2.0,600.0,600.0,2700.0,,,1350,,
2026-08-01,北足立,シャインマスカット,山梨,相対,5.0,8000.0,8000.0,,19440.0,,,3888,
2026-08-01,北足立,デラウェア,山形,相対,2.0,8000.0,8000.0,2160.0,1944.0,1620.0,1080,972,810
2026-08-01,北足立,デラウェア,山梨,相対,2.0,8000.0,8000.0,,2376.0,,,1188,
2026-08-01,北足立,巨峰,山梨,相対,5.0,8000.0,8000.0,,16200.0,,,3240,
2026-08-01,多摩NT,シャインマスカット,山梨,相対,5.0,2216.0,2216.0,17280.0,14040.0,12960.0,3456,2808,2592
2026-08-01,多摩NT,シャインマスカット,長野,相対,5.0,2216.0,2216.0,16200.0,,,3240,,
2026-08-01,多摩NT,デラウェア,山形,相対,2.0,2216.0,2216.0,1944.0,1620.0,1296.0,972,810,648
2026-08-01,多摩NT,デラウェア,山梨,相対,2.0,2216.0,2216.0,1944.0,,,972,,
2026-08-01,多摩NT,ピオーネ,山梨,相対,0.4,2216.0,2216.0,648.0,,,1620,,
2026-08-01,多摩NT,巨峰,山梨,相対,5.0,2216.0,2216.0,7560.0,,,1512,,
2026-08-01,多摩NT,巨峰,長野,相対,0.35,2216.0,2216.0,756.0,,,2160,,
2026-08-01,大田,シャインマスカット,各地,商物分離,5.0,710.0,64930.0,14040.0,,,2808,,
2026-08-01,大田,シャインマスカット,各地,相対,5.0,64004.0,64930.0,24840.0,12960.0,8100.0,4968,2592,1620
2026-08-01,大田,シャインマスカット,各地,第三者販売,5.0,54.0,64930.0,10800.0,,,2160,,
2026-08-01,大田,シャインマスカット,山梨,相対,5.0,64004.0,64930.0,18360.0,15120.0,10800.0,3672,3024,2160
2026-08-01,大田,シャインマスカット,長野,相対,5.0,64004.0,64930.0,19440.0,15120.0,14040.0,3888,3024,2808
2026-08-01,大田,デラウェア,山形,相対,2.0,64004.0,64930.0,2160.0,1620.0,1188.0,1080,810,594
2026-08-01,大田,デラウェア,山梨,相対,2.0,64004.0,64930.0,3240.0,3240.0,1080.0,1620,1620,540
2026-08-01,大田,ピオーネ,各地,相対,5.0,64004.0,64930.0,17280.0,15444.0,9720.0,3456,3089,1944
2026-08-01,大田,ピオーネ,山梨,相対,0.4,64004.0,64930.0,594.0,,,1485,,
2026-08-01,大田,ピオーネ,岡山,相対,5.0,64004.0,64930.0,14040.0,8532.0,7560.0,2808,1706,1512
2026-08-01,大田,巨峰,各地,相対,0.35,64004.0,64930.0,702.0,,486.0,2006,,1389
2026-08-01,大田,巨峰,山梨,相対,5.0,64004.0,64930.0,12960.0,7560.0,3240.0,2592,1512,648
2026-08-01,大田,巨峰,長野,相対,0.35,64004.0,64930.0,972.0,,594.0,2777,,1697
2026-08-01,板橋,シャインマスカット,山梨,相対,5.0,500.0,500.0,,15120.0,,,3024,
2026-08-01,淀橋,シャインマスカット,山梨,相対,5.0,8749.0,8749.0,18360.0,,12960.0,3672,,2592
2026-08-01,淀橋,シャインマスカット,長野,相対,5.0,8749.0,8749.0,21600.0,19440.0,18360.0,4320,3888,3672
2026-08-01,淀橋,デラウェア,山形,相対,2.0,8749.0,8749.0,2160.0,1944.0,1728.0,1080,972,864
2026-08-01,淀橋,ピオーネ,山梨,相対,5.0,8749.0,8749.0,10800.0,,,2160,,
2026-08-01,淀橋,巨峰,山梨,相対,5.0,8749.0,8749.0,8100.0,,7020.0,1620,,1404
2026-08-01,淀橋,巨峰,長野,相対,0.35,8749.0,8749.0,810.0,,,2314,,
2026-08-01,葛西,デラウェア,各地,相対,2.0,700.0,700.0,,378.0,,,189,
2026-08-01,葛西,巨峰,各地,相対,0.35,700.0,700.0,,648.0,,,1851,
2026-08-01,豊島,シャインマスカット,山梨,相対,5.0,800.0,800.0,1134.0,1026.0,918.0,227,205,184
2026-08-01,豊島,デラウェア,山形,相対,2.0,800.0,800.0,378.0,324.0,270.0,189,162,135
2026-08-01,豊洲,シャインマスカット,各地,相対,5.0,9673.0,13422.0,14040.0,10800.0,9720.0,2808,2160,1944
2026-08-01,豊洲,シャインマスカット,各地,第三者販売,5.0,3749.0,13422.0,17280.0,16200.0,15120.0,3456,3240,3024
2026-08-01,豊洲,シャインマスカット,山梨,相対,5.0,9673.0,13422.0,17280.0,,12960.0,3456,,2592
2026-08-01,豊洲,シャインマスカット,山梨,第三者販売,5.0,3749.0,13422.0,,17280.0,,,3456,
2026-08-01,豊洲,シャインマスカット,長野,相対,5.0,9673.0,13422.0,17280.0,16200.0,15120.0,3456,3240,3024
2026-08-01,豊洲,シャインマスカット,長野,第三者販売,5.0,3749.0,13422.0,16200.0,,14040.0,3240,,2808
2026-08-01,豊洲,デラウェア,山形,相対,2.0,9673.0,13422.0,1728.0,,1512.0,864,,756
2026-08-01,豊洲,デラウェア,山形,第三者販売,2.0,3749.0,13422.0,1944.0,1728.0,1512.0,972,864,756
2026-08-01,豊洲,デラウェア,山梨,相対,2.0,9673.0,13422.0,,2376.0,,,1188,
2026-08-01,豊洲,ピオーネ,山梨,相対,0.4,9673.0,13422.0,648.0,,594.0,1620,,1485
2026-08-01,豊洲,ピオーネ,山梨,第三者販売,0.4,3749.0,13422.0,,594.0,,,1485,
2026-08-01,豊洲,ピオーネ,岡山,相対,5.0,9673.0,13422.0,9720.0,,8640.0,1944,,1728
2026-08-01,豊洲,巨峰,山梨,相対,5.0,9673.0,13422.0,7776.0,7560.0,7020.0,1555,1512,1404
2026-08-01,豊洲,巨峰,山梨,第三者販売,5.0,3749.0,13422.0,7776.0,7560.0,7020.0,1555,1512,1404
2026-08-01,豊洲,巨峰,長野,相対,0.35,9673.0,13422.0,918.0,,594.0,2623,,1697
2026-08-03,世田谷,デラウェア,山形,相対,2.0,300.0,300.0,2700.0,,,1350,,
2026-08-03,世田谷,巨峰,山梨,相対,5.0,300.0,300.0,6480.0,,,1296,,
2026-08-03,北足立,シャインマスカット,山梨,相対,5.0,6900.0,6900.0,,19440.0,,,3888,
2026-08-03,北足立,デラウェア,山形,相対,2.0,6900.0,6900.0,2160.0,1944.0,1620.0,1080,972,810
2026-08-03,北足立,デラウェア,山梨,相対,2.0,6900.0,6900.0,,2376.0,,,1188,
2026-08-03,北足立,巨峰,山梨,相対,5.0,6900.0,6900.0,,16200.0,,,3240,
2026-08-03,多摩NT,シャインマスカット,山梨,相対,5.0,859.0,859.0,17280.0,14040.0,12960.0,3456,2808,2592
2026-08-03,多摩NT,シャインマスカット,長野,相対,5.0,859.0,859.0,16200.0,,,3240,,
2026-08-03,多摩NT,デラウェア,山形,相対,2.0,859.0,859.0,1944.0,1620.0,1296.0,972,810,648
2026-08-03,多摩NT,デラウェア,山梨,相対,2.0,859.0,859.0,1944.0,,,972,,
2026-08-03,多摩NT,巨峰,山梨,相対,5.0,859.0,859.0,7560.0,,,1512,,
2026-08-03,多摩NT,巨峰,長野,相対,0.35,859.0,859.0,756.0,,,2160,,
2026-08-03,大田,シャインマスカット,各地,商物分離,5.0,741.0,74414.0,14040.0,,,2808,,
2026-08-03,大田,シャインマスカット,各地,相対,5.0,73297.0,74414.0,24840.0,12960.0,7560.0,4968,2592,1512
2026-08-03,大田,シャインマスカット,各地,第三者販売,5.0,87.0,74414.0,10800.0,,,2160,,
2026-08-03,大田,シャインマスカット,山梨,せり・入札,5.0,289.0,74414.0,5940.0,,5400.0,1188,,1080
2026-08-03,大田,シャインマスカット,山梨,相対,5.0,73297.0,74414.0,16200.0,15120.0,10800.0,3240,3024,2160
2026-08-03,大田,シャインマスカット,長野,相対,5.0,73297.0,74414.0,19440.0,15120.0,14040.0,3888,3024,2808
2026-08-03,大田,デラウェア,山形,相対,2.0,73297.0,74414.0,1944.0,1620.0,1080.0,972,810,540
2026-08-03,大田,デラウェア,山梨,相対,2.0,73297.0,74414.0,2700.0,2160.0,1728.0,1350,1080,864
2026-08-03,大田,ピオーネ,各地,相対,5.0,73297.0,74414.0,17280.0,17280.0,5940.0,3456,3456,1188
2026-08-03,大田,ピオーネ,山梨,相対,0.4,73297.0,74414.0,648.0,540.0,486.0,1620,1350,1215
2026-08-03,大田,ピオーネ,岡山,相対,5.0,73297.0,74414.0,12960.0,8532.0,6480.0,2592,1706,1296
2026-08-03,大田,巨峰,各地,せり・入札,0.35,289.0,74414.0,486.0,,432.0,1389,,1234
2026-08-03,大田,巨峰,各地,相対,0.35,73297.0,74414.0,594.0,540.0,,1697,1543,
2026-08-03,大田,巨峰,山梨,せり・入札,5.0,289.0,74414.0,6480.0,5400.0,,1296,1080,
2026-08-03,大田,巨峰,山梨,相対,5.0,73297.0,74414.0,10800.0,7560.0,3780.0,2160,1512,756
2026-08-03,大田,巨峰,長野,相対,0.35,73297.0,74414.0,756.0,,594.0,2160,,1697
2026-08-03,板橋,シャインマスカット,山梨,相対,5.0,600.0,600.0,,13500.0,,,2700,
2026-08-03,淀橋,シャインマスカット,山梨,相対,5.0,10182.0,10182.0,18360.0,,12960.0,3672,,2592
2026-08-03,淀橋,シャインマスカット,長野,相対,5.0,10182.0,10182.0,21600.0,19440.0,18360.0,4320,3888,3672
2026-08-03,淀橋,デラウェア,山形,相対,2.0,10182.0,10182.0,2160.0,1944.0,1728.0,1080,972,864
2026-08-03,淀橋,ピオーネ,山梨,相対,5.0,10182.0,10182.0,10800.0,,,2160,,
2026-08-03,淀橋,巨峰,山梨,相対,5.0,10182.0,10182.0,8100.0,,7020.0,1620,,1404
2026-08-03,淀橋,巨峰,長野,相対,0.35,10182.0,10182.0,810.0,,,2314,,
2026-08-03,葛西,デラウェア,各地,相対,2.0,2400.0,2400.0,,378.0,,,189,
2026-08-03,葛西,巨峰,各地,相対,0.35,2400.0,2400.0,,648.0,,,1851,
2026-08-03,豊島,シャインマスカット,山梨,相対,5.0,800.0,800.0,1188.0,1026.0,918.0,238,205,184
2026-08-03,豊島,デラウェア,山形,相対,2.0,800.0,800.0,378.0,302.0,270.0,189,151,135
2026-08-03,豊島,巨峰,山梨,相対,5.0,800.0,800.0,648.0,,594.0,130,,119
2026-08-03,豊洲,シャインマスカット,各地,相対,5.0,10410.0,16309.0,19440.0,16740.0,12960.0,3888,3348,2592
2026-08-03,豊洲,シャインマスカット,各地,第三者販売,5.0,5810.0,16309.0,20520.0,16200.0,15120.0,4104,3240,3024
2026-08-03,豊洲,シャインマスカット,山梨,相対,5.0,10410.0,16309.0,16200.0,,9180.0,3240,,1836
2026-08-03,豊洲,シャインマスカット,山梨,第三者販売,5.0,5810.0,16309.0,,12960.0,,,2592,
2026-08-03,豊洲,シャインマスカット,長野,相対,5.0,10410.0,16309.0,16200.0,15120.0,14040.0,3240,3024,2808
2026-08-03,豊洲,シャインマスカット,長野,第三者販売,5.0,5810.0,16309.0,16200.0,15120.0,14040.0,3240,3024,2808
2026-08-03,豊洲,デラウェア,山形,相対,2.0,10410.0,16309.0,1728.0,1512.0,1080.0,864,756,540
2026-08-03,豊洲,デラウェア,山形,第三者販売,2.0,5810.0,16309.0,1944.0,1728.0,1512.0,972,864,756
2026-08-03,豊洲,デラウェア,山梨,相対,2.0,10410.0,16309.0,1944.0,,1620.0,972,,810
2026-08-03,豊洲,ピオーネ,各地,相対,5.0,10410.0,16309.0,,16200.0,,,3240,
2026-08-03,豊洲,ピオーネ,山梨,相対,0.4,10410.0,16309.0,648.0,,594.0,1620,,1485
2026-08-03,豊洲,ピオーネ,岡山,相対,5.0,10410.0,16309.0,8640.0,,5400.0,1728,,1080
2026-08-03,豊洲,巨峰,山梨,せり・入札,5.0,89.0,16309.0,,5940.0,,,1188,
2026-08-03,豊洲,巨峰,山梨,相対,5.0,10410.0,16309.0,7776.0,6480.0,5940.0,1555,1296,1188
2026-08-03,豊洲,巨峰,山梨,第三者販売,5.0,5810.0,16309.0,7560.0,7020.0,6480.0,1512,1404,1296
2026-08-03,豊洲,巨峰,長野,相対,0.35,10410.0,16309.0,,756.0,,,2160,
2026-08-04,世田谷,デラウェア,山形,相対,2.0,500.0,500.0,2700.0,,,1350,,
2026-08-04,世田谷,巨峰,山梨,相対,5.0,500.0,500.0,6480.0,,,1296,,
2026-08-04,北足立,シャインマスカット,山梨,相対,5.0,5700.0,5700.0,,19440.0,,,3888,
2026-08-04,北足立,デラウェア,山形,相対,2.0,5700.0,5700.0,2160.0,1944.0,1620.0,1080,972,810
2026-08-04,北足立,デラウェア,山梨,相対,2.0,5700.0,5700.0,,2376.0,,,1188,
2026-08-04,北足立,巨峰,山梨,相対,5.0,5700.0,5700.0,,16200.0,,,3240,
2026-08-04,多摩NT,シャインマスカット,山梨,相対,5.0,1243.0,1247.0,17280.0,14040.0,12960.0,3456,2808,2592
2026-08-04,多摩NT,シャインマスカット,長野,相対,5.0,1243.0,1247.0,16200.0,,,3240,,
2026-08-04,多摩NT,デラウェア,山形,相対,2.0,1243.0,1247.0,1944.0,1620.0,1296.0,972,810,648
2026-08-04,多摩NT,デラウェア,山梨,相対,2.0,1243.0,1247.0,1944.0,,,972,,
2026-08-04,多摩NT,ピオーネ,山梨,相対,0.4,1243.0,1247.0,648.0,,,1620,,
2026-08-04,多摩NT,巨峰,山梨,相対,5.0,1243.0,1247.0,7560.0,,,1512,,
2026-08-04,多摩NT,巨峰,長野,相対,0.35,1243.0,1247.0,756.0,,,2160,,
2026-08-04,多摩NT,巨峰,長野,第三者販売,0.35,4.0,1247.0,756.0,,,2160,,
2026-08-04,大田,シャインマスカット,各地,商物分離,5.0,720.0,73460.0,14040.0,,,2808,,
2026-08-04,大田,シャインマスカット,各地,相対,5.0,72440.0,73460.0,24840.0,12960.0,7560.0,4968,2592,1512
2026-08-04,大田,シャインマスカット,山梨,せり・入札,5.0,248.0,73460.0,7020.0,5400.0,,1404,1080,
2026-08-04,大田,シャインマスカット,山梨,相対,5.0,72440.0,73460.0,20520.0,14040.0,9720.0,4104,2808,1944
2026-08-04,大田,シャインマスカット,長野,相対,5.0,72440.0,73460.0,19440.0,15120.0,14040.0,3888,3024,2808
2026-08-04,大田,デラウェア,山形,相対,2.0,72440.0,73460.0,1944.0,1620.0,864.0,972,810,432
2026-08-04,大田,デラウェア,山梨,相対,2.0,72440.0,73460.0,2700.0,2160.0,1404.0,1350,1080,702
2026-08-04,大田,ピオーネ,各地,相対,5.0,72440.0,73460.0,17280.0,16956.0,16200.0,3456,3391,3240
2026-08-04,大田,ピオーネ,山梨,相対,0.4,72440.0,73460.0,702.0,594.0,540.0,1755,1485,1350
2026-08-04,大田,ピオーネ,岡山,相対,5.0,72440.0,73460.0,14040.0,8856.0,6480.0,2808,1771,1296
2026-08-04,大田,巨峰,各地,相対,0.35,72440.0,73460.0,702.0,,410.0,2006,,1171
2026-08-04,大田,巨峰,山梨,せり・入札,5.0,248.0,73460.0,3240.0,,,648,,
2026-08-04,大田,巨峰,山梨,相対,5.0,72440.0,73460.0,10800.0,7560.0,3240.0,2160,1512,648
2026-08-04,大田,巨峰,長野,相対,0.35,72440.0,73460.0,756.0,,594.0,2160,,1697
2026-08-04,板橋,デラウェア,山形,相対,2.0,600.0,600.0,1620.0,,,810,,
2026-08-04,板橋,巨峰,山梨,相対,5.0,600.0,600.0,7020.0,,,1404,,
2026-08-04,淀橋,シャインマスカット,山梨,相対,5.0,9405.0,9405.0,18360.0,,12960.0,3672,,2592
2026-08-04,淀橋,シャインマスカット,長野,相対,5.0,9405.0,9405.0,21600.0,19440.0,18360.0,4320,3888,3672
2026-08-04,淀橋,デラウェア,山形,相対,2.0,9405.0,9405.0,2160.0,1944.0,1728.0,1080,972,864
2026-08-04,淀橋,ピオーネ,山梨,相対,5.0,9405.0,9405.0,10800.0,,,2160,,
2026-08-04,淀橋,巨峰,山梨,相対,5.0,9405.0,9405.0,8100.0,,7020.0,1620,,1404
2026-08-04,淀橋,巨峰,長野,相対,0.35,9405.0,9405.0,810.0,,,2314,,
2026-08-04,葛西,デラウェア,各地,相対,2.0,2000.0,2000.0,,378.0,,,189,
2026-08-04,葛西,巨峰,各地,相対,0.35,2000.0,2000.0,,648.0,,,1851,
2026-08-04,豊島,シャインマスカット,山梨,相対,5.0,1400.0,1400.0,1188.0,1080.0,972.0,238,216,194
2026-08-04,豊島,デラウェア,山形,相対,2.0,1400.0,1400.0,324.0,270.0,216.0,162,135,108
2026-08-04,豊洲,シャインマスカット,各地,相対,5.0,10011.0,16348.0,14040.0,,10800.0,2808,,2160
2026-08-04,豊洲,シャインマスカット,各地,第三者販売,5.0,6117.0,16348.0,14040.0,,12960.0,2808,,2592
2026-08-04,豊洲,シャインマスカット,山梨,相対,5.0,10011.0,16348.0,16200.0,12960.0,11880.0,3240,2592,2376
2026-08-04,豊洲,シャインマスカット,山梨,第三者販売,5.0,6117.0,16348.0,15120.0,12960.0,11880.0,3024,2592,2376
2026-08-04,豊洲,シャインマスカット,長野,相対,5.0,10011.0,16348.0,15660.0,15120.0,14040.0,3132,3024,2808
2026-08-04,豊洲,シャインマスカット,長野,第三者販売,5.0,6117.0,16348.0,15660.0,,15120.0,3132,,3024
2026-08-04,豊洲,デラウェア,山形,相対,2.0,10011.0,16348.0,1944.0,1728.0,1512.0,972,864,756
2026-08-04,豊洲,デラウェア,山形,第三者販売,2.0,6117.0,16348.0,1944.0,,1728.0,972,,864
2026-08-04,豊洲,デラウェア,山梨,相対,2.0,10011.0,16348.0,2376.0,,2160.0,1188,,1080
2026-08-04,豊洲,デラウェア,山梨,第三者販売,2.0,6117.0,16348.0,,2376.0,,,1188,
2026-08-04,豊洲,ピオーネ,各地,相対,5.0,10011.0,16348.0,,16200.0,,,3240,
2026-08-04,豊洲,ピオーネ,山梨,相対,0.4,10011.0,16348.0,,648.0,,,1620,
2026-08-04,豊洲,ピオーネ,山梨,第三者販売,0.4,6117.0,16348.0,648.0,,594.0,1620,,1485
2026-08-04,豊洲,ピオーネ,岡山,相対,5.0,10011.0,16348.0,10800.0,8640.0,6480.0,2160,1728,1296
2026-08-04,豊洲,巨峰,山梨,せり・入札,5.0,220.0,16348.0,,5400.0,,,1080,
2026-08-04,豊洲,巨峰,山梨,相対,5.0,10011.0,16348.0,7776.0,7020.0,6480.0,1555,1404,1296
2026-08-04,豊洲,巨峰,山梨,第三者販売,5.0,6117.0,16348.0,7776.0,7560.0,6480.0,1555,1512,1296
2026-08-04,豊洲,巨峰,長野,相対,0.35,10011.0,16348.0,756.0,,594.0,2160,,1697
2026-08-06,世田谷,デラウェア,山形,相対,2.0,400.0,400.0,2700.0,,,1350,,
2026-08-06,世田谷,巨峰,山梨,相対,5.0,400.0,400.0,6480.0,,,1296,,
2026-08-06,北足立,シャインマスカット,山梨,相対,5.0,7200.0,7200.0,,19440.0,,,3888,
2026-08-06,北足立,デラウェア,山形,相対,2.0,7200.0,7200.0,2160.0,1944.0,1620.0,1080,972,810
2026-08-06,北足立,デラウェア,山梨,相対,2.0,7200.0,7200.0,,2376.0,,,1188,
2026-08-06,北足立,巨峰,山梨,相対,5.0,7200.0,7200.0,,16200.0,,,3240,
2026-08-06,多摩NT,シャインマスカット,山梨,相対,5.0,962.0,962.0,17280.0,14040.0,12960.0,3456,2808,2592
2026-08-06,多摩NT,シャインマスカット,長野,相対,5.0,962.0,962.0,16200.0,,,3240,,
2026-08-06,多摩NT,デラウェア,山形,相対,2.0,962.0,962.0,1944.0,1620.0,1296.0,972,810,648
2026-08-06,多摩NT,デラウェア,山梨,相対,2.0,962.0,962.0,1944.0,,,972,,
2026-08-06,多摩NT,巨峰,山梨,相対,5.0,962.0,962.0,7560.0,,,1512,,
2026-08-06,多摩NT,巨峰,長野,相対,0.35,962.0,962.0,756.0,,,2160,,
2026-08-06,大田,シャインマスカット,各地,商物分離,5.0,573.0,94080.0,14040.0,,,2808,,
2026-08-06,大田,シャインマスカット,各地,相対,5.0,92712.0,94080.0,24840.0,14040.0,8100.0,4968,2808,1620
2026-08-06,大田,シャインマスカット,各地,第三者販売,5.0,15.0,94080.0,11880.0,,,2376,,
2026-08-06,大田,シャインマスカット,山梨,せり・入札,5.0,780.0,94080.0,7560.0,,6480.0,1512,,1296
2026-08-06,大田,シャインマスカット,山梨,相対,5.0,92712.0,94080.0,18360.0,12960.0,8640.0,3672,2592,1728
2026-08-06,大田,シャインマスカット,長野,相対,5.0,92712.0,94080.0,19440.0,15120.0,11880.0,3888,3024,2376
2026-08-06,大田,デラウェア,山形,相対,2.0,92712.0,94080.0,1944.0,1620.0,864.0,972,810,432
2026-08-06,大田,デラウェア,山梨,相対,2.0,92712.0,94080.0,2700.0,2160.0,1620.0,1350,1080,810
2026-08-06,大田,ピオーネ,各地,せり・入札,5.0,780.0,94080.0,4320.0,,,864,,
2026-08-06,大田,ピオーネ,各地,相対,5.0,92712.0,94080.0,17280.0,17280.0,5724.0,3456,3456,1145
2026-08-06,大田,ピオーネ,山梨,せり・入札,0.4,780.0,94080.0,486.0,,378.0,1215,,945
2026-08-06,大田,ピオーネ,山梨,相対,0.4,92712.0,94080.0,648.0,540.0,486.0,1620,1350,1215
2026-08-06,大田,ピオーネ,岡山,相対,5.0,92712.0,94080.0,12960.0,9504.0,7560.0,2592,1901,1512
2026-08-06,大田,巨峰,各地,せり・入札,0.35,780.0,94080.0,410.0,,,1171,,
2026-08-06,大田,巨峰,各地,相対,0.35,92712.0,94080.0,594.0,540.0,,1697,1543,
2026-08-06,大田,巨峰,山梨,せり・入札,5.0,780.0,94080.0,4860.0,4320.0,,972,864,
2026-08-06,大田,巨峰,山梨,相対,5.0,92712.0,94080.0,10800.0,6480.0,1080.0,2160,1296,216
2026-08-06,大田,巨峰,長野,相対,0.35,92712.0,94080.0,756.0,,594.0,2160,,1697
2026-08-06,板橋,シャインマスカット,山梨,相対,5.0,1200.0,1200.0,9720.0,,,1944,,
2026-08-06,板橋,シャインマスカット,長野,相対,5.0,1200.0,1200.0,,14040.0,,,2808,
2026-08-06,淀橋,シャインマスカット,山梨,相対,5.0,10487.0,10487.0,18360.0,,12960.0,3672,,2592
2026-08-06,淀橋,シャインマスカット,長野,相対,5.0,10487.0,10487.0,19440.0,17280.0,16200.0,3888,3456,3240
2026-08-06,淀橋,デラウェア,山形,相対,2.0,10487.0,10487.0,2160.0,1944.0,1728.0,1080,972,864
2026-08-06,淀橋,ピオーネ,山梨,相対,5.0,10487.0,10487.0,10800.0,,,2160,,
2026-08-06,淀橋,巨峰,山梨,相対,5.0,10487.0,10487.0,8100.0,,7020.0,1620,,1404
2026-08-06,淀橋,巨峰,長野,相対,0.35,10487.0,10487.0,810.0,,,2314,,
2026-08-06,葛西,デラウェア,各地,相対,2.0,1600.0,1600.0,,378.0,,,189,
2026-08-06,葛西,巨峰,各地,相対,0.35,1600.0,1600.0,,648.0,,,1851,
2026-08-06,豊島,デラウェア,山形,相対,2.0,800.0,800.0,324.0,270.0,216.0,162,135,108
2026-08-06,豊島,デラウェア,山梨,相対,2.0,800.0,800.0,216.0,,,108,,
2026-08-06,豊洲,シャインマスカット,各地,相対,5.0,12844.0,20576.0,16740.0,8640.0,6480.0,3348,1728,1296
2026-08-06,豊洲,シャインマスカット,各地,第三者販売,5.0,7563.0,20576.0,15120.0,14040.0,12960.0,3024,2808,2592
2026-08-06,豊洲,シャインマスカット,山梨,相対,5.0,12844.0,20576.0,16200.0,12960.0,11880.0,3240,2592,2376
2026-08-06,豊洲,シャインマスカット,山梨,第三者販売,5.0,7563.0,20576.0,14040.0,12960.0,9180.0,2808,2592,1836
2026-08-06,豊洲,シャインマスカット,長野,相対,5.0,12844.0,20576.0,15660.0,15120.0,14040.0,3132,3024,2808
2026-08-06,豊洲,シャインマスカット,長野,第三者販売,5.0,7563.0,20576.0,16200.0,15120.0,14040.0,3240,3024,2808
2026-08-06,豊洲,デラウェア,山形,相対,2.0,12844.0,20576.0,1728.0,1512.0,1404.0,864,756,702
2026-08-06,豊洲,デラウェア,山形,第三者販売,2.0,7563.0,20576.0,1944.0,,1512.0,972,,756
2026-08-06,豊洲,デラウェア,山梨,相対,2.0,12844.0,20576.0,1944.0,,1620.0,972,,810
2026-08-06,豊洲,デラウェア,山梨,第三者販売,2.0,7563.0,20576.0,,2160.0,,,1080,
2026-08-06,豊洲,ピオーネ,各地,相対,5.0,12844.0,20576.0,,16200.0,,,3240,
2026-08-06,豊洲,ピオーネ,山梨,相対,0.4,12844.0,20576.0,,648.0,,,1620,
2026-08-06,豊洲,ピオーネ,山梨,第三者販売,0.4,7563.0,20576.0,,594.0,,,1485,
2026-08-06,豊洲,ピオーネ,岡山,相対,5.0,12844.0,20576.0,9720.0,,6480.0,1944,,1296
2026-08-06,豊洲,巨峰,山梨,せり・入札,5.0,169.0,20576.0,4320.0,,3888.0,864,,778
2026-08-06,豊洲,巨峰,山梨,相対,5.0,12844.0,20576.0,7776.0,7020.0,6480.0,1555,1404,1296
2026-08-06,豊洲,巨峰,山梨,第三者販売,5.0,7563.0,20576.0,8100.0,7776.0,7020.0,1620,1555,1404
2026-08-06,豊洲,巨峰,長野,相対,0.35,12844.0,20576.0,810.0,,594.0,2314,,1697
2026-08-06,豊洲,巨峰,長野,第三者販売,0.35,7563.0,20576.0,,756.0,,,2160,
2026-08-07,世田谷,シャインマスカット,山梨,相対,5.0,700.0,700.0,6480.0,,,1296,,
2026-08-07,世田谷,巨峰,山梨,相対,5.0,700.0,700.0,6480.0,,,1296,,
2026-08-07,北足立,シャインマスカット,山梨,相対,5.0,8200.0,8200.0,,16200.0,,,3240,
2026-08-07,北足立,デラウェア,山形,相対,2.0,8200.0,8200.0,2160.0,1944.0,1620.0,1080,972,810
2026-08-07,北足立,デラウェア,山梨,相対,2.0,8200.0,8200.0,2160.0,,,1080,,
2026-08-07,北足立,巨峰,山梨,相対,5.0,8200.0,8200.0,,7020.0,,,1404,
2026-08-07,多摩NT,シャインマスカット,山梨,相対,5.0,1201.0,1201.0,17280.0,14040.0,12960.0,3456,2808,2592
2026-08-07,多摩NT,シャインマスカット,長野,相対,5.0,1201.0,1201.0,16200.0,,,3240,,
2026-08-07,多摩NT,デラウェア,山形,相対,2.0,1201.0,1201.0,1944.0,1620.0,1296.0,972,810,648
2026-08-07,多摩NT,デラウェア,山梨,相対,2.0,1201.0,1201.0,1944.0,,,972,,
2026-08-07,多摩NT,ピオーネ,山梨,相対,0.4,1201.0,1201.0,648.0,,,1620,,
2026-08-07,多摩NT,巨峰,山梨,相対,5.0,1201.0,1201.0,7560.0,,,1512,,
2026-08-07,多摩NT,巨峰,長野,相対,0.35,1201.0,1201.0,756.0,,,2160,,
2026-08-07,大田,シャインマスカット,各地,相対,5.0,86201.0,87470.0,24840.0,14040.0,8100.0,4968,2808,1620
2026-08-07,大田,シャインマスカット,山梨,せり・入札,5.0,759.0,87470.0,8640.0,7560.0,,1728,1512,
2026-08-07,大田,シャインマスカット,山梨,相対,5.0,86201.0,87470.0,18360.0,11880.0,8640.0,3672,2376,1728
2026-08-07,大田,シャインマスカット,長野,相対,5.0,86201.0,87470.0,19440.0,15120.0,14040.0,3888,3024,2808
2026-08-07,大田,デラウェア,山形,相対,2.0,86201.0,87470.0,1944.0,1620.0,1188.0,972,810,594
2026-08-07,大田,デラウェア,山梨,相対,2.0,86201.0,87470.0,2700.0,2160.0,1404.0,1350,1080,702
2026-08-07,大田,ピオーネ,各地,相対,5.0,86201.0,87470.0,17280.0,17280.0,5724.0,3456,3456,1145
2026-08-07,大田,ピオーネ,山梨,相対,0.4,86201.0,87470.0,702.0,540.0,486.0,1755,1350,1215
2026-08-07,大田,ピオーネ,岡山,相対,5.0,86201.0,87470.0,12960.0,9504.0,7560.0,2592,1901,1512
2026-08-07,大田,巨峰,各地,せり・入札,0.35,759.0,87470.0,356.0,,324.0,1017,,926
2026-08-07,大田,巨峰,各地,相対,0.35,86201.0,87470.0,594.0,,378.0,1697,,1080
2026-08-07,大田,巨峰,山梨,せり・入札,5.0,759.0,87470.0,5184.0,4860.0,4320.0,1037,972,864
2026-08-07,大田,巨峰,山梨,相対,5.0,86201.0,87470.0,10800.0,6480.0,1080.0,2160,1296,216
2026-08-07,大田,巨峰,長野,相対,0.35,86201.0,87470.0,756.0,,594.0,2160,,1697
2026-08-07,板橋,シャインマスカット,山梨,相対,5.0,2100.0,2100.0,14040.0,11880.0,,2808,2376,
2026-08-07,板橋,デラウェア,各地,相対,2.0,2100.0,2100.0,1620.0,,,810,,
2026-08-07,板橋,巨峰,山梨,相対,5.0,2100.0,2100.0,7020.0,,,1404,,
2026-08-07,淀橋,シャインマスカット,山梨,相対,5.0,10762.0,10762.0,17280.0,,12960.0,3456,,2592
2026-08-07,淀橋,シャインマスカット,長野,相対,5.0,10762.0,10762.0,19440.0,17280.0,16200.0,3888,3456,3240
2026-08-07,淀橋,デラウェア,山形,相対,2.0,10762.0,10762.0,2160.0,1944.0,1728.0,1080,972,864
2026-08-07,淀橋,ピオーネ,山梨,相対,5.0,10762.0,10762.0,10800.0,,,2160,,
2026-08-07,淀橋,巨峰,山梨,相対,5.0,10762.0,10762.0,7560.0,,6480.0,1512,,1296
2026-08-07,淀橋,巨峰,長野,相対,0.35,10762.0,10762.0,810.0,,,2314,,
2026-08-07,葛西,デラウェア,各地,相対,2.0,2400.0,2400.0,,378.0,,,189,
2026-08-07,葛西,巨峰,各地,相対,0.35,2400.0,2400.0,,648.0,,,1851,
2026-08-07,豊島,シャインマスカット,長野,相対,5.0,1100.0,1100.0,15120.0,,14040.0,3024,,2808
2026-08-07,豊島,デラウェア,山形,相対,2.0,1100.0,1100.0,1620.0,,,810,,
2026-08-07,豊島,巨峰,各地,相対,0.35,1100.0,1100.0,594.0,,572.0,1697,,1634
2026-08-07,豊島,巨峰,山梨,相対,5.0,1100.0,1100.0,7560.0,,7236.0,1512,,1447
2026-08-07,豊洲,シャインマスカット,各地,相対,5.0,12294.0,19481.0,22680.0,14040.0,11880.0,4536,2808,2376
2026-08-07,豊洲,シャインマスカット,各地,第三者販売,5.0,6964.0,19481.0,14040.0,11880.0,10800.0,2808,2376,2160
2026-08-07,豊洲,シャインマスカット,山梨,相対,5.0,12294.0,19481.0,16200.0,12960.0,11880.0,3240,2592,2376
2026-08-07,豊洲,シャインマスカット,山梨,第三者販売,5.0,6964.0,19481.0,12960.0,,11880.0,2592,,2376
2026-08-07,豊洲,シャインマスカット,長野,相対,5.0,12294.0,19481.0,16200.0,15120.0,14040.0,3240,3024,2808
2026-08-07,豊洲,シャインマスカット,長野,第三者販売,5.0,6964.0,19481.0,,15120.0,,,3024,
2026-08-07,豊洲,デラウェア,山形,相対,2.0,12294.0,19481.0,1728.0,,1512.0,864,,756
2026-08-07,豊洲,デラウェア,山形,第三者販売,2.0,6964.0,19481.0,1944.0,,1404.0,972,,702
2026-08-07,豊洲,デラウェア,山梨,相対,2.0,12294.0,19481.0,2376.0,,1620.0,1188,,810
2026-08-07,豊洲,デラウェア,山梨,第三者販売,2.0,6964.0,19481.0,,1944.0,,,972,
2026-08-07,豊洲,ピオーネ,各地,相対,5.0,12294.0,19481.0,,16200.0,,,3240,
2026-08-07,豊洲,ピオーネ,山梨,第三者販売,0.4,6964.0,19481.0,648.0,,594.0,1620,,1485
2026-08-07,豊洲,ピオーネ,岡山,相対,5.0,12294.0,19481.0,8640.0,,7560.0,1728,,1512
2026-08-07,豊洲,巨峰,山梨,相対,5.0,12294.0,19481.0,7776.0,7020.0,6480.0,1555,1404,1296
2026-08-07,豊洲,巨峰,山梨,第三者販売,5.0,6964.0,19481.0,8100.0,7776.0,7020.0,1620,1555,1404
2026-08-07,豊洲,巨峰,長野,相対,0.35,12294.0,19481.0,670.0,432.0,302.0,1914,1234,863
2026-08-08,世田谷,シャインマスカット,山梨,相対,5.0,900.0,900.0,,,5940.0,,,1188
2026-08-08,世田谷,デラウェア,山形,相対,2.0,900.0,900.0,2700.0,,,1350,,
2026-08-08,世田谷,巨峰,山梨,相対,5.0,900.0,900.0,6480.0,,,1296,,
2026-08-08,北足立,シャインマスカット,山梨,相対,5.0,9000.0,9000.0,,16200.0,,,3240,
2026-08-08,北足立,デラウェア,山形,相対,2.0,9000.0,9000.0,2160.0,1944.0,1620.0,1080,972,810
2026-08-08,北足立,デラウェア,山梨,相対,2.0,9000.0,9000.0,2160.0,,,1080,,
2026-08-08,北足立,巨峰,山梨,相対,5.0,9000.0,9000.0,,7020.0,,,1404,
2026-08-08,多摩NT,シャインマスカット,山梨,相対,5.0,2338.0,2338.0,17280.0,14040.0,12960.0,3456,2808,2592
2026-08-08,多摩NT,シャインマスカット,長野,相対,5.0,2338.0,2338.0,16200.0,,,3240,,
2026-08-08,多摩NT,デラウェア,山形,相対,2.0,2338.0,2338.0,1944.0,1620.0,1296.0,972,810,648
2026-08-08,多摩NT,デラウェア,山梨,相対,2.0,2338.0,2338.0,1944.0,,,972,,
2026-08-08,多摩NT,ピオーネ,山梨,相対,0.4,2338.0,2338.0,648.0,,,1620,,
2026-08-08,多摩NT,巨峰,山梨,相対,5.0,2338.0,2338.0,7560.0,,,1512,,
2026-08-08,多摩NT,巨峰,長野,相対,0.35,2338.0,2338.0,756.0,,,2160,,
2026-08-08,大田,シャインマスカット,各地,商物分離,5.0,32.0,77686.0,14040.0,,,2808,,
2026-08-08,大田,シャインマスカット,各地,相対,5.0,76632.0,77686.0,21600.0,11880.0,8100.0,4320,2376,1620
2026-08-08,大田,シャインマスカット,各地,第三者販売,5.0,507.0,77686.0,10800.0,,,2160,,
2026-08-08,大田,シャインマスカット,山梨,せり・入札,5.0,515.0,77686.0,8640.0,,7560.0,1728,,1512
2026-08-08,大田,シャインマスカット,山梨,相対,5.0,76632.0,77686.0,20520.0,11880.0,8640.0,4104,2376,1728
2026-08-08,大田,シャインマスカット,長野,相対,5.0,76632.0,77686.0,19440.0,15120.0,10800.0,3888,3024,2160
2026-08-08,大田,デラウェア,山形,相対,2.0,76632.0,77686.0,1944.0,1728.0,1188.0,972,864,594
2026-08-08,大田,デラウェア,山梨,相対,2.0,76632.0,77686.0,2700.0,2160.0,1728.0,1350,1080,864
2026-08-08,大田,ピオーネ,各地,相対,5.0,76632.0,77686.0,17280.0,16524.0,16200.0,3456,3305,3240
2026-08-08,大田,ピオーネ,山梨,相対,0.4,76632.0,77686.0,648.0,,486.0,1620,,1215
2026-08-08,大田,ピオーネ,岡山,相対,5.0,76632.0,77686.0,14040.0,9720.0,7560.0,2808,1944,1512
2026-08-08,大田,巨峰,各地,せり・入札,0.35,515.0,77686.0,324.0,,,926,,
2026-08-08,大田,巨峰,各地,相対,0.35,76632.0,77686.0,540.0,,378.0,1543,,1080
2026-08-08,大田,巨峰,山梨,せり・入札,5.0,515.0,77686.0,4320.0,,,864,,
2026-08-08,大田,巨峰,山梨,相対,5.0,76632.0,77686.0,8100.0,6480.0,3240.0,1620,1296,648
2026-08-08,大田,巨峰,長野,相対,0.35,76632.0,77686.0,756.0,,702.0,2160,,2006
2026-08-08,板橋,シャインマスカット,山梨,相対,5.0,2485.0,2600.0,10800.0,9720.0,8640.0,2160,1944,1728
2026-08-08,板橋,シャインマスカット,山梨,第三者販売,5.0,115.0,2600.0,9180.0,,,1836,,
2026-08-08,板橋,シャインマスカット,長野,相対,5.0,2485.0,2600.0,,14040.0,,,2808,
2026-08-08,板橋,デラウェア,山梨,相対,2.0,2485.0,2600.0,,1620.0,,,810,
2026-08-08,淀橋,シャインマスカット,山梨,相対,5.0,11351.0,11351.0,17280.0,,12960.0,3456,,2592
2026-08-08,淀橋,シャインマスカット,長野,相対,5.0,11351.0,11351.0,19440.0,17280.0,16200.0,3888,3456,3240
2026-08-08,淀橋,デラウェア,山形,相対,2.0,11351.0,11351.0,2160.0,1944.0,1728.0,1080,972,864
2026-08-08,淀橋,ピオーネ,山梨,相対,5.0,11351.0,11351.0,10800.0,,,2160,,
2026-08-08,淀橋,巨峰,山梨,相対,5.0,11351.0,11351.0,7560.0,,6480.0,1512,,1296
2026-08-08,淀橋,巨峰,長野,相対,0.35,11351.0,11351.0,810.0,,,2314,,
2026-08-08,葛西,デラウェア,各地,相対,2.0,2600.0,2600.0,,378.0,,,189,
2026-08-08,葛西,巨峰,各地,相対,0.35,2600.0,2600.0,,648.0,,,1851,
2026-08-08,豊島,シャインマスカット,長野,相対,5.0,1400.0,1400.0,15120.0,,14040.0,3024,,2808
2026-08-08,豊島,巨峰,各地,相対,0.35,1400.0,1400.0,594.0,,540.0,1697,,1543
2026-08-08,豊島,巨峰,山梨,相対,5.0,1400.0,1400.0,7560.0,,,1512,,
2026-08-08,豊洲,シャインマスカット,各地,相対,5.0,15127.0,21570.0,19440.0,14040.0,11880.0,3888,2808,2376
2026-08-08,豊洲,シャインマスカット,各地,第三者販売,5.0,6443.0,21570.0,12960.0,11880.0,10800.0,2592,2376,2160
2026-08-08,豊洲,シャインマスカット,山梨,相対,5.0,15127.0,21570.0,12960.0,10800.0,9180.0,2592,2160,1836
2026-08-08,豊洲,シャインマスカット,山梨,第三者販売,5.0,6443.0,21570.0,16200.0,12960.0,8640.0,3240,2592,1728
2026-08-08,豊洲,シャインマスカット,長野,相対,5.0,15127.0,21570.0,15660.0,15120.0,14040.0,3132,3024,2808
2026-08-08,豊洲,シャインマスカット,長野,第三者販売,5.0,6443.0,21570.0,16200.0,,14580.0,3240,,2916
2026-08-08,豊洲,デラウェア,山形,相対,2.0,15127.0,21570.0,1728.0,1512.0,1296.0,864,756,648
2026-08-08,豊洲,デラウェア,山形,第三者販売,2.0,6443.0,21570.0,1944.0,,1728.0,972,,864
2026-08-08,豊洲,デラウェア,山梨,相対,2.0,15127.0,21570.0,2376.0,,1620.0,1188,,810
2026-08-08,豊洲,デラウェア,山梨,第三者販売,2.0,6443.0,21570.0,,1944.0,,,972,
2026-08-08,豊洲,ピオーネ,山梨,相対,0.4,15127.0,21570.0,,648.0,,,1620,
2026-08-08,豊洲,ピオーネ,山梨,第三者販売,0.4,6443.0,21570.0,594.0,,540.0,1485,,1350
2026-08-08,豊洲,ピオーネ,岡山,相対,5.0,15127.0,21570.0,12960.0,8640.0,7560.0,2592,1728,1512
2026-08-08,豊洲,巨峰,山梨,相対,5.0,15127.0,21570.0,7776.0,7020.0,6480.0,1555,1404,1296
2026-08-08,豊洲,巨峰,山梨,第三者販売,5.0,6443.0,21570.0,8100.0,7776.0,7020.0,1620,1555,1404
2026-08-08,豊洲,巨峰,長野,相対,0.35,15127.0,21570.0,756.0,,432.0,2160,,1234
2026-08-10,世田谷,巨峰,山梨,相対,5.0,600.0,600.0,6480.0,,,1296,,
2026-08-10,北足立,シャインマスカット,山梨,相対,5.0,8900.0,8900.0,,16200.0,,,3240,
2026-08-10,北足立,デラウェア,山形,相対,2.0,8900.0,8900.0,2160.0,1944.0,1620.0,1080,972,810
2026-08-10,北足立,デラウェア,山梨,相対,2.0,8900.0,8900.0,2160.0,,,1080,,
2026-08-10,北足立,巨峰,山梨,相対,5.0,8900.0,8900.0,,7020.0,,,1404,
2026-08-10,多摩NT,シャインマスカット,山梨,相対,5.0,2354.0,2354.0,17280.0,14040.0,12960.0,3456,2808,2592
2026-08-10,多摩NT,シャインマスカット,長野,相対,5.0,2354.0,2354.0,16200.0,,,3240,,
2026-08-10,多摩NT,デラウェア,山形,相対,2.0,2354.0,2354.0,1944.0,1620.0,1296.0,972,810,648
2026-08-10,多摩NT,デラウェア,山梨,相対,2.0,2354.0,2354.0,1944.0,,,972,,
2026-08-10,多摩NT,巨峰,山梨,相対,5.0,2354.0,2354.0,7560.0,,,1512,,
2026-08-10,多摩NT,巨峰,長野,相対,0.35,2354.0,2354.0,756.0,,,2160,,
2026-08-10,大田,シャインマスカット,各地,相対,5.0,120087.0,122283.0,24840.0,12960.0,5400.0,4968,2592,1080
2026-08-10,大田,シャインマスカット,各地,第三者販売,5.0,125.0,122283.0,11880.0,,,2376,,
2026-08-10,大田,シャインマスカット,山梨,せり・入札,5.0,825.0,122283.0,9180.0,,8640.0,1836,,1728
2026-08-10,大田,シャインマスカット,山梨,相対,5.0,120087.0,122283.0,18360.0,10800.0,5400.0,3672,2160,1080
2026-08-10,大田,シャインマスカット,長野,相対,5.0,120087.0,122283.0,16200.0,14040.0,10800.0,3240,2808,2160
2026-08-10,大田,デラウェア,山形,相対,2.0,120087.0,122283.0,1944.0,1728.0,1188.0,972,864,594
2026-08-10,大田,デラウェア,山梨,相対,2.0,120087.0,122283.0,2160.0,,1296.0,1080,,648
2026-08-10,大田,ピオーネ,各地,相対,5.0,120087.0,122283.0,8640.0,8640.0,5400.0,1728,1728,1080
2026-08-10,大田,ピオーネ,山梨,商物分離,0.4,1246.0,122283.0,648.0,,,1620,,
2026-08-10,大田,ピオーネ,山梨,相対,0.4,120087.0,122283.0,648.0,540.0,486.0,1620,1350,1215
2026-08-10,大田,ピオーネ,岡山,相対,5.0,120087.0,122283.0,12960.0,10692.0,9720.0,2592,2138,1944
2026-08-10,大田,巨峰,各地,せり・入札,0.35,825.0,122283.0,378.0,302.0,270.0,1080,863,771
2026-08-10,大田,巨峰,各地,相対,0.35,120087.0,122283.0,540.0,,378.0,1543,,1080
2026-08-10,大田,巨峰,山梨,せり・入札,5.0,825.0,122283.0,4320.0,,3564.0,864,,713
2026-08-10,大田,巨峰,山梨,商物分離,5.0,1246.0,122283.0,8100.0,,,1620,,
2026-08-10,大田,巨峰,山梨,相対,5.0,120087.0,122283.0,8100.0,6480.0,2700.0,1620,1296,540
2026-08-10,大田,巨峰,長野,相対,0.35,120087.0,122283.0,756.0,,648.0,2160,,1851
2026-08-10,板橋,シャインマスカット,山梨,相対,5.0,3575.0,3800.0,12960.0,9180.0,8640.0,2592,1836,1728
2026-08-10,板橋,シャインマスカット,山梨,第三者販売,5.0,225.0,3800.0,9180.0,,,1836,,
2026-08-10,板橋,デラウェア,山形,相対,2.0,3575.0,3800.0,,1620.0,,,810,
2026-08-10,板橋,巨峰,山梨,相対,5.0,3575.0,3800.0,7020.0,,5940.0,1404,,1188
2026-08-10,淀橋,シャインマスカット,山梨,相対,5.0,18393.0,18393.0,17280.0,,12960.0,3456,,2592
2026-08-10,淀橋,シャインマスカット,長野,相対,5.0,18393.0,18393.0,19440.0,17280.0,16200.0,3888,3456,3240
2026-08-10,淀橋,デラウェア,山形,相対,2.0,18393.0,18393.0,2160.0,1944.0,1728.0,1080,972,864
2026-08-10,淀橋,ピオーネ,山梨,相対,5.0,18393.0,18393.0,8640.0,,,1728,,
2026-08-10,淀橋,巨峰,山梨,相対,5.0,18393.0,18393.0,7560.0,,6480.0,1512,,1296
2026-08-10,淀橋,巨峰,長野,相対,0.35,18393.0,18393.0,810.0,,,2314,,
2026-08-10,葛西,デラウェア,各地,相対,2.0,2200.0,2200.0,,378.0,,,189,
2026-08-10,葛西,巨峰,各地,相対,0.35,2200.0,2200.0,,648.0,,,1851,
2026-08-10,豊島,デラウェア,山形,相対,2.0,1900.0,1900.0,1836.0,,1620.0,918,,810
2026-08-10,豊島,巨峰,山梨,相対,5.0,1900.0,1900.0,7236.0,7020.0,6480.0,1447,1404,1296
2026-08-10,豊洲,シャインマスカット,各地,相対,5.0,23203.0,30855.0,16740.0,14040.0,12960.0,3348,2808,2592
2026-08-10,豊洲,シャインマスカット,各地,第三者販売,5.0,7627.0,30855.0,15120.0,14040.0,11880.0,3024,2808,2376
2026-08-10,豊洲,シャインマスカット,山梨,商物分離,5.0,60.0,30855.0,12960.0,12960.0,,2592,2592,
2026-08-10,豊洲,シャインマスカット,山梨,相対,5.0,23203.0,30855.0,15120.0,12960.0,10800.0,3024,2592,2160
2026-08-10,豊洲,シャインマスカット,山梨,第三者販売,5.0,7627.0,30855.0,15120.0,14040.0,12960.0,3024,2808,2592
2026-08-10,豊洲,シャインマスカット,長野,相対,5.0,23203.0,30855.0,15660.0,15120.0,11880.0,3132,3024,2376
2026-08-10,豊洲,デラウェア,山形,相対,2.0,23203.0,30855.0,1728.0,1296.0,1080.0,864,648,540
2026-08-10,豊洲,デラウェア,山形,第三者販売,2.0,7627.0,30855.0,1944.0,,1728.0,972,,864
2026-08-10,豊洲,ピオーネ,各地,相対,5.0,23203.0,30855.0,,16200.0,,,3240,
2026-08-10,豊洲,ピオーネ,山梨,相対,0.4,23203.0,30855.0,648.0,,594.0,1620,,1485
2026-08-10,豊洲,ピオーネ,山梨,第三者販売,0.4,7627.0,30855.0,,594.0,,,1485,
2026-08-10,豊洲,ピオーネ,岡山,相対,5.0,23203.0,30855.0,9720.0,,6480.0,1944,,1296
2026-08-10,豊洲,巨峰,山梨,相対,5.0,23203.0,30855.0,7776.0,7020.0,6480.0,1555,1404,1296
2026-08-10,豊洲,巨峰,山梨,第三者販売,5.0,7627.0,30855.0,8100.0,7020.0,6912.0,1620,1404,1382
2026-08-10,豊洲,巨峰,長野,相対,0.35,23203.0,30855.0,594.0,,432.0,1697,,1234
2026-08-12,世田谷,巨峰,山梨,相対,5.0,700.0,700.0,6480.0,,,1296,,
2026-08-12,北足立,シャインマスカット,山梨,相対,5.0,10200.0,10200.0,,14040.0,,,2808,
2026-08-12,北足立,デラウェア,山形,相対,2.0,10200.0,10200.0,1944.0,1728.0,1080.0,972,864,540
2026-08-12,北足立,デラウェア,山梨,相対,2.0,10200.0,10200.0,,1944.0,,,972,
2026-08-12,北足立,巨峰,山梨,相対,5.0,10200.0,10200.0,,7020.0,,,1404,
2026-08-12,多摩NT,シャインマスカット,山梨,相対,5.0,4807.0,4807.0,17280.0,14040.0,12960.0,3456,2808,2592
2026-08-12,多摩NT,シャインマスカット,長野,相対,5.0,4807.0,4807.0,16200.0,,,3240,,
2026-08-12,多摩NT,デラウェア,山形,相対,2.0,4807.0,4807.0,1944.0,1620.0,1296.0,972,810,648
2026-08-12,多摩NT,デラウェア,山梨,相対,2.0,4807.0,4807.0,1944.0,,,972,,
2026-08-12,多摩NT,巨峰,山梨,相対,5.0,4807.0,4807.0,7560.0,,,1512,,
2026-08-12,多摩NT,巨峰,長野,相対,0.35,4807.0,4807.0,756.0,,,2160,,
2026-08-12,大田,シャインマスカット,各地,相対,5.0,130765.0,133388.0,21600.0,11880.0,5400.0,4320,2376,1080
2026-08-12,大田,シャインマスカット,各地,第三者販売,5.0,94.0,133388.0,12960.0,10800.0,9720.0,2592,2160,1944
2026-08-12,大田,シャインマスカット,山梨,相対,5.0,130765.0,133388.0,20520.0,10800.0,5400.0,4104,2160,1080
2026-08-12,大田,シャインマスカット,長野,相対,5.0,130765.0,133388.0,19440.0,19440.0,9720.0,3888,3888,1944
2026-08-12,大田,デラウェア,山形,相対,2.0,130765.0,133388.0,1944.0,1620.0,1188.0,972,810,594
2026-08-12,大田,デラウェア,山梨,相対,2.0,130765.0,133388.0,2376.0,2160.0,1836.0,1188,1080,918
2026-08-12,大田,ピオーネ,各地,相対,5.0,130765.0,133388.0,8640.0,8640.0,7020.0,1728,1728,1404
2026-08-12,大田,ピオーネ,山梨,相対,0.4,130765.0,133388.0,648.0,540.0,486.0,1620,1350,1215
2026-08-12,大田,ピオーネ,岡山,相対,5.0,130765.0,133388.0,9720.0,,,1944,,
2026-08-12,大田,巨峰,各地,せり・入札,0.35,685.0,133388.0,378.0,324.0,,1080,926,
2026-08-12,大田,巨峰,各地,相対,0.35,130765.0,133388.0,594.0,,410.0,1697,,1171
2026-08-12,大田,巨峰,山梨,せり・入札,5.0,685.0,133388.0,5940.0,3240.0,,1188,648,
2026-08-12,大田,巨峰,山梨,商物分離,5.0,1844.0,133388.0,8100.0,,,1620,,
2026-08-12,大田,巨峰,山梨,相対,5.0,130765.0,133388.0,8100.0,6480.0,4320.0,1620,1296,864
2026-08-12,大田,巨峰,長野,相対,0.35,130765.0,133388.0,756.0,,648.0,2160,,1851
2026-08-12,板橋,シャインマスカット,山梨,相対,5.0,3300.0,3300.0,12960.0,9720.0,9180.0,2592,1944,1836
2026-08-12,板橋,デラウェア,山形,相対,2.0,3300.0,3300.0,,1620.0,,,810,
2026-08-12,板橋,巨峰,山梨,相対,5.0,3300.0,3300.0,7020.0,,5940.0,1404,,1188
2026-08-12,淀橋,シャインマスカット,山梨,相対,5.0,21236.0,21236.0,16200.0,,9720.0,3240,,1944
2026-08-12,淀橋,シャインマスカット,長野,相対,5.0,21236.0,21236.0,19440.0,17280.0,16200.0,3888,3456,3240
2026-08-12,淀橋,デラウェア,山形,相対,2.0,21236.0,21236.0,2160.0,1944.0,1728.0,1080,972,864
2026-08-12,淀橋,ピオーネ,山梨,相対,5.0,21236.0,21236.0,8100.0,,,1620,,
2026-08-12,淀橋,巨峰,山梨,相対,5.0,21236.0,21236.0,7020.0,,5940.0,1404,,1188
2026-08-12,淀橋,巨峰,長野,相対,0.35,21236.0,21236.0,810.0,,,2314,,
2026-08-12,葛西,デラウェア,各地,相対,2.0,3700.0,3700.0,,378.0,,,189,
2026-08-12,葛西,巨峰,各地,相対,0.35,3700.0,3700.0,,648.0,,,1851,
2026-08-12,豊島,シャインマスカット,山梨,相対,5.0,1700.0,1700.0,11880.0,,,2376,,
2026-08-12,豊島,シャインマスカット,長野,相対,5.0,1700.0,1700.0,15120.0,,14040.0,3024,,2808
2026-08-12,豊島,巨峰,各地,相対,0.35,1700.0,1700.0,594.0,,572.0,1697,,1634
2026-08-12,豊島,巨峰,山梨,相対,5.0,1700.0,1700.0,7344.0,6480.0,5940.0,1469,1296,1188
2026-08-12,豊洲,シャインマスカット,各地,相対,5.0,27879.0,36116.0,15120.0,14040.0,9720.0,3024,2808,1944
2026-08-12,豊洲,シャインマスカット,各地,第三者販売,5.0,7830.0,36116.0,16200.0,,10800.0,3240,,2160
2026-08-12,豊洲,シャインマスカット,山梨,商物分離,5.0,250.0,36116.0,10800.0,,9720.0,2160,,1944
2026-08-12,豊洲,シャインマスカット,山梨,相対,5.0,27879.0,36116.0,12960.0,10800.0,8100.0,2592,2160,1620
2026-08-12,豊洲,シャインマスカット,山梨,第三者販売,5.0,7830.0,36116.0,14040.0,12960.0,10800.0,2808,2592,2160
2026-08-12,豊洲,シャインマスカット,長野,相対,5.0,27879.0,36116.0,14580.0,14040.0,12960.0,2916,2808,2592
2026-08-12,豊洲,シャインマスカット,長野,第三者販売,5.0,7830.0,36116.0,,14040.0,,,2808,
2026-08-12,豊洲,デラウェア,山形,相対,2.0,27879.0,36116.0,1728.0,,1512.0,864,,756
2026-08-12,豊洲,デラウェア,山形,第三者販売,2.0,7830.0,36116.0,1728.0,,1512.0,864,,756
2026-08-12,豊洲,ピオーネ,山梨,第三者販売,0.4,7830.0,36116.0,594.0,,540.0,1485,,1350
2026-08-12,豊洲,巨峰,山梨,せり・入札,5.0,202.0,36116.0,4860.0,,3780.0,972,,756
2026-08-12,豊洲,巨峰,山梨,相対,5.0,27879.0,36116.0,7776.0,7020.0,6912.0,1555,1404,1382
2026-08-12,豊洲,巨峰,山梨,第三者販売,5.0,7830.0,36116.0,8100.0,,6480.0,1620,,1296
2026-08-12,豊洲,巨峰,長野,相対,0.35,27879.0,36116.0,734.0,,648.0,2097,,1851
2026-08-13,世田谷,巨峰,山梨,相対,5.0,400.0,400.0,5940.0,,,1188,,
2026-08-13,北足立,シャインマスカット,山梨,相対,5.0,6500.0,6500.0,,14040.0,,,2808,
2026-08-13,北足立,デラウェア,山形,相対,2.0,6500.0,6500.0,378.0,324.0,270.0,189,162,135
2026-08-13,北足立,巨峰,山梨,相対,5.0,6500.0,6500.0,,7020.0,,,1404,
2026-08-13,多摩NT,シャインマスカット,山梨,相対,5.0,2095.0,2095.0,17280.0,14040.0,12960.0,3456,2808,2592
2026-08-13,多摩NT,シャインマスカット,長野,相対,5.0,2095.0,2095.0,16200.0,,,3240,,
2026-08-13,多摩NT,デラウェア,山形,相対,2.0,2095.0,2095.0,1944.0,1620.0,1296.0,972,810,648
2026-08-13,多摩NT,デラウェア,山梨,相対,2.0,2095.0,2095.0,1944.0,,,972,,
2026-08-13,多摩NT,ピオーネ,山梨,相対,0.4,2095.0,2095.0,648.0,,,1620,,
2026-08-13,多摩NT,巨峰,山梨,相対,5.0,2095.0,2095.0,7560.0,,,1512,,
2026-08-13,多摩NT,巨峰,長野,相対,0.35,2095.0,2095.0,756.0,,,2160,,
2026-08-13,大田,シャインマスカット,各地,相対,5.0,87075.0,91132.0,24840.0,11880.0,7560.0,4968,2376,1512
2026-08-13,大田,シャインマスカット,山梨,せり・入札,5.0,734.0,91132.0,7020.0,,4860.0,1404,,972
2026-08-13,大田,シャインマスカット,山梨,相対,5.0,87075.0,91132.0,18360.0,10800.0,5400.0,3672,2160,1080
2026-08-13,大田,シャインマスカット,長野,相対,5.0,87075.0,91132.0,19440.0,19440.0,,3888,3888,
2026-08-13,大田,デラウェア,山形,相対,2.0,87075.0,91132.0,1944.0,1620.0,1080.0,972,810,540
2026-08-13,大田,デラウェア,山梨,相対,2.0,87075.0,91132.0,2376.0,2160.0,1836.0,1188,1080,918
2026-08-13,大田,ピオーネ,各地,相対,5.0,87075.0,91132.0,15120.0,15120.0,2700.0,3024,3024,540
2026-08-13,大田,ピオーネ,山梨,商物分離,0.4,3305.0,91132.0,594.0,,,1485,,
2026-08-13,大田,ピオーネ,山梨,相対,0.4,87075.0,91132.0,594.0,540.0,432.0,1485,1350,1080
2026-08-13,大田,ピオーネ,岡山,相対,5.0,87075.0,91132.0,9720.0,,,1944,,
2026-08-13,大田,巨峰,各地,相対,0.35,87075.0,91132.0,486.0,,410.0,1389,,1171
2026-08-13,大田,巨峰,山梨,商物分離,5.0,3305.0,91132.0,8100.0,7744.0,7020.0,1620,1549,1404
2026-08-13,大田,巨峰,山梨,相対,5.0,87075.0,91132.0,8640.0,6480.0,3240.0,1728,1296,648
2026-08-13,大田,巨峰,長野,相対,0.35,87075.0,91132.0,756.0,,648.0,2160,,1851
2026-08-13,板橋,シャインマスカット,山梨,相対,5.0,2300.0,2300.0,12960.0,8640.0,8100.0,2592,1728,1620
2026-08-13,板橋,巨峰,山梨,相対,5.0,2300.0,2300.0,7020.0,,,1404,,
2026-08-13,淀橋,シャインマスカット,山梨,相対,5.0,17288.0,17288.0,16200.0,,9720.0,3240,,1944
2026-08-13,淀橋,シャインマスカット,長野,相対,5.0,17288.0,17288.0,16200.0,,14040.0,3240,,2808
2026-08-13,淀橋,デラウェア,山形,相対,2.0,17288.0,17288.0,2160.0,1944.0,1728.0,1080,972,864
2026-08-13,淀橋,ピオーネ,山梨,相対,5.0,17288.0,17288.0,8100.0,,,1620,,
2026-08-13,淀橋,巨峰,山梨,相対,5.0,17288.0,17288.0,7020.0,,5940.0,1404,,1188
2026-08-13,淀橋,巨峰,長野,相対,0.35,17288.0,17288.0,756.0,,,2160,,
2026-08-13,葛西,デラウェア,各地,相対,2.0,2700.0,2700.0,,378.0,,,189,
2026-08-13,葛西,巨峰,各地,相対,0.35,2700.0,2700.0,,648.0,,,1851,
2026-08-13,豊島,シャインマスカット,山梨,相対,5.0,1600.0,1600.0,10800.0,,9720.0,2160,,1944
2026-08-13,豊島,シャインマスカット,長野,相対,5.0,1600.0,1600.0,15120.0,,14040.0,3024,,2808
2026-08-13,豊島,巨峰,各地,相対,0.35,1600.0,1600.0,594.0,,572.0,1697,,1634
2026-08-13,豊島,巨峰,山梨,相対,5.0,1600.0,1600.0,7344.0,,6480.0,1469,,1296
2026-08-13,豊洲,シャインマスカット,各地,相対,5.0,18004.0,22405.0,16740.0,12960.0,9720.0,3348,2592,1944
2026-08-13,豊洲,シャインマスカット,各地,第三者販売,5.0,4304.0,22405.0,21600.0,,9720.0,4320,,1944
2026-08-13,豊洲,シャインマスカット,山梨,相対,5.0,18004.0,22405.0,12960.0,10800.0,9720.0,2592,2160,1944
2026-08-13,豊洲,シャインマスカット,山梨,第三者販売,5.0,4304.0,22405.0,10800.0,,9720.0,2160,,1944
2026-08-13,豊洲,シャインマスカット,長野,相対,5.0,18004.0,22405.0,14580.0,14040.0,11880.0,2916,2808,2376
2026-08-13,豊洲,シャインマスカット,長野,第三者販売,5.0,4304.0,22405.0,14580.0,,14040.0,2916,,2808
2026-08-13,豊洲,デラウェア,山形,相対,2.0,18004.0,22405.0,1728.0,1512.0,1080.0,864,756,540
2026-08-13,豊洲,デラウェア,山形,第三者販売,2.0,4304.0,22405.0,1944.0,,1728.0,972,,864
2026-08-13,豊洲,ピオーネ,各地,相対,5.0,18004.0,22405.0,,5400.0,,,1080,
2026-08-13,豊洲,ピオーネ,山梨,相対,0.4,18004.0,22405.0,648.0,,594.0,1620,,1485
2026-08-13,豊洲,ピオーネ,岡山,相対,5.0,18004.0,22405.0,,7560.0,,,1512,
2026-08-13,豊洲,巨峰,山梨,せり・入札,5.0,97.0,22405.0,,5940.0,,,1188,
2026-08-13,豊洲,巨峰,山梨,相対,5.0,18004.0,22405.0,7776.0,7020.0,6480.0,1555,1404,1296
2026-08-13,豊洲,巨峰,山梨,第三者販売,5.0,4304.0,22405.0,7776.0,7020.0,6480.0,1555,1404,1296
2026-08-13,豊洲,巨峰,長野,相対,0.35,18004.0,22405.0,734.0,,648.0,2097,,1851
2026-08-17,世田谷,シャインマスカット,山梨,相対,5.0,700.0,700.0,10800.0,,,2160,,
2026-08-17,世田谷,巨峰,山梨,相対,5.0,700.0,700.0,,5400.0,,,1080,
2026-08-17,北足立,シャインマスカット,山梨,相対,5.0,5100.0,5100.0,11880.0,,,2376,,
2026-08-17,北足立,デラウェア,山形,相対,2.0,5100.0,5100.0,1944.0,1728.0,1080.0,972,864,540
2026-08-17,北足立,デラウェア,山梨,相対,2.0,5100.0,5100.0,1944.0,,,972,,
2026-08-17,北足立,巨峰,山梨,相対,5.0,5100.0,5100.0,7020.0,,,1404,,
2026-08-17,多摩NT,シャインマスカット,山梨,相対,5.0,1373.0,1373.0,17280.0,14040.0,12960.0,3456,2808,2592
2026-08-17,多摩NT,シャインマスカット,長野,相対,5.0,1373.0,1373.0,16200.0,,,3240,,
2026-08-17,多摩NT,デラウェア,山形,相対,2.0,1373.0,1373.0,1944.0,1620.0,1296.0,972,810,648
2026-08-17,多摩NT,デラウェア,山梨,相対,2.0,1373.0,1373.0,1944.0,,,972,,
2026-08-17,多摩NT,巨峰,山梨,相対,5.0,1373.0,1373.0,7560.0,,,1512,,
2026-08-17,多摩NT,巨峰,長野,相対,0.35,1373.0,1373.0,756.0,,,2160,,
2026-08-17,大田,シャインマスカット,各地,相対,5.0,94096.0,97796.0,19440.0,10800.0,6480.0,3888,2160,1296
2026-08-17,大田,シャインマスカット,山梨,せり・入札,5.0,988.0,97796.0,8100.0,,7560.0,1620,,1512
2026-08-17,大田,シャインマスカット,山梨,商物分離,5.0,2584.0,97796.0,14040.0,,,2808,,
2026-08-17,大田,シャインマスカット,山梨,相対,5.0,94096.0,97796.0,20520.0,9720.0,4320.0,4104,1944,864
2026-08-17,大田,シャインマスカット,長野,相対,5.0,94096.0,97796.0,16200.0,16200.0,7560.0,3240,3240,1512
2026-08-17,大田,デラウェア,山形,相対,2.0,94096.0,97796.0,1836.0,1512.0,1296.0,918,756,648
2026-08-17,大田,デラウェア,山梨,相対,2.0,94096.0,97796.0,2376.0,2160.0,1620.0,1188,1080,810
2026-08-17,大田,ピオーネ,各地,相対,5.0,94096.0,97796.0,8640.0,8640.0,5076.0,1728,1728,1015
2026-08-17,大田,ピオーネ,山梨,相対,0.4,94096.0,97796.0,594.0,540.0,486.0,1485,1350,1215
2026-08-17,大田,ピオーネ,岡山,相対,5.0,94096.0,97796.0,8640.0,6588.0,6480.0,1728,1318,1296
2026-08-17,大田,巨峰,各地,相対,0.35,94096.0,97796.0,540.0,,410.0,1543,,1171
2026-08-17,大田,巨峰,山梨,せり・入札,5.0,988.0,97796.0,7020.0,5400.0,,1404,1080,
2026-08-17,大田,巨峰,山梨,相対,5.0,94096.0,97796.0,7020.0,6480.0,4320.0,1404,1296,864
2026-08-17,大田,巨峰,長野,相対,0.35,94096.0,97796.0,702.0,,594.0,2006,,1697
2026-08-17,板橋,シャインマスカット,山梨,相対,5.0,3370.0,3500.0,9720.0,9180.0,8100.0,1944,1836,1620
2026-08-17,板橋,シャインマスカット,山梨,第三者販売,5.0,130.0,3500.0,8100.0,,,1620,,
2026-08-17,板橋,巨峰,山梨,相対,5.0,3370.0,3500.0,7020.0,,6480.0,1404,,1296
2026-08-17,板橋,巨峰,山梨,第三者販売,5.0,130.0,3500.0,5940.0,,,1188,,
2026-08-17,淀橋,シャインマスカット,山梨,相対,5.0,13731.0,13731.0,12960.0,,8640.0,2592,,1728
2026-08-17,淀橋,シャインマスカット,長野,相対,5.0,13731.0,13731.0,14040.0,,12960.0,2808,,2592
2026-08-17,淀橋,デラウェア,山形,相対,2.0,13731.0,13731.0,2160.0,1944.0,1728.0,1080,972,864
2026-08-17,淀橋,ピオーネ,山梨,相対,5.0,13731.0,13731.0,8100.0,,,1620,,
2026-08-17,淀橋,巨峰,山梨,相対,5.0,13731.0,13731.0,7020.0,,5940.0,1404,,1188
2026-08-17,淀橋,巨峰,長野,相対,0.35,13731.0,13731.0,756.0,,,2160,,
2026-08-17,葛西,デラウェア,各地,相対,2.0,1900.0,1900.0,,378.0,,,189,
2026-08-17,葛西,巨峰,各地,相対,0.35,1900.0,1900.0,,540.0,,,1543,
2026-08-17,豊島,シャインマスカット,山梨,相対,5.0,1700.0,1700.0,10800.0,,9720.0,2160,,1944
2026-08-17,豊島,シャインマスカット,長野,相対,5.0,1700.0,1700.0,15120.0,,14040.0,3024,,2808
2026-08-17,豊島,巨峰,各地,相対,0.35,1700.0,1700.0,594.0,,,1697,,
2026-08-17,豊島,巨峰,山梨,相対,5.0,1700.0,1700.0,6804.0,,,1361,,
2026-08-17,豊洲,シャインマスカット,各地,相対,5.0,19394.0,26038.0,10800.0,8640.0,6480.0,2160,1728,1296
2026-08-17,豊洲,シャインマスカット,各地,第三者販売,5.0,6276.0,26038.0,9720.0,,8640.0,1944,,1728
2026-08-17,豊洲,シャインマスカット,山梨,せり・入札,5.0,218.0,26038.0,,8100.0,,,1620,
2026-08-17,豊洲,シャインマスカット,山梨,相対,5.0,19394.0,26038.0,9720.0,8640.0,5940.0,1944,1728,1188
2026-08-17,豊洲,シャインマスカット,山梨,第三者販売,5.0,6276.0,26038.0,10800.0,8640.0,4320.0,2160,1728,864
2026-08-17,豊洲,シャインマスカット,長野,相対,5.0,19394.0,26038.0,14040.0,12960.0,10800.0,2808,2592,2160
2026-08-17,豊洲,シャインマスカット,長野,第三者販売,5.0,6276.0,26038.0,,14040.0,,,2808,
2026-08-17,豊洲,デラウェア,山形,相対,2.0,19394.0,26038.0,,1512.0,,,756,
2026-08-17,豊洲,デラウェア,山形,第三者販売,2.0,6276.0,26038.0,1728.0,1188.0,972.0,864,594,486
2026-08-17,豊洲,ピオーネ,山梨,相対,0.4,19394.0,26038.0,648.0,,594.0,1620,,1485
2026-08-17,豊洲,ピオーネ,山梨,第三者販売,0.4,6276.0,26038.0,594.0,,540.0,1485,,1350
2026-08-17,豊洲,巨峰,山梨,せり・入札,5.0,218.0,26038.0,6480.0,,5400.0,1296,,1080
2026-08-17,豊洲,巨峰,山梨,商物分離,5.0,150.0,26038.0,,6480.0,,,1296,
2026-08-17,豊洲,巨峰,山梨,相対,5.0,19394.0,26038.0,7020.0,6480.0,5940.0,1404,1296,1188
2026-08-17,豊洲,巨峰,山梨,第三者販売,5.0,6276.0,26038.0,7020.0,6480.0,5940.0,1404,1296,1188
2026-08-17,豊洲,巨峰,長野,相対,0.35,19394.0,26038.0,648.0,,400.0,1851,,1143
2026-08-18,世田谷,シャインマスカット,各地,相対,5.0,700.0,700.0,15120.0,,,3024,,
2026-08-18,世田谷,シャインマスカット,山梨,相対,5.0,700.0,700.0,10800.0,,,2160,,
2026-08-18,世田谷,巨峰,山梨,相対,5.0,700.0,700.0,,5400.0,,,1080,
2026-08-18,北足立,シャインマスカット,山梨,相対,5.0,8400.0,9200.0,11880.0,,,2376,,
2026-08-18,北足立,デラウェア,山形,商物分離,0.35,800.0,9200.0,378.0,356.0,324.0,1080,1017,926
2026-08-18,北足立,デラウェア,山形,相対,2.0,8400.0,9200.0,1944.0,1728.0,1080.0,972,864,540
2026-08-18,北足立,デラウェア,山梨,相対,2.0,8400.0,9200.0,1944.0,,,972,,
2026-08-18,北足立,巨峰,山梨,相対,5.0,8400.0,9200.0,7020.0,,,1404,,
2026-08-18,多摩NT,シャインマスカット,山梨,相対,5.0,768.0,768.0,17280.0,14040.0,12960.0,3456,2808,2592
2026-08-18,多摩NT,シャインマスカット,長野,相対,5.0,768.0,768.0,16200.0,,,3240,,
2026-08-18,多摩NT,デラウェア,山形,相対,2.0,768.0,768.0,1944.0,1620.0,1296.0,972,810,648
2026-08-18,多摩NT,デラウェア,山梨,相対,2.0,768.0,768.0,1944.0,,,972,,
2026-08-18,多摩NT,巨峰,山梨,相対,5.0,768.0,768.0,7560.0,,,1512,,
2026-08-18,多摩NT,巨峰,長野,相対,0.35,768.0,768.0,756.0,,,2160,,
2026-08-18,大田,シャインマスカット,各地,せり・入札,5.0,1046.0,89943.0,21600.0,,,4320,,
2026-08-18,大田,シャインマスカット,各地,相対,5.0,88587.0,89943.0,21600.0,10800.0,6480.0,4320,2160,1296
2026-08-18,大田,シャインマスカット,各地,第三者販売,5.0,40.0,89943.0,12960.0,,,2592,,
2026-08-18,大田,シャインマスカット,山梨,せり・入札,5.0,1046.0,89943.0,10800.0,8640.0,8100.0,2160,1728,1620
2026-08-18,大田,シャインマスカット,山梨,商物分離,5.0,270.0,89943.0,10800.0,,,2160,,
2026-08-18,大田,シャインマスカット,山梨,相対,5.0,88587.0,89943.0,16200.0,9720.0,4320.0,3240,1944,864
2026-08-18,大田,シャインマスカット,長野,相対,5.0,88587.0,89943.0,17280.0,17280.0,8100.0,3456,3456,1620
2026-08-18,大田,デラウェア,山形,相対,2.0,88587.0,89943.0,1836.0,1512.0,1080.0,918,756,540
2026-08-18,大田,デラウェア,山梨,相対,2.0,88587.0,89943.0,2376.0,2160.0,1620.0,1188,1080,810
2026-08-18,大田,ピオーネ,各地,せり・入札,5.0,1046.0,89943.0,6480.0,,5940.0,1296,,1188
2026-08-18,大田,ピオーネ,各地,相対,5.0,88587.0,89943.0,14040.0,14040.0,4320.0,2808,2808,864
2026-08-18,大田,ピオーネ,山梨,せり・入札,0.4,1046.0,89943.0,432.0,,,1080,,
2026-08-18,大田,ピオーネ,山梨,相対,0.4,88587.0,89943.0,594.0,540.0,432.0,1485,1350,1080
2026-08-18,大田,ピオーネ,岡山,相対,5.0,88587.0,89943.0,10800.0,6048.0,5400.0,2160,1210,1080
2026-08-18,大田,巨峰,各地,せり・入札,0.35,1046.0,89943.0,540.0,,486.0,1543,,1389
2026-08-18,大田,巨峰,各地,相対,0.35,88587.0,89943.0,540.0,,410.0,1543,,1171
2026-08-18,大田,巨峰,山梨,せり・入札,5.0,1046.0,89943.0,5940.0,,5400.0,1188,,1080
2026-08-18,大田,巨峰,山梨,相対,5.0,88587.0,89943.0,7020.0,6480.0,4860.0,1404,1296,972
2026-08-18,大田,巨峰,長野,相対,0.35,88587.0,89943.0,702.0,,594.0,2006,,1697
2026-08-18,板橋,シャインマスカット,山梨,相対,5.0,3010.0,3300.0,9720.0,8640.0,7560.0,1944,1728,1512
2026-08-18,板橋,シャインマスカット,山梨,第三者販売,5.0,290.0,3300.0,8100.0,,7560.0,1620,,1512
2026-08-18,板橋,巨峰,山梨,相対,5.0,3010.0,3300.0,7020.0,,6480.0,1404,,1296
2026-08-18,淀橋,シャインマスカット,山梨,相対,5.0,13501.0,13501.0,12960.0,,8640.0,2592,,1728
2026-08-18,淀橋,シャインマスカット,長野,相対,5.0,13501.0,13501.0,14040.0,,12960.0,2808,,2592
2026-08-18,淀橋,デラウェア,山形,相対,2.0,13501.0,13501.0,2160.0,1944.0,1728.0,1080,972,864
2026-08-18,淀橋,ピオーネ,山梨,相対,5.0,13501.0,13501.0,8100.0,,,1620,,
2026-08-18,淀橋,巨峰,山梨,相対,5.0,13501.0,13501.0,7020.0,,5940.0,1404,,1188
2026-08-18,淀橋,巨峰,長野,相対,0.35,13501.0,13501.0,756.0,,,2160,,
2026-08-18,葛西,デラウェア,各地,相対,2.0,2600.0,2600.0,,378.0,,,189,
2026-08-18,葛西,巨峰,各地,相対,0.35,2600.0,2600.0,,540.0,,,1543,
2026-08-18,豊島,シャインマスカット,山梨,相対,5.0,1300.0,1300.0,9720.0,,,1944,,
2026-08-18,豊島,シャインマスカット,長野,相対,5.0,1300.0,1300.0,15120.0,,14040.0,3024,,2808
2026-08-18,豊島,巨峰,各地,相対,0.35,1300.0,1300.0,594.0,,572.0,1697,,1634
2026-08-18,豊島,巨峰,山梨,相対,5.0,1300.0,1300.0,6804.0,,,1361,,
2026-08-18,豊洲,シャインマスカット,各地,相対,5.0,18102.0,21964.0,19440.0,10800.0,8640.0,3888,2160,1728
2026-08-18,豊洲,シャインマスカット,各地,第三者販売,5.0,3647.0,21964.0,12960.0,,10800.0,2592,,2160
2026-08-18,豊洲,シャインマスカット,山梨,せり・入札,5.0,215.0,21964.0,9720.0,,7560.0,1944,,1512
2026-08-18,豊洲,シャインマスカット,山梨,相対,5.0,18102.0,21964.0,9720.0,8640.0,7560.0,1944,1728,1512
2026-08-18,豊洲,シャインマスカット,山梨,第三者販売,5.0,3647.0,21964.0,9720.0,8640.0,7560.0,1944,1728,1512
2026-08-18,豊洲,シャインマスカット,長野,相対,5.0,18102.0,21964.0,14040.0,10800.0,9720.0,2808,2160,1944
2026-08-18,豊洲,シャインマスカット,長野,第三者販売,5.0,3647.0,21964.0,,12960.0,,,2592,
2026-08-18,豊洲,デラウェア,山形,相対,2.0,18102.0,21964.0,1728.0,1512.0,1080.0,864,756,540
2026-08-18,豊洲,デラウェア,山形,第三者販売,2.0,3647.0,21964.0,,1728.0,,,864,
2026-08-18,豊洲,ピオーネ,各地,相対,5.0,18102.0,21964.0,,9720.0,,,1944,
2026-08-18,豊洲,ピオーネ,山梨,相対,0.4,18102.0,21964.0,648.0,594.0,540.0,1620,1485,1350
2026-08-18,豊洲,ピオーネ,山梨,第三者販売,0.4,3647.0,21964.0,,594.0,,,1485,
2026-08-18,豊洲,巨峰,山梨,せり・入札,5.0,215.0,21964.0,7020.0,4860.0,4320.0,1404,972,864
2026-08-18,豊洲,巨峰,山梨,相対,5.0,18102.0,21964.0,7020.0,6480.0,5940.0,1404,1296,1188
2026-08-18,豊洲,巨峰,山梨,第三者販売,5.0,3647.0,21964.0,6480.0,,5940.0,1296,,1188
2026-08-18,豊洲,巨峰,長野,相対,0.35,18102.0,21964.0,702.0,,540.0,2006,,1543
2026-08-20,世田谷,シャインマスカット,山梨,相対,5.0,800.0,800.0,10800.0,,,2160,,
2026-08-20,世田谷,巨峰,山梨,相対,5.0,800.0,800.0,,5400.0,,,1080,
2026-08-20,北足立,シャインマスカット,山梨,相対,5.0,8600.0,9400.0,11880.0,,,2376,,
2026-08-20,北足立,デラウェア,山形,商物分離,0.35,800.0,9400.0,378.0,356.0,324.0,1080,1017,926
2026-08-20,北足立,デラウェア,山形,相対,2.0,8600.0,9400.0,1944.0,1728.0,1080.0,972,864,540
2026-08-20,北足立,巨峰,山梨,相対,5.0,8600.0,9400.0,7020.0,,,1404,,
2026-08-20,多摩NT,シャインマスカット,山梨,相対,5.0,572.0,576.0,17280.0,14040.0,12960.0,3456,2808,2592
2026-08-20,多摩NT,シャインマスカット,長野,相対,5.0,572.0,576.0,16200.0,,,3240,,
2026-08-20,多摩NT,シャインマスカット,長野,第三者販売,5.0,4.0,576.0,16200.0,,,3240,,
2026-08-20,多摩NT,デラウェア,山形,相対,2.0,572.0,576.0,1944.0,1620.0,1296.0,972,810,648
2026-08-20,多摩NT,デラウェア,山梨,相対,2.0,572.0,576.0,1944.0,,,972,,
2026-08-20,多摩NT,ピオーネ,山梨,相対,0.4,572.0,576.0,648.0,,,1620,,
2026-08-20,多摩NT,巨峰,山梨,相対,5.0,572.0,576.0,7560.0,,,1512,,
2026-08-20,多摩NT,巨峰,長野,相対,0.35,572.0,576.0,756.0,,,2160,,
2026-08-20,大田,シャインマスカット,各地,せり・入札,5.0,1344.0,108422.0,21600.0,,,4320,,
2026-08-20,大田,シャインマスカット,各地,相対,5.0,106194.0,108422.0,19440.0,9720.0,5400.0,3888,1944,1080
2026-08-20,大田,シャインマスカット,各地,第三者販売,5.0,20.0,108422.0,16200.0,15120.0,12960.0,3240,3024,2592
2026-08-20,大田,シャインマスカット,山梨,せり・入札,5.0,1344.0,108422.0,9720.0,8640.0,8100.0,1944,1728,1620
2026-08-20,大田,シャインマスカット,山梨,商物分離,5.0,864.0,108422.0,9720.0,,,1944,,
2026-08-20,大田,シャインマスカット,山梨,相対,5.0,106194.0,108422.0,14040.0,9720.0,5400.0,2808,1944,1080
2026-08-20,大田,シャインマスカット,長野,相対,5.0,106194.0,108422.0,15120.0,11880.0,10800.0,3024,2376,2160
2026-08-20,大田,デラウェア,山形,相対,2.0,106194.0,108422.0,1836.0,1512.0,864.0,918,756,432
2026-08-20,大田,デラウェア,山梨,相対,2.0,106194.0,108422.0,1620.0,,1080.0,810,,540
2026-08-20,大田,ピオーネ,各地,せり・入札,5.0,1344.0,108422.0,7020.0,,6480.0,1404,,1296
2026-08-20,大田,ピオーネ,各地,相対,5.0,106194.0,108422.0,8640.0,8640.0,4320.0,1728,1728,864
2026-08-20,大田,ピオーネ,山梨,相対,0.4,106194.0,108422.0,648.0,540.0,432.0,1620,1350,1080
2026-08-20,大田,ピオーネ,岡山,相対,5.0,106194.0,108422.0,10800.0,6372.0,4860.0,2160,1274,972
2026-08-20,大田,巨峰,各地,相対,0.35,106194.0,108422.0,540.0,,410.0,1543,,1171
2026-08-20,大田,巨峰,山梨,せり・入札,5.0,1344.0,108422.0,6264.0,5940.0,5400.0,1253,1188,1080
2026-08-20,大田,巨峰,山梨,相対,5.0,106194.0,108422.0,7020.0,,4320.0,1404,,864
2026-08-20,大田,巨峰,長野,相対,0.35,106194.0,108422.0,702.0,,540.0,2006,,1543
2026-08-20,板橋,シャインマスカット,山梨,相対,5.0,2985.0,3400.0,9720.0,8100.0,7020.0,1944,1620,1404
2026-08-20,板橋,シャインマスカット,山梨,第三者販売,5.0,415.0,3400.0,8640.0,,7560.0,1728,,1512
2026-08-20,板橋,巨峰,山梨,相対,5.0,2985.0,3400.0,7020.0,,6480.0,1404,,1296
2026-08-20,板橋,巨峰,山梨,第三者販売,5.0,415.0,3400.0,7020.0,,6480.0,1404,,1296
2026-08-20,淀橋,シャインマスカット,山梨,相対,5.0,17281.0,17281.0,10800.0,,7560.0,2160,,1512
2026-08-20,淀橋,シャインマスカット,長野,相対,5.0,17281.0,17281.0,14040.0,,12960.0,2808,,2592
2026-08-20,淀橋,デラウェア,山形,相対,2.0,17281.0,17281.0,2160.0,1944.0,1728.0,1080,972,864
2026-08-20,淀橋,ピオーネ,山梨,相対,5.0,17281.0,17281.0,8100.0,,,1620,,
2026-08-20,淀橋,巨峰,山梨,相対,5.0,17281.0,17281.0,7020.0,,5940.0,1404,,1188
2026-08-20,淀橋,巨峰,長野,相対,0.35,17281.0,17281.0,756.0,,,2160,,
2026-08-20,葛西,デラウェア,各地,相対,2.0,2900.0,2900.0,,378.0,,,189,
2026-08-20,葛西,巨峰,各地,相対,0.35,2900.0,2900.0,,540.0,,,1543,
2026-08-20,豊島,シャインマスカット,山梨,相対,5.0,2100.0,2100.0,11880.0,,9720.0,2376,,1944
2026-08-20,豊島,シャインマスカット,長野,相対,5.0,2100.0,2100.0,12960.0,,,2592,,
2026-08-20,豊島,デラウェア,山形,相対,0.33,2100.0,2100.0,302.0,270.0,238.0,915,818,721
2026-08-20,豊島,巨峰,各地,相対,0.35,2100.0,2100.0,594.0,,,1697,,
2026-08-20,豊島,巨峰,山梨,相対,5.0,2100.0,2100.0,7128.0,6804.0,6480.0,1426,1361,1296
2026-08-20,豊洲,シャインマスカット,各地,相対,5.0,18814.0,27832.0,13500.0,10800.0,9720.0,2700,2160,1944
2026-08-20,豊洲,シャインマスカット,各地,第三者販売,5.0,8805.0,27832.0,12960.0,10800.0,9720.0,2592,2160,1944
2026-08-20,豊洲,シャインマスカット,山梨,せり・入札,5.0,213.0,27832.0,,9720.0,,,1944,
2026-08-20,豊洲,シャインマスカット,山梨,相対,5.0,18814.0,27832.0,9720.0,8640.0,7560.0,1944,1728,1512
2026-08-20,豊洲,シャインマスカット,山梨,第三者販売,5.0,8805.0,27832.0,9720.0,8640.0,7560.0,1944,1728,1512
2026-08-20,豊洲,シャインマスカット,長野,相対,5.0,18814.0,27832.0,15120.0,11880.0,10260.0,3024,2376,2052
2026-08-20,豊洲,シャインマスカット,長野,第三者販売,5.0,8805.0,27832.0,14040.0,,11880.0,2808,,2376
2026-08-20,豊洲,デラウェア,山形,相対,2.0,18814.0,27832.0,1728.0,1512.0,1080.0,864,756,540
2026-08-20,豊洲,デラウェア,山形,第三者販売,2.0,8805.0,27832.0,,1728.0,,,864,
2026-08-20,豊洲,ピオーネ,山梨,相対,0.4,18814.0,27832.0,626.0,,540.0,1565,,1350
2026-08-20,豊洲,ピオーネ,山梨,第三者販売,0.4,8805.0,27832.0,,594.0,,,1485,
2026-08-20,豊洲,巨峰,山梨,せり・入札,5.0,213.0,27832.0,6480.0,,4860.0,1296,,972
2026-08-20,豊洲,巨峰,山梨,相対,5.0,18814.0,27832.0,7020.0,6480.0,5940.0,1404,1296,1188
2026-08-20,豊洲,巨峰,山梨,第三者販売,5.0,8805.0,27832.0,7020.0,6480.0,5940.0,1404,1296,1188
2026-08-20,豊洲,巨峰,長野,相対,0.35,18814.0,27832.0,734.0,,518.0,2097,,1480
2026-08-21,世田谷,シャインマスカット,山梨,相対,5.0,700.0,700.0,9720.0,,,1944,,
2026-08-21,世田谷,巨峰,山梨,相対,5.0,700.0,700.0,,4860.0,,,972,
2026-08-21,北足立,シャインマスカット,山梨,相対,5.0,7700.0,7700.0,11880.0,,,2376,,
2026-08-21,北足立,デラウェア,山形,相対,2.0,7700.0,7700.0,1944.0,1728.0,1080.0,972,864,540
2026-08-21,北足立,巨峰,山梨,相対,5.0,7700.0,7700.0,7020.0,,,1404,,
2026-08-21,多摩NT,シャインマスカット,山梨,相対,5.0,848.0,848.0,17280.0,14040.0,12960.0,3456,2808,2592
2026-08-21,多摩NT,シャインマスカット,長野,相対,5.0,848.0,848.0,16200.0,,,3240,,
2026-08-21,多摩NT,デラウェア,山形,相対,2.0,848.0,848.0,1944.0,1620.0,1296.0,972,810,648
2026-08-21,多摩NT,デラウェア,山梨,相対,2.0,848.0,848.0,1944.0,,,972,,
2026-08-21,多摩NT,ピオーネ,山梨,相対,0.4,848.0,848.0,648.0,,,1620,,
2026-08-21,多摩NT,巨峰,山梨,相対,5.0,848.0,848.0,7560.0,,,1512,,
2026-08-21,多摩NT,巨峰,長野,相対,0.35,848.0,848.0,756.0,,,2160,,
2026-08-21,大田,シャインマスカット,各地,相対,5.0,91879.0,93928.0,19440.0,10800.0,5400.0,3888,2160,1080
2026-08-21,大田,シャインマスカット,各地,第三者販売,5.0,30.0,93928.0,12960.0,,,2592,,
2026-08-21,大田,シャインマスカット,山梨,せり・入札,5.0,1071.0,93928.0,16200.0,6480.0,5400.0,3240,1296,1080
2026-08-21,大田,シャインマスカット,山梨,商物分離,5.0,948.0,93928.0,9720.0,,,1944,,
2026-08-21,大田,シャインマスカット,山梨,相対,5.0,91879.0,93928.0,16200.0,9720.0,5940.0,3240,1944,1188
2026-08-21,大田,シャインマスカット,長野,相対,5.0,91879.0,93928.0,15120.0,11880.0,10800.0,3024,2376,2160
2026-08-21,大田,デラウェア,山形,相対,2.0,91879.0,93928.0,1944.0,1512.0,864.0,972,756,432
2026-08-21,大田,デラウェア,山梨,相対,2.0,91879.0,93928.0,1620.0,,,810,,
2026-08-21,大田,ピオーネ,各地,せり・入札,5.0,1071.0,93928.0,7020.0,5400.0,4860.0,1404,1080,972
2026-08-21,大田,ピオーネ,各地,相対,5.0,91879.0,93928.0,14040.0,13068.0,11880.0,2808,2614,2376
2026-08-21,大田,ピオーネ,山梨,商物分離,0.4,948.0,93928.0,594.0,,,1485,,
2026-08-21,大田,ピオーネ,山梨,相対,0.4,91879.0,93928.0,648.0,540.0,432.0,1620,1350,1080
2026-08-21,大田,ピオーネ,岡山,相対,5.0,91879.0,93928.0,10800.0,6588.0,4860.0,2160,1318,972
2026-08-21,大田,巨峰,各地,せり・入札,0.35,1071.0,93928.0,486.0,378.0,,1389,1080,
2026-08-21,大田,巨峰,各地,相対,0.35,91879.0,93928.0,540.0,,378.0,1543,,1080
2026-08-21,大田,巨峰,山梨,せり・入札,5.0,1071.0,93928.0,5400.0,,4860.0,1080,,972
2026-08-21,大田,巨峰,山梨,相対,5.0,91879.0,93928.0,7020.0,,4320.0,1404,,864
2026-08-21,大田,巨峰,長野,相対,0.35,91879.0,93928.0,702.0,,540.0,2006,,1543
2026-08-21,板橋,シャインマスカット,山梨,相対,5.0,2210.0,2700.0,8640.0,7560.0,7020.0,1728,1512,1404
2026-08-21,板橋,シャインマスカット,山梨,第三者販売,5.0,490.0,2700.0,8100.0,,7560.0,1620,,1512
2026-08-21,板橋,ピオーネ,山梨,相対,5.0,2210.0,2700.0,5940.0,5400.0,4860.0,1188,1080,972
2026-08-21,板橋,巨峰,山梨,相対,5.0,2210.0,2700.0,7020.0,,6480.0,1404,,1296
2026-08-21,板橋,巨峰,山梨,第三者販売,5.0,490.0,2700.0,6480.0,,,1296,,
2026-08-21,淀橋,シャインマスカット,山梨,相対,5.0,14127.0,14127.0,10800.0,,7560.0,2160,,1512
2026-08-21,淀橋,シャインマスカット,長野,相対,5.0,14127.0,14127.0,14040.0,,12960.0,2808,,2592
2026-08-21,淀橋,デラウェア,山形,相対,2.0,14127.0,14127.0,2160.0,1944.0,1728.0,1080,972,864
2026-08-21,淀橋,ピオーネ,山梨,相対,5.0,14127.0,14127.0,8100.0,,,1620,,
2026-08-21,淀橋,巨峰,山梨,相対,5.0,14127.0,14127.0,7020.0,,5940.0,1404,,1188
2026-08-21,淀橋,巨峰,長野,相対,0.35,14127.0,14127.0,756.0,,,2160,,
2026-08-21,葛西,デラウェア,各地,相対,2.0,2800.0,2800.0,,378.0,,,189,
2026-08-21,葛西,巨峰,各地,相対,0.35,2800.0,2800.0,,540.0,,,1543,
2026-08-21,豊島,シャインマスカット,山梨,相対,5.0,2300.0,2300.0,11880.0,,9720.0,2376,,1944
2026-08-21,豊島,シャインマスカット,長野,相対,5.0,2300.0,2300.0,12960.0,,,2592,,
2026-08-21,豊島,デラウェア,山形,相対,0.33,2300.0,2300.0,302.0,270.0,216.0,915,818,655
2026-08-21,豊島,ピオーネ,山梨,相対,5.0,2300.0,2300.0,7020.0,6804.0,6480.0,1404,1361,1296
2026-08-21,豊島,巨峰,各地,相対,0.35,2300.0,2300.0,594.0,,,1697,,
2026-08-21,豊島,巨峰,山梨,相対,5.0,2300.0,2300.0,7020.0,6804.0,6480.0,1404,1361,1296
2026-08-21,豊洲,シャインマスカット,各地,相対,5.0,21440.0,28723.0,19440.0,10800.0,8640.0,3888,2160,1728
2026-08-21,豊洲,シャインマスカット,各地,第三者販売,5.0,6801.0,28723.0,19440.0,14040.0,10800.0,3888,2808,2160
2026-08-21,豊洲,シャインマスカット,山梨,せり・入札,5.0,282.0,28723.0,9720.0,,7560.0,1944,,1512
2026-08-21,豊洲,シャインマスカット,山梨,商物分離,5.0,200.0,28723.0,,9180.0,,,1836,
2026-08-21,豊洲,シャインマスカット,山梨,相対,5.0,21440.0,28723.0,9720.0,8640.0,7560.0,1944,1728,1512
2026-08-21,豊洲,シャインマスカット,山梨,第三者販売,5.0,6801.0,28723.0,11880.0,9720.0,8640.0,2376,1944,1728
2026-08-21,豊洲,シャインマスカット,長野,相対,5.0,21440.0,28723.0,12960.0,11880.0,10800.0,2592,2376,2160
2026-08-21,豊洲,シャインマスカット,長野,第三者販売,5.0,6801.0,28723.0,14040.0,,11880.0,2808,,2376
2026-08-21,豊洲,デラウェア,山形,相対,2.0,21440.0,28723.0,1728.0,,1512.0,864,,756
2026-08-21,豊洲,デラウェア,山形,第三者販売,2.0,6801.0,28723.0,1944.0,972.0,756.0,972,486,378
2026-08-21,豊洲,ピオーネ,各地,相対,5.0,21440.0,28723.0,,6480.0,,,1296,
2026-08-21,豊洲,ピオーネ,山梨,相対,0.4,21440.0,28723.0,648.0,594.0,540.0,1620,1485,1350
2026-08-21,豊洲,ピオーネ,山梨,第三者販売,0.4,6801.0,28723.0,,594.0,,,1485,
2026-08-21,豊洲,巨峰,山梨,せり・入札,5.0,282.0,28723.0,5400.0,,4320.0,1080,,864
2026-08-21,豊洲,巨峰,山梨,相対,5.0,21440.0,28723.0,7020.0,6480.0,5940.0,1404,1296,1188
2026-08-21,豊洲,巨峰,山梨,第三者販売,5.0,6801.0,28723.0,7020.0,6480.0,5400.0,1404,1296,1080
2026-08-21,豊洲,巨峰,長野,相対,0.35,21440.0,28723.0,713.0,,518.0,2037,,1480
2026-08-22,世田谷,シャインマスカット,山梨,相対,5.0,1000.0,1000.0,9720.0,,,1944,,
2026-08-22,北足立,シャインマスカット,各地,相対,5.0,10300.0,11000.0,8640.0,,,1728,,
2026-08-22,北足立,シャインマスカット,山梨,相対,5.0,10300.0,11000.0,11880.0,,,2376,,
2026-08-22,北足立,デラウェア,山形,商物分離,0.35,700.0,11000.0,378.0,346.0,335.0,1080,989,957
2026-08-22,北足立,デラウェア,山形,相対,2.0,10300.0,11000.0,1944.0,1728.0,1080.0,972,864,540
2026-08-22,北足立,ピオーネ,山梨,相対,5.0,10300.0,11000.0,,7020.0,,,1404,
2026-08-22,北足立,巨峰,山梨,相対,5.0,10300.0,11000.0,7020.0,,,1404,,
2026-08-22,多摩NT,シャインマスカット,山梨,相対,5.0,1711.0,1715.0,17280.0,14040.0,12960.0,3456,2808,2592
2026-08-22,多摩NT,シャインマスカット,長野,相対,5.0,1711.0,1715.0,16200.0,,,3240,,
2026-08-22,多摩NT,デラウェア,山形,相対,2.0,1711.0,1715.0,1944.0,1620.0,1296.0,972,810,648
2026-08-22,多摩NT,デラウェア,山形,第三者販売,2.0,4.0,1715.0,1944.0,1620.0,1296.0,972,810,648
2026-08-22,多摩NT,デラウェア,山梨,相対,2.0,1711.0,1715.0,1944.0,,,972,,
2026-08-22,多摩NT,デラウェア,山梨,第三者販売,2.0,4.0,1715.0,1944.0,,,972,,
2026-08-22,多摩NT,ピオーネ,山梨,相対,0.4,1711.0,1715.0,648.0,,,1620,,
2026-08-22,多摩NT,巨峰,山梨,相対,5.0,1711.0,1715.0,7560.0,,,1512,,
2026-08-22,多摩NT,巨峰,長野,相対,0.35,1711.0,1715.0,756.0,,,2160,,
2026-08-22,大田,シャインマスカット,各地,相対,5.0,103221.0,105251.0,19440.0,10800.0,5400.0,3888,2160,1080
2026-08-22,大田,シャインマスカット,山梨,せり・入札,5.0,1796.0,105251.0,16200.0,8100.0,7560.0,3240,1620,1512
2026-08-22,大田,シャインマスカット,山梨,相対,5.0,103221.0,105251.0,14040.0,9720.0,4320.0,2808,1944,864
2026-08-22,大田,シャインマスカット,長野,相対,5.0,103221.0,105251.0,15120.0,11880.0,8640.0,3024,2376,1728
2026-08-22,大田,デラウェア,山形,相対,2.0,103221.0,105251.0,1944.0,1512.0,864.0,972,756,432
2026-08-22,大田,デラウェア,山梨,相対,2.0,103221.0,105251.0,1836.0,1836.0,1080.0,918,918,540
2026-08-22,大田,ピオーネ,各地,せり・入札,5.0,1796.0,105251.0,5400.0,4860.0,,1080,972,
2026-08-22,大田,ピオーネ,各地,相対,5.0,103221.0,105251.0,8640.0,8640.0,4536.0,1728,1728,907
2026-08-22,大田,ピオーネ,山梨,相対,0.4,103221.0,105251.0,648.0,540.0,486.0,1620,1350,1215
2026-08-22,大田,ピオーネ,岡山,相対,5.0,103221.0,105251.0,10800.0,6480.0,4860.0,2160,1296,972
2026-08-22,大田,巨峰,各地,相対,0.35,103221.0,105251.0,540.0,,378.0,1543,,1080
2026-08-22,大田,巨峰,山梨,せり・入札,5.0,1796.0,105251.0,5400.0,4320.0,,1080,864,
2026-08-22,大田,巨峰,山梨,相対,5.0,103221.0,105251.0,8100.0,6480.0,4320.0,1620,1296,864
2026-08-22,大田,巨峰,長野,相対,0.35,103221.0,105251.0,756.0,,540.0,2160,,1543
2026-08-22,板橋,シャインマスカット,山梨,相対,5.0,3550.0,3600.0,8100.0,7560.0,7020.0,1620,1512,1404
2026-08-22,板橋,シャインマスカット,山梨,第三者販売,5.0,50.0,3600.0,7560.0,,7020.0,1512,,1404
2026-08-22,板橋,ピオーネ,山梨,相対,5.0,3550.0,3600.0,5400.0,,4860.0,1080,,972
2026-08-22,板橋,巨峰,山梨,相対,5.0,3550.0,3600.0,6696.0,,6480.0,1339,,1296
2026-08-22,淀橋,シャインマスカット,山梨,相対,5.0,15634.0,15634.0,10800.0,,7560.0,2160,,1512
2026-08-22,淀橋,シャインマスカット,長野,相対,5.0,15634.0,15634.0,14040.0,,12960.0,2808,,2592
2026-08-22,淀橋,デラウェア,山形,相対,2.0,15634.0,15634.0,2160.0,1944.0,1728.0,1080,972,864
2026-08-22,淀橋,ピオーネ,山梨,相対,5.0,15634.0,15634.0,8100.0,,,1620,,
2026-08-22,淀橋,巨峰,山梨,相対,5.0,15634.0,15634.0,7020.0,,5940.0,1404,,1188
2026-08-22,淀橋,巨峰,長野,相対,0.35,15634.0,15634.0,756.0,,,2160,,
2026-08-22,葛西,デラウェア,各地,相対,2.0,3400.0,3400.0,,378.0,,,189,
2026-08-22,葛西,巨峰,各地,相対,0.35,3400.0,3400.0,,540.0,,,1543,
2026-08-22,豊島,シャインマスカット,山梨,相対,5.0,2200.0,2200.0,9720.0,9180.0,8640.0,1944,1836,1728
2026-08-22,豊島,シャインマスカット,長野,相対,5.0,2200.0,2200.0,12960.0,,,2592,,
2026-08-22,豊島,デラウェア,山形,相対,0.33,2200.0,2200.0,302.0,216.0,130.0,915,655,394
2026-08-22,豊島,ピオーネ,山梨,相対,5.0,2200.0,2200.0,7020.0,,6480.0,1404,,1296
2026-08-22,豊島,巨峰,各地,相対,0.35,2200.0,2200.0,594.0,,,1697,,
2026-08-22,豊島,巨峰,山梨,相対,5.0,2200.0,2200.0,6804.0,6480.0,5400.0,1361,1296,1080
2026-08-22,豊洲,シャインマスカット,各地,相対,5.0,23777.0,30480.0,14040.0,10800.0,8640.0,2808,2160,1728
2026-08-22,豊洲,シャインマスカット,各地,第三者販売,5.0,6503.0,30480.0,12960.0,,9720.0,2592,,1944
2026-08-22,豊洲,シャインマスカット,山梨,商物分離,5.0,200.0,30480.0,,9180.0,,,1836,
2026-08-22,豊洲,シャインマスカット,山梨,相対,5.0,23777.0,30480.0,9720.0,8640.0,7560.0,1944,1728,1512
2026-08-22,豊洲,シャインマスカット,山梨,第三者販売,5.0,6503.0,30480.0,11880.0,9720.0,8640.0,2376,1944,1728
2026-08-22,豊洲,シャインマスカット,長野,相対,5.0,23777.0,30480.0,10800.0,10260.0,7560.0,2160,2052,1512
2026-08-22,豊洲,シャインマスカット,長野,第三者販売,5.0,6503.0,30480.0,,10260.0,,,2052,
2026-08-22,豊洲,デラウェア,山形,相対,2.0,23777.0,30480.0,1728.0,972.0,756.0,864,486,378
2026-08-22,豊洲,デラウェア,山形,第三者販売,2.0,6503.0,30480.0,,1728.0,,,864,
2026-08-22,豊洲,ピオーネ,各地,相対,5.0,23777.0,30480.0,,6480.0,,,1296,
2026-08-22,豊洲,ピオーネ,山梨,相対,0.4,23777.0,30480.0,648.0,,594.0,1620,,1485
2026-08-22,豊洲,ピオーネ,山梨,第三者販売,0.4,6503.0,30480.0,594.0,,540.0,1485,,1350
2026-08-22,豊洲,ピオーネ,岡山,相対,5.0,23777.0,30480.0,6480.0,,3240.0,1296,,648
2026-08-22,豊洲,巨峰,山梨,相対,5.0,23777.0,30480.0,7344.0,6480.0,5940.0,1469,1296,1188
2026-08-22,豊洲,巨峰,山梨,第三者販売,5.0,6503.0,30480.0,7020.0,,4320.0,1404,,864
2026-08-22,豊洲,巨峰,長野,相対,0.35,23777.0,30480.0,648.0,540.0,378.0,1851,1543,1080
2026-08-24,世田谷,シャインマスカット,山梨,相対,5.0,700.0,700.0,8640.0,,,1728,,
2026-08-24,世田谷,巨峰,山梨,相対,5.0,700.0,700.0,6480.0,,,1296,,
2026-08-24,北足立,シャインマスカット,各地,相対,5.0,9600.0,9600.0,8640.0,7560.0,,1728,1512,
2026-08-24,北足立,シャインマスカット,山梨,相対,5.0,9600.0,9600.0,,8640.0,,,1728,
2026-08-24,北足立,デラウェア,山形,相対,2.0,9600.0,9600.0,1944.0,1728.0,1080.0,972,864,540
2026-08-24,北足立,ピオーネ,山梨,相対,5.0,9600.0,9600.0,,6480.0,,,1296,
2026-08-24,北足立,巨峰,山梨,相対,5.0,9600.0,9600.0,,5940.0,,,1188,
2026-08-24,多摩NT,シャインマスカット,山梨,相対,5.0,1015.0,1015.0,17280.0,14040.0,12960.0,3456,2808,2592
2026-08-24,多摩NT,シャインマスカット,長野,相対,5.0,1015.0,1015.0,16200.0,,,3240,,
2026-08-24,多摩NT,デラウェア,山形,相対,2.0,1015.0,1015.0,1944.0,1620.0,1296.0,972,810,648
2026-08-24,多摩NT,デラウェア,山梨,相対,2.0,1015.0,1015.0,1944.0,,,972,,
2026-08-24,多摩NT,巨峰,山梨,相対,5.0,1015.0,1015.0,7560.0,,,1512,,
2026-08-24,多摩NT,巨峰,長野,相対,0.35,1015.0,1015.0,756.0,,,2160,,
2026-08-24,大田,シャインマスカット,各地,相対,5.0,111628.0,114210.0,19440.0,9720.0,4860.0,3888,1944,972
2026-08-24,大田,シャインマスカット,山梨,せり・入札,5.0,1694.0,114210.0,16200.0,6480.0,5400.0,3240,1296,1080
2026-08-24,大田,シャインマスカット,山梨,商物分離,5.0,650.0,114210.0,9180.0,,,1836,,
2026-08-24,大田,シャインマスカット,山梨,相対,5.0,111628.0,114210.0,16200.0,8640.0,4320.0,3240,1728,864
2026-08-24,大田,シャインマスカット,長野,相対,5.0,111628.0,114210.0,15120.0,10800.0,10260.0,3024,2160,2052
2026-08-24,大田,デラウェア,山形,相対,2.0,111628.0,114210.0,1944.0,1512.0,864.0,972,756,432
2026-08-24,大田,デラウェア,山梨,相対,2.0,111628.0,114210.0,1836.0,,1620.0,918,,810
2026-08-24,大田,ピオーネ,各地,せり・入札,5.0,1694.0,114210.0,5940.0,5400.0,,1188,1080,
2026-08-24,大田,ピオーネ,各地,相対,5.0,111628.0,114210.0,7560.0,7560.0,3780.0,1512,1512,756
2026-08-24,大田,ピオーネ,山梨,相対,0.4,111628.0,114210.0,648.0,540.0,324.0,1620,1350,810
2026-08-24,大田,ピオーネ,岡山,相対,5.0,111628.0,114210.0,10800.0,6696.0,5400.0,2160,1339,1080
2026-08-24,大田,巨峰,各地,相対,0.35,111628.0,114210.0,486.0,,378.0,1389,,1080
2026-08-24,大田,巨峰,山梨,せり・入札,5.0,1694.0,114210.0,5400.0,4320.0,,1080,864,
2026-08-24,大田,巨峰,山梨,相対,5.0,111628.0,114210.0,7560.0,6480.0,4320.0,1512,1296,864
2026-08-24,大田,巨峰,長野,相対,0.35,111628.0,114210.0,702.0,,486.0,2006,,1389
2026-08-24,板橋,シャインマスカット,山梨,相対,5.0,3835.0,4100.0,8640.0,7560.0,7020.0,1728,1512,1404
2026-08-24,板橋,シャインマスカット,山梨,第三者販売,5.0,265.0,4100.0,7560.0,,7344.0,1512,,1469
2026-08-24,板橋,ピオーネ,山梨,相対,5.0,3835.0,4100.0,5400.0,4860.0,4320.0,1080,972,864
2026-08-24,板橋,巨峰,山梨,相対,5.0,3835.0,4100.0,6804.0,,6480.0,1361,,1296
2026-08-24,板橋,巨峰,山梨,第三者販売,5.0,265.0,4100.0,6480.0,,,1296,,
2026-08-24,淀橋,シャインマスカット,山梨,相対,5.0,18675.0,18675.0,10800.0,,7560.0,2160,,1512
2026-08-24,淀橋,シャインマスカット,長野,相対,5.0,18675.0,18675.0,14040.0,,12960.0,2808,,2592
2026-08-24,淀橋,デラウェア,山形,相対,2.0,18675.0,18675.0,2160.0,1944.0,1728.0,1080,972,864
2026-08-24,淀橋,ピオーネ,山梨,相対,5.0,18675.0,18675.0,8100.0,,,1620,,
2026-08-24,淀橋,巨峰,山梨,相対,5.0,18675.0,18675.0,7020.0,,5940.0,1404,,1188
2026-08-24,淀橋,巨峰,長野,相対,0.35,18675.0,18675.0,756.0,,,2160,,
2026-08-24,葛西,シャインマスカット,各地,相対,5.0,3400.0,3400.0,,7560.0,,,1512,
2026-08-24,葛西,デラウェア,各地,相対,2.0,3400.0,3400.0,,378.0,,,189,
2026-08-24,葛西,巨峰,各地,相対,0.35,3400.0,3400.0,,540.0,,,1543,
2026-08-24,豊島,シャインマスカット,山梨,相対,5.0,1600.0,1600.0,9180.0,,8100.0,1836,,1620
2026-08-24,豊島,シャインマスカット,長野,相対,5.0,1600.0,1600.0,11880.0,,10800.0,2376,,2160
2026-08-24,豊島,デラウェア,山形,相対,0.33,1600.0,1600.0,302.0,281.0,270.0,915,852,818
2026-08-24,豊島,ピオーネ,山梨,相対,5.0,1600.0,1600.0,7020.0,,6480.0,1404,,1296
2026-08-24,豊島,巨峰,各地,相対,0.35,1600.0,1600.0,594.0,,572.0,1697,,1634
2026-08-24,豊島,巨峰,山梨,相対,5.0,1600.0,1600.0,6480.0,,5400.0,1296,,1080
2026-08-24,豊洲,シャインマスカット,各地,相対,5.0,24496.0,33774.0,12420.0,9720.0,7020.0,2484,1944,1404
2026-08-24,豊洲,シャインマスカット,各地,第三者販売,5.0,8644.0,33774.0,12960.0,8640.0,7560.0,2592,1728,1512
2026-08-24,豊洲,シャインマスカット,山梨,せり・入札,5.0,634.0,33774.0,7560.0,,6480.0,1512,,1296
2026-08-24,豊洲,シャインマスカット,山梨,相対,5.0,24496.0,33774.0,8640.0,7560.0,6480.0,1728,1512,1296
2026-08-24,豊洲,シャインマスカット,山梨,第三者販売,5.0,8644.0,33774.0,9180.0,8640.0,7020.0,1836,1728,1404
2026-08-24,豊洲,シャインマスカット,長野,相対,5.0,24496.0,33774.0,16200.0,10800.0,9720.0,3240,2160,1944
2026-08-24,豊洲,シャインマスカット,長野,第三者販売,5.0,8644.0,33774.0,,10800.0,,,2160,
2026-08-24,豊洲,デラウェア,山形,相対,2.0,24496.0,33774.0,,1728.0,,,864,
2026-08-24,豊洲,デラウェア,山形,第三者販売,2.0,8644.0,33774.0,1944.0,972.0,756.0,972,486,378
2026-08-24,豊洲,ピオーネ,各地,相対,5.0,24496.0,33774.0,5400.0,,4320.0,1080,,864
2026-08-24,豊洲,ピオーネ,山梨,相対,0.4,24496.0,33774.0,648.0,594.0,518.0,1620,1485,1295
2026-08-24,豊洲,ピオーネ,山梨,第三者販売,0.4,8644.0,33774.0,594.0,,540.0,1485,,1350
2026-08-24,豊洲,ピオーネ,岡山,相対,5.0,24496.0,33774.0,,5400.0,,,1080,
2026-08-24,豊洲,巨峰,山梨,せり・入札,5.0,634.0,33774.0,4860.0,4320.0,3780.0,972,864,756
2026-08-24,豊洲,巨峰,山梨,相対,5.0,24496.0,33774.0,6480.0,,6156.0,1296,,1231
2026-08-24,豊洲,巨峰,山梨,第三者販売,5.0,8644.0,33774.0,6480.0,,6156.0,1296,,1231
2026-08-24,豊洲,巨峰,長野,相対,0.35,24496.0,33774.0,594.0,,486.0,1697,,1389
2026-08-25,世田谷,シャインマスカット,山梨,相対,5.0,1400.0,1400.0,8640.0,,,1728,,
2026-08-25,北足立,シャインマスカット,各地,相対,5.0,9600.0,9600.0,7560.0,,,1512,,
2026-08-25,北足立,シャインマスカット,山梨,相対,5.0,9600.0,9600.0,,8640.0,,,1728,
2026-08-25,北足立,デラウェア,山形,相対,2.0,9600.0,9600.0,1944.0,1728.0,1080.0,972,864,540
2026-08-25,北足立,ピオーネ,山梨,相対,5.0,9600.0,9600.0,,6480.0,,,1296,
2026-08-25,北足立,巨峰,山梨,相対,5.0,9600.0,9600.0,,5940.0,,,1188,
2026-08-25,多摩NT,シャインマスカット,山梨,相対,5.0,569.0,569.0,17280.0,14040.0,12960.0,3456,2808,2592
2026-08-25,多摩NT,シャインマスカット,長野,相対,5.0,569.0,569.0,16200.0,,,3240,,
2026-08-25,多摩NT,デラウェア,山形,相対,2.0,569.0,569.0,1944.0,1620.0,1296.0,972,810,648
2026-08-25,多摩NT,デラウェア,山梨,相対,2.0,569.0,569.0,1944.0,,,972,,
2026-08-25,多摩NT,ピオーネ,山梨,相対,0.4,569.0,569.0,648.0,,,1620,,
2026-08-25,多摩NT,巨峰,山梨,相対,5.0,569.0,569.0,7560.0,,,1512,,
2026-08-25,多摩NT,巨峰,長野,相対,0.35,569.0,569.0,756.0,,,2160,,
2026-08-25,大田,シャインマスカット,各地,相対,5.0,107251.0,109820.0,16200.0,9720.0,5940.0,3240,1944,1188
2026-08-25,大田,シャインマスカット,各地,第三者販売,5.0,275.0,109820.0,8640.0,,7560.0,1728,,1512
2026-08-25,大田,シャインマスカット,山梨,せり・入札,5.0,1994.0,109820.0,7560.0,6480.0,5940.0,1512,1296,1188
2026-08-25,大田,シャインマスカット,山梨,商物分離,5.0,300.0,109820.0,8640.0,,,1728,,
2026-08-25,大田,シャインマスカット,山梨,相対,5.0,107251.0,109820.0,16200.0,8640.0,4320.0,3240,1728,864
2026-08-25,大田,シャインマスカット,長野,相対,5.0,107251.0,109820.0,14040.0,10800.0,10260.0,2808,2160,2052
2026-08-25,大田,デラウェア,山形,相対,2.0,107251.0,109820.0,1944.0,1404.0,864.0,972,702,432
2026-08-25,大田,デラウェア,山梨,相対,2.0,107251.0,109820.0,1836.0,,,918,,
2026-08-25,大田,ピオーネ,各地,せり・入札,5.0,1994.0,109820.0,4860.0,4320.0,3780.0,972,864,756
2026-08-25,大田,ピオーネ,各地,相対,5.0,107251.0,109820.0,7560.0,6372.0,5400.0,1512,1274,1080
2026-08-25,大田,ピオーネ,山梨,相対,0.4,107251.0,109820.0,648.0,540.0,324.0,1620,1350,810
2026-08-25,大田,ピオーネ,岡山,相対,5.0,107251.0,109820.0,10800.0,6048.0,4860.0,2160,1210,972
2026-08-25,大田,巨峰,各地,せり・入札,0.35,1994.0,109820.0,432.0,,216.0,1234,,617
2026-08-25,大田,巨峰,各地,相対,0.35,107251.0,109820.0,486.0,,378.0,1389,,1080
2026-08-25,大田,巨峰,山梨,せり・入札,5.0,1994.0,109820.0,4860.0,4320.0,3780.0,972,864,756
2026-08-25,大田,巨峰,山梨,相対,5.0,107251.0,109820.0,7560.0,6480.0,4860.0,1512,1296,972
2026-08-25,大田,巨峰,長野,相対,0.35,107251.0,109820.0,702.0,,486.0,2006,,1389
2026-08-25,板橋,シャインマスカット,山梨,相対,5.0,4050.0,4400.0,8100.0,7344.0,7020.0,1620,1469,1404
2026-08-25,板橋,シャインマスカット,山梨,第三者販売,5.0,350.0,4400.0,7020.0,,6480.0,1404,,1296
2026-08-25,板橋,デラウェア,山梨,相対,2.0,4050.0,4400.0,,8640.0,,,4320,
2026-08-25,板橋,ピオーネ,山梨,相対,5.0,4050.0,4400.0,5184.0,4644.0,4320.0,1037,929,864
2026-08-25,板橋,巨峰,山梨,相対,5.0,4050.0,4400.0,6480.0,,5940.0,1296,,1188
2026-08-25,板橋,巨峰,山梨,第三者販売,5.0,350.0,4400.0,6480.0,,,1296,,
2026-08-25,淀橋,シャインマスカット,山梨,相対,5.0,18409.0,18409.0,10800.0,,7560.0,2160,,1512
2026-08-25,淀橋,シャインマスカット,長野,相対,5.0,18409.0,18409.0,14040.0,,12960.0,2808,,2592
2026-08-25,淀橋,デラウェア,山形,相対,2.0,18409.0,18409.0,2160.0,1944.0,1728.0,1080,972,864
2026-08-25,淀橋,ピオーネ,山梨,相対,5.0,18409.0,18409.0,8100.0,,,1620,,
2026-08-25,淀橋,巨峰,山梨,相対,5.0,18409.0,18409.0,7020.0,,5940.0,1404,,1188
2026-08-25,淀橋,巨峰,長野,相対,0.35,18409.0,18409.0,756.0,,,2160,,
2026-08-25,葛西,シャインマスカット,各地,相対,5.0,3200.0,3200.0,,7560.0,,,1512,
2026-08-25,葛西,デラウェア,各地,相対,2.0,3200.0,3200.0,,378.0,,,189,
2026-08-25,葛西,巨峰,各地,相対,0.35,3200.0,3200.0,,540.0,,,1543,
2026-08-25,豊島,シャインマスカット,山梨,相対,5.0,1700.0,1700.0,9180.0,,,1836,,
2026-08-25,豊島,シャインマスカット,長野,相対,5.0,1700.0,1700.0,11880.0,,10800.0,2376,,2160
2026-08-25,豊島,デラウェア,山形,相対,0.33,1700.0,1700.0,302.0,270.0,238.0,915,818,721
2026-08-25,豊島,ピオーネ,山梨,相対,5.0,1700.0,1700.0,7020.0,,,1404,,
2026-08-25,豊島,巨峰,各地,相対,0.35,1700.0,1700.0,594.0,,572.0,1697,,1634
2026-08-25,豊島,巨峰,山梨,相対,5.0,1700.0,1700.0,6480.0,,,1296,,
2026-08-25,豊洲,シャインマスカット,各地,相対,5.0,19017.0,28827.0,12960.0,8640.0,6480.0,2592,1728,1296
2026-08-25,豊洲,シャインマスカット,各地,第三者販売,5.0,8463.0,28827.0,10800.0,9720.0,9180.0,2160,1944,1836
2026-08-25,豊洲,シャインマスカット,山梨,せり・入札,5.0,347.0,28827.0,6480.0,5400.0,4320.0,1296,1080,864
2026-08-25,豊洲,シャインマスカット,山梨,商物分離,5.0,1000.0,28827.0,9720.0,,8640.0,1944,,1728
2026-08-25,豊洲,シャインマスカット,山梨,相対,5.0,19017.0,28827.0,8640.0,7560.0,6480.0,1728,1512,1296
2026-08-25,豊洲,シャインマスカット,山梨,第三者販売,5.0,8463.0,28827.0,8748.0,8640.0,8100.0,1750,1728,1620
2026-08-25,豊洲,シャインマスカット,長野,相対,5.0,19017.0,28827.0,15120.0,10800.0,9720.0,3024,2160,1944
2026-08-25,豊洲,シャインマスカット,長野,第三者販売,5.0,8463.0,28827.0,,10800.0,,,2160,
2026-08-25,豊洲,デラウェア,山形,相対,2.0,19017.0,28827.0,1728.0,864.0,648.0,864,432,324
2026-08-25,豊洲,デラウェア,山形,第三者販売,2.0,8463.0,28827.0,,1728.0,,,864,
2026-08-25,豊洲,ピオーネ,山梨,相対,0.4,19017.0,28827.0,648.0,594.0,540.0,1620,1485,1350
2026-08-25,豊洲,巨峰,山梨,せり・入札,5.0,347.0,28827.0,4860.0,,3780.0,972,,756
2026-08-25,豊洲,巨峰,山梨,相対,5.0,19017.0,28827.0,6480.0,6156.0,5940.0,1296,1231,1188
2026-08-25,豊洲,巨峰,山梨,第三者販売,5.0,8463.0,28827.0,6480.0,,6156.0,1296,,1231
2026-08-25,豊洲,巨峰,長野,相対,0.35,19017.0,28827.0,518.0,,486.0,1480,,1389
2026-08-27,世田谷,シャインマスカット,山梨,相対,5.0,600.0,600.0,7560.0,,,1512,,
2026-08-27,世田谷,巨峰,山梨,相対,5.0,600.0,600.0,6480.0,,,1296,,
2026-08-27,北足立,シャインマスカット,各地,相対,5.0,11000.0,11000.0,7560.0,,,1512,,
2026-08-27,北足立,デラウェア,山形,相対,2.0,11000.0,11000.0,1944.0,1728.0,1080.0,972,864,540
2026-08-27,多摩NT,シャインマスカット,山梨,相対,5.0,1181.0,1181.0,17280.0,14040.0,12960.0,3456,2808,2592
2026-08-27,多摩NT,シャインマスカット,長野,相対,5.0,1181.0,1181.0,16200.0,,,3240,,
2026-08-27,多摩NT,デラウェア,山形,相対,2.0,1181.0,1181.0,1944.0,1620.0,1296.0,972,810,648
2026-08-27,多摩NT,デラウェア,山梨,相対,2.0,1181.0,1181.0,1944.0,,,972,,
2026-08-27,多摩NT,巨峰,山梨,相対,5.0,1181.0,1181.0,7560.0,,,1512,,
2026-08-27,多摩NT,巨峰,長野,相対,0.35,1181.0,1181.0,756.0,,,2160,,
2026-08-27,大田,シャインマスカット,各地,相対,5.0,131013.0,133098.0,16200.0,8640.0,4860.0,3240,1728,972
2026-08-27,大田,シャインマスカット,山梨,せり・入札,5.0,1868.0,133098.0,14040.0,6480.0,5400.0,2808,1296,1080
2026-08-27,大田,シャインマスカット,山梨,商物分離,5.0,217.0,133098.0,8640.0,,,1728,,
2026-08-27,大田,シャインマスカット,山梨,相対,5.0,131013.0,133098.0,14040.0,8640.0,4320.0,2808,1728,864
2026-08-27,大田,シャインマスカット,長野,相対,5.0,131013.0,133098.0,15120.0,10800.0,8640.0,3024,2160,1728
2026-08-27,大田,デラウェア,山形,相対,2.0,131013.0,133098.0,1836.0,1404.0,864.0,918,702,432
2026-08-27,大田,デラウェア,山梨,相対,2.0,131013.0,133098.0,1188.0,,,594,,
2026-08-27,大田,ピオーネ,各地,せり・入札,5.0,1868.0,133098.0,6480.0,5400.0,4860.0,1296,1080,972
2026-08-27,大田,ピオーネ,各地,相対,5.0,131013.0,133098.0,10800.0,7776.0,5400.0,2160,1555,1080
2026-08-27,大田,ピオーネ,山梨,せり・入札,0.4,1868.0,133098.0,486.0,,,1215,,
2026-08-27,大田,ピオーネ,山梨,相対,0.4,131013.0,133098.0,594.0,540.0,486.0,1485,1350,1215
2026-08-27,大田,ピオーネ,岡山,相対,5.0,131013.0,133098.0,10800.0,6264.0,4320.0,2160,1253,864
2026-08-27,大田,巨峰,各地,相対,0.35,131013.0,133098.0,594.0,,378.0,1697,,1080
2026-08-27,大田,巨峰,山梨,せり・入札,5.0,1868.0,133098.0,5400.0,4860.0,4320.0,1080,972,864
2026-08-27,大田,巨峰,山梨,相対,5.0,131013.0,133098.0,7560.0,6480.0,4860.0,1512,1296,972
2026-08-27,大田,巨峰,長野,相対,0.35,131013.0,133098.0,648.0,,454.0,1851,,1297
2026-08-27,板橋,シャインマスカット,山梨,相対,5.0,5215.0,5300.0,7560.0,7020.0,6480.0,1512,1404,1296
2026-08-27,板橋,デラウェア,山梨,相対,2.0,5215.0,5300.0,,8640.0,,,4320,
2026-08-27,板橋,ピオーネ,山梨,相対,5.0,5215.0,5300.0,5940.0,5400.0,4320.0,1188,1080,864
2026-08-27,板橋,巨峰,山梨,相対,5.0,5215.0,5300.0,7128.0,,6480.0,1426,,1296
2026-08-27,板橋,巨峰,山梨,第三者販売,5.0,85.0,5300.0,6480.0,,,1296,,
2026-08-27,淀橋,シャインマスカット,山梨,相対,5.0,19349.0,19349.0,10800.0,,7560.0,2160,,1512
2026-08-27,淀橋,シャインマスカット,長野,相対,5.0,19349.0,19349.0,12960.0,,,2592,,
2026-08-27,淀橋,デラウェア,山形,相対,2.0,19349.0,19349.0,2160.0,1944.0,1728.0,1080,972,864
2026-08-27,淀橋,ピオーネ,山梨,相対,5.0,19349.0,19349.0,8100.0,,,1620,,
2026-08-27,淀橋,巨峰,山梨,相対,5.0,19349.0,19349.0,7020.0,,5940.0,1404,,1188
2026-08-27,淀橋,巨峰,長野,相対,0.35,19349.0,19349.0,702.0,,,2006,,
2026-08-27,葛西,シャインマスカット,各地,相対,5.0,3200.0,3200.0,,6480.0,,,1296,
2026-08-27,葛西,デラウェア,各地,相対,2.0,3200.0,3200.0,,378.0,,,189,
2026-08-27,葛西,巨峰,各地,相対,0.35,3200.0,3200.0,,378.0,,,1080,
2026-08-27,豊島,シャインマスカット,山梨,相対,5.0,2000.0,2000.0,9180.0,,,1836,,
2026-08-27,豊島,シャインマスカット,長野,相対,5.0,2000.0,2000.0,10800.0,,,2160,,
2026-08-27,豊島,デラウェア,山形,相対,0.33,2000.0,2000.0,281.0,238.0,216.0,852,721,655
2026-08-27,豊島,ピオーネ,山梨,相対,5.0,2000.0,2000.0,7020.0,,6480.0,1404,,1296
2026-08-27,豊島,巨峰,各地,相対,0.35,2000.0,2000.0,594.0,,572.0,1697,,1634
2026-08-27,豊島,巨峰,山梨,相対,5.0,2000.0,2000.0,6480.0,5940.0,5400.0,1296,1188,1080
2026-08-27,豊洲,シャインマスカット,各地,相対,5.0,27129.0,35952.0,8640.0,,5400.0,1728,,1080
2026-08-27,豊洲,シャインマスカット,各地,第三者販売,5.0,7748.0,35952.0,,16200.0,,,3240,
2026-08-27,豊洲,シャインマスカット,山梨,せり・入札,5.0,75.0,35952.0,5400.0,4860.0,4320.0,1080,972,864
2026-08-27,豊洲,シャインマスカット,山梨,商物分離,5.0,1000.0,35952.0,9720.0,,8640.0,1944,,1728
2026-08-27,豊洲,シャインマスカット,山梨,相対,5.0,27129.0,35952.0,8100.0,7560.0,6480.0,1620,1512,1296
2026-08-27,豊洲,シャインマスカット,山梨,第三者販売,5.0,7748.0,35952.0,10800.0,8640.0,7560.0,2160,1728,1512
2026-08-27,豊洲,シャインマスカット,長野,相対,5.0,27129.0,35952.0,10800.0,10260.0,8640.0,2160,2052,1728
2026-08-27,豊洲,シャインマスカット,長野,第三者販売,5.0,7748.0,35952.0,11340.0,,10260.0,2268,,2052
2026-08-27,豊洲,デラウェア,山形,相対,2.0,27129.0,35952.0,1728.0,864.0,324.0,864,432,162
2026-08-27,豊洲,デラウェア,山形,第三者販売,2.0,7748.0,35952.0,,1728.0,,,864,
2026-08-27,豊洲,ピオーネ,各地,相対,5.0,27129.0,35952.0,,5400.0,,,1080,
2026-08-27,豊洲,ピオーネ,山梨,相対,0.4,27129.0,35952.0,594.0,,518.0,1485,,1295
2026-08-27,豊洲,ピオーネ,山梨,第三者販売,0.4,7748.0,35952.0,,594.0,,,1485,
2026-08-27,豊洲,巨峰,山梨,相対,5.0,27129.0,35952.0,7020.0,6480.0,5940.0,1404,1296,1188
2026-08-27,豊洲,巨峰,山梨,第三者販売,5.0,7748.0,35952.0,7128.0,,6912.0,1426,,1382
2026-08-27,豊洲,巨峰,長野,相対,0.35,27129.0,35952.0,594.0,562.0,454.0,1697,1606,1297
2026-08-27,豊洲,巨峰,長野,第三者販売,0.35,7748.0,35952.0,,562.0,,,1606,
2026-08-28,世田谷,シャインマスカット,山梨,相対,5.0,900.0,900.0,7560.0,,,1512,,
2026-08-28,世田谷,巨峰,山梨,相対,5.0,900.0,900.0,6480.0,,,1296,,
2026-08-28,北足立,シャインマスカット,各地,相対,5.0,10000.0,10000.0,7560.0,,,1512,,
2026-08-28,北足立,シャインマスカット,山梨,相対,5.0,10000.0,10000.0,,8640.0,,,1728,
2026-08-28,北足立,デラウェア,山形,相対,2.0,10000.0,10000.0,1944.0,1728.0,1080.0,972,864,540
2026-08-28,北足立,ピオーネ,山梨,相対,5.0,10000.0,10000.0,,7020.0,,,1404,
2026-08-28,北足立,巨峰,山梨,相対,5.0,10000.0,10000.0,7020.0,,,1404,,
2026-08-28,多摩NT,シャインマスカット,山梨,相対,5.0,888.0,888.0,17280.0,14040.0,12960.0,3456,2808,2592
2026-08-28,多摩NT,シャインマスカット,長野,相対,5.0,888.0,888.0,16200.0,,,3240,,
2026-08-28,多摩NT,デラウェア,山形,相対,2.0,888.0,888.0,1944.0,1620.0,1296.0,972,810,648
2026-08-28,多摩NT,デラウェア,山梨,相対,2.0,888.0,888.0,1944.0,,,972,,
2026-08-28,多摩NT,ピオーネ,山梨,相対,0.4,888.0,888.0,648.0,,,1620,,
2026-08-28,多摩NT,巨峰,山梨,相対,5.0,888.0,888.0,7560.0,,,1512,,
2026-08-28,多摩NT,巨峰,長野,相対,0.35,888.0,888.0,756.0,,,2160,,
2026-08-28,大田,シャインマスカット,各地,相対,5.0,111740.0,114585.0,12960.0,8640.0,4320.0,2592,1728,864
2026-08-28,大田,シャインマスカット,各地,第三者販売,5.0,701.0,114585.0,8640.0,,,1728,,
2026-08-28,大田,シャインマスカット,山梨,せり・入札,5.0,1972.0,114585.0,7560.0,5940.0,5400.0,1512,1188,1080
2026-08-28,大田,シャインマスカット,山梨,相対,5.0,111740.0,114585.0,16200.0,8640.0,4320.0,3240,1728,864
2026-08-28,大田,シャインマスカット,長野,相対,5.0,111740.0,114585.0,12960.0,10800.0,10260.0,2592,2160,2052
2026-08-28,大田,デラウェア,山形,相対,2.0,111740.0,114585.0,1836.0,1404.0,864.0,918,702,432
2026-08-28,大田,ピオーネ,各地,せり・入札,5.0,1972.0,114585.0,4320.0,,,864,,
2026-08-28,大田,ピオーネ,各地,相対,5.0,111740.0,114585.0,8640.0,6048.0,5400.0,1728,1210,1080
2026-08-28,大田,ピオーネ,山梨,相対,0.4,111740.0,114585.0,594.0,540.0,378.0,1485,1350,945
2026-08-28,大田,ピオーネ,岡山,相対,5.0,111740.0,114585.0,10800.0,6804.0,5400.0,2160,1361,1080
2026-08-28,大田,巨峰,各地,相対,0.35,111740.0,114585.0,486.0,,378.0,1389,,1080
2026-08-28,大田,巨峰,山梨,せり・入札,5.0,1972.0,114585.0,4860.0,4320.0,,972,864,
2026-08-28,大田,巨峰,山梨,相対,5.0,111740.0,114585.0,7020.0,6480.0,4320.0,1404,1296,864
2026-08-28,大田,巨峰,長野,相対,0.35,111740.0,114585.0,626.0,,454.0,1789,,1297
2026-08-28,板橋,シャインマスカット,山梨,相対,5.0,3695.0,4200.0,8640.0,6804.0,5940.0,1728,1361,1188
2026-08-28,板橋,シャインマスカット,山梨,第三者販売,5.0,505.0,4200.0,7560.0,7020.0,4860.0,1512,1404,972
2026-08-28,板橋,ピオーネ,岡山,相対,5.0,3695.0,4200.0,5940.0,4320.0,3780.0,1188,864,756
2026-08-28,板橋,巨峰,山梨,相対,5.0,3695.0,4200.0,5940.0,5400.0,4320.0,1188,1080,864
2026-08-28,板橋,巨峰,山梨,第三者販売,5.0,505.0,4200.0,6480.0,,,1296,,
2026-08-28,淀橋,シャインマスカット,山梨,相対,5.0,19575.0,19575.0,10800.0,,7560.0,2160,,1512
2026-08-28,淀橋,シャインマスカット,長野,相対,5.0,19575.0,19575.0,14040.0,,,2808,,
2026-08-28,淀橋,デラウェア,山形,相対,2.0,19575.0,19575.0,2160.0,1944.0,1728.0,1080,972,864
2026-08-28,淀橋,ピオーネ,山梨,相対,5.0,19575.0,19575.0,8100.0,,,1620,,
2026-08-28,淀橋,巨峰,山梨,相対,5.0,19575.0,19575.0,7020.0,,5940.0,1404,,1188
2026-08-28,淀橋,巨峰,長野,相対,0.35,19575.0,19575.0,648.0,,,1851,,
2026-08-28,葛西,シャインマスカット,各地,相対,5.0,4000.0,4000.0,,6480.0,,,1296,
2026-08-28,葛西,デラウェア,各地,相対,2.0,4000.0,4000.0,,378.0,,,189,
2026-08-28,葛西,巨峰,各地,相対,0.35,4000.0,4000.0,,540.0,,,1543,
2026-08-28,豊島,シャインマスカット,山梨,相対,5.0,1900.0,1900.0,9720.0,8640.0,7560.0,1944,1728,1512
2026-08-28,豊島,デラウェア,山形,相対,0.33,1900.0,1900.0,324.0,,270.0,982,,818
2026-08-28,豊島,ピオーネ,山梨,相対,5.0,1900.0,1900.0,7020.0,6480.0,5940.0,1404,1296,1188
2026-08-28,豊島,巨峰,各地,相対,0.35,1900.0,1900.0,572.0,,,1634,,
2026-08-28,豊島,巨峰,山梨,相対,5.0,1900.0,1900.0,6480.0,5940.0,5400.0,1296,1188,1080
2026-08-28,豊洲,シャインマスカット,各地,相対,5.0,19099.0,32841.0,10800.0,9180.0,7560.0,2160,1836,1512
2026-08-28,豊洲,シャインマスカット,各地,第三者販売,5.0,11850.0,32841.0,16200.0,7560.0,7020.0,3240,1512,1404
2026-08-28,豊洲,シャインマスカット,山梨,せり・入札,5.0,892.0,32841.0,6480.0,5940.0,5400.0,1296,1188,1080
2026-08-28,豊洲,シャインマスカット,山梨,商物分離,5.0,1000.0,32841.0,9720.0,,8640.0,1944,,1728
2026-08-28,豊洲,シャインマスカット,山梨,相対,5.0,19099.0,32841.0,8100.0,7560.0,6480.0,1620,1512,1296
2026-08-28,豊洲,シャインマスカット,山梨,第三者販売,5.0,11850.0,32841.0,9180.0,8640.0,7560.0,1836,1728,1512
2026-08-28,豊洲,シャインマスカット,長野,相対,5.0,19099.0,32841.0,14040.0,10260.0,9720.0,2808,2052,1944
2026-08-28,豊洲,シャインマスカット,長野,第三者販売,5.0,11850.0,32841.0,14040.0,,10260.0,2808,,2052
2026-08-28,豊洲,デラウェア,山形,相対,2.0,19099.0,32841.0,1728.0,540.0,432.0,864,270,216
2026-08-28,豊洲,デラウェア,山形,第三者販売,2.0,11850.0,32841.0,,1728.0,,,864,
2026-08-28,豊洲,ピオーネ,各地,相対,5.0,19099.0,32841.0,3780.0,,3240.0,756,,648
2026-08-28,豊洲,ピオーネ,山梨,相対,0.4,19099.0,32841.0,648.0,594.0,540.0,1620,1485,1350
2026-08-28,豊洲,ピオーネ,山梨,第三者販売,0.4,11850.0,32841.0,594.0,540.0,486.0,1485,1350,1215
2026-08-28,豊洲,巨峰,山梨,せり・入札,5.0,892.0,32841.0,4320.0,,3240.0,864,,648
2026-08-28,豊洲,巨峰,山梨,相対,5.0,19099.0,32841.0,7020.0,6480.0,5940.0,1404,1296,1188
2026-08-28,豊洲,巨峰,山梨,第三者販売,5.0,11850.0,32841.0,6480.0,6156.0,5940.0,1296,1231,1188
2026-08-28,豊洲,巨峰,長野,相対,0.35,19099.0,32841.0,562.0,,454.0,1606,,1297
2026-08-28,豊洲,巨峰,長野,第三者販売,0.35,11850.0,32841.0,562.0,,540.0,1606,,1543
2026-08-29,世田谷,シャインマスカット,山梨,相対,5.0,700.0,700.0,7560.0,,,1512,,
2026-08-29,世田谷,巨峰,山梨,相対,5.0,700.0,700.0,6480.0,,,1296,,
2026-08-29,北足立,シャインマスカット,各地,相対,5.0,10500.0,11100.0,7560.0,,,1512,,
2026-08-29,北足立,シャインマスカット,山梨,相対,5.0,10500.0,11100.0,,8640.0,,,1728,
2026-08-29,北足立,デラウェア,山形,商物分離,0.35,600.0,11100.0,378.0,346.0,334.0,1080,989,954
2026-08-29,北足立,デラウェア,山形,相対,2.0,10500.0,11100.0,1944.0,1728.0,1080.0,972,864,540
2026-08-29,北足立,ピオーネ,山梨,相対,5.0,10500.0,11100.0,,7020.0,,,1404,
2026-08-29,北足立,巨峰,山梨,相対,5.0,10500.0,11100.0,7020.0,,,1404,,
2026-08-29,多摩NT,シャインマスカット,山梨,相対,5.0,1862.0,1867.0,17280.0,14040.0,12960.0,3456,2808,2592
2026-08-29,多摩NT,シャインマスカット,長野,相対,5.0,1862.0,1867.0,16200.0,,,3240,,
2026-08-29,多摩NT,シャインマスカット,長野,第三者販売,5.0,5.0,1867.0,16200.0,,,3240,,
2026-08-29,多摩NT,デラウェア,山形,相対,2.0,1862.0,1867.0,1944.0,1620.0,1296.0,972,810,648
2026-08-29,多摩NT,デラウェア,山梨,相対,2.0,1862.0,1867.0,1944.0,,,972,,
2026-08-29,多摩NT,ピオーネ,山梨,相対,0.4,1862.0,1867.0,648.0,,,1620,,
2026-08-29,多摩NT,巨峰,山梨,相対,5.0,1862.0,1867.0,7560.0,,,1512,,
2026-08-29,多摩NT,巨峰,長野,相対,0.35,1862.0,1867.0,756.0,,,2160,,
2026-08-29,大田,シャインマスカット,各地,相対,5.0,128400.0,130949.0,16200.0,8640.0,4860.0,3240,1728,972
2026-08-29,大田,シャインマスカット,山梨,せり・入札,5.0,2196.0,130949.0,7560.0,7020.0,6480.0,1512,1404,1296
2026-08-29,大田,シャインマスカット,山梨,相対,5.0,128400.0,130949.0,16200.0,8640.0,4320.0,3240,1728,864
2026-08-29,大田,シャインマスカット,長野,相対,5.0,128400.0,130949.0,14040.0,10800.0,8640.0,2808,2160,1728
2026-08-29,大田,デラウェア,山形,相対,2.0,128400.0,130949.0,1836.0,1404.0,1080.0,918,702,540
2026-08-29,大田,ピオーネ,各地,せり・入札,5.0,2196.0,130949.0,4320.0,3672.0,3240.0,864,734,648
2026-08-29,大田,ピオーネ,各地,相対,5.0,128400.0,130949.0,10800.0,6480.0,4860.0,2160,1296,972
2026-08-29,大田,ピオーネ,山梨,せり・入札,0.4,2196.0,130949.0,324.0,,,810,,
2026-08-29,大田,ピオーネ,山梨,相対,0.4,128400.0,130949.0,594.0,540.0,486.0,1485,1350,1215
2026-08-29,大田,ピオーネ,岡山,相対,5.0,128400.0,130949.0,10800.0,6264.0,4860.0,2160,1253,972
2026-08-29,大田,巨峰,各地,せり・入札,0.35,2196.0,130949.0,486.0,,432.0,1389,,1234
2026-08-29,大田,巨峰,各地,相対,0.35,128400.0,130949.0,540.0,,378.0,1543,,1080
2026-08-29,大田,巨峰,山梨,せり・入札,5.0,2196.0,130949.0,5400.0,4320.0,4104.0,1080,864,821
2026-08-29,大田,巨峰,山梨,相対,5.0,128400.0,130949.0,7020.0,6480.0,4320.0,1404,1296,864
2026-08-29,大田,巨峰,長野,相対,0.35,128400.0,130949.0,648.0,,432.0,1851,,1234
2026-08-29,板橋,シャインマスカット,山梨,相対,5.0,4930.0,5300.0,8640.0,6480.0,3780.0,1728,1296,756
2026-08-29,板橋,シャインマスカット,山梨,第三者販売,5.0,370.0,5300.0,6696.0,6480.0,5940.0,1339,1296,1188
2026-08-29,板橋,ピオーネ,山梨,相対,5.0,4930.0,5300.0,5940.0,4320.0,3780.0,1188,864,756
2026-08-29,板橋,巨峰,山梨,相対,5.0,4930.0,5300.0,5940.0,5400.0,4320.0,1188,1080,864
2026-08-29,淀橋,シャインマスカット,山梨,相対,5.0,19431.0,19431.0,10800.0,,7560.0,2160,,1512
2026-08-29,淀橋,シャインマスカット,長野,相対,5.0,19431.0,19431.0,14040.0,,,2808,,
2026-08-29,淀橋,デラウェア,山形,相対,2.0,19431.0,19431.0,2160.0,1944.0,1728.0,1080,972,864
2026-08-29,淀橋,ピオーネ,山梨,相対,5.0,19431.0,19431.0,8100.0,,,1620,,
2026-08-29,淀橋,巨峰,山梨,相対,5.0,19431.0,19431.0,7020.0,,5940.0,1404,,1188
2026-08-29,淀橋,巨峰,長野,相対,0.35,19431.0,19431.0,648.0,,,1851,,
2026-08-29,葛西,シャインマスカット,各地,相対,5.0,4300.0,4300.0,,6480.0,,,1296,
2026-08-29,葛西,デラウェア,各地,相対,2.0,4300.0,4300.0,,378.0,,,189,
2026-08-29,葛西,巨峰,各地,相対,0.35,4300.0,4300.0,,540.0,,,1543,
2026-08-29,豊島,シャインマスカット,山梨,相対,5.0,1600.0,1600.0,9720.0,8640.0,7560.0,1944,1728,1512
2026-08-29,豊洲,シャインマスカット,各地,相対,5.0,25789.0,34044.0,8640.0,7560.0,5400.0,1728,1512,1080
2026-08-29,豊洲,シャインマスカット,山梨,商物分離,5.0,650.0,34044.0,9720.0,,8640.0,1944,,1728
2026-08-29,豊洲,シャインマスカット,山梨,相対,5.0,25789.0,34044.0,8100.0,7560.0,6480.0,1620,1512,1296
2026-08-29,豊洲,シャインマスカット,山梨,第三者販売,5.0,7605.0,34044.0,8640.0,7560.0,6480.0,1728,1512,1296
2026-08-29,豊洲,シャインマスカット,長野,相対,5.0,25789.0,34044.0,10800.0,10260.0,9180.0,2160,2052,1836
2026-08-29,豊洲,シャインマスカット,長野,第三者販売,5.0,7605.0,34044.0,,9720.0,,,1944,
2026-08-29,豊洲,デラウェア,山形,相対,2.0,25789.0,34044.0,1728.0,,324.0,864,,162
2026-08-29,豊洲,デラウェア,山形,第三者販売,2.0,7605.0,34044.0,1944.0,,1728.0,972,,864
2026-08-29,豊洲,ピオーネ,各地,相対,5.0,25789.0,34044.0,,3240.0,,,648,
2026-08-29,豊洲,ピオーネ,山梨,相対,0.4,25789.0,34044.0,648.0,594.0,540.0,1620,1485,1350
2026-08-29,豊洲,ピオーネ,山梨,第三者販売,0.4,7605.0,34044.0,,540.0,,,1350,
2026-08-29,豊洲,巨峰,山梨,相対,5.0,25789.0,34044.0,8100.0,6480.0,5940.0,1620,1296,1188
2026-08-29,豊洲,巨峰,山梨,第三者販売,5.0,7605.0,34044.0,7020.0,6480.0,6156.0,1404,1296,1231
2026-08-29,豊洲,巨峰,長野,相対,0.35,25789.0,34044.0,562.0,518.0,486.0,1606,1480,1389
2026-08-31,世田谷,シャインマスカット,山梨,相対,5.0,850.0,850.0,6480.0,,4320.0,1296,,864
2026-08-31,世田谷,巨峰,山梨,相対,5.0,850.0,850.0,4860.0,,3780.0,972,,756
2026-08-31,北足立,シャインマスカット,山梨,相対,5.0,10900.0,10900.0,,8640.0,,,1728,
2026-08-31,北足立,デラウェア,山形,相対,2.0,10900.0,10900.0,1944.0,1728.0,1080.0,972,864,540
2026-08-31,北足立,ピオーネ,山梨,相対,5.0,10900.0,10900.0,,7020.0,,,1404,
2026-08-31,北足立,巨峰,山梨,相対,5.0,10900.0,10900.0,7020.0,,,1404,,
2026-08-31,多摩NT,シャインマスカット,山梨,相対,5.0,1581.0,1581.0,17280.0,14040.0,12960.0,3456,2808,2592
2026-08-31,多摩NT,シャインマスカット,長野,相対,5.0,1581.0,1581.0,16200.0,,,3240,,
2026-08-31,多摩NT,デラウェア,山形,相対,2.0,1581.0,1581.0,1944.0,1620.0,1296.0,972,810,648
2026-08-31,多摩NT,デラウェア,山梨,相対,2.0,1581.0,1581.0,1944.0,,,972,,
2026-08-31,多摩NT,巨峰,山梨,相対,5.0,1581.0,1581.0,7560.0,,,1512,,
2026-08-31,多摩NT,巨峰,長野,相対,0.35,1581.0,1581.0,756.0,,,2160,,
2026-08-31,大田,シャインマスカット,各地,相対,5.0,127846.0,131986.0,16200.0,8640.0,4320.0,3240,1728,864
2026-08-31,大田,シャインマスカット,山梨,せり・入札,5.0,2419.0,131986.0,7560.0,6480.0,4860.0,1512,1296,972
2026-08-31,大田,シャインマスカット,山梨,商物分離,5.0,1605.0,131986.0,11880.0,9720.0,8640.0,2376,1944,1728
2026-08-31,大田,シャインマスカット,山梨,相対,5.0,127846.0,131986.0,12960.0,7560.0,4320.0,2592,1512,864
2026-08-31,大田,シャインマスカット,長野,相対,5.0,127846.0,131986.0,12960.0,10800.0,9720.0,2592,2160,1944
2026-08-31,大田,デラウェア,山形,相対,2.0,127846.0,131986.0,1836.0,1512.0,1080.0,918,756,540
2026-08-31,大田,ピオーネ,各地,せり・入札,5.0,2419.0,131986.0,5400.0,,4320.0,1080,,864
2026-08-31,大田,ピオーネ,各地,相対,5.0,127846.0,131986.0,9720.0,5832.0,4860.0,1944,1166,972
2026-08-31,大田,ピオーネ,山梨,相対,0.4,127846.0,131986.0,594.0,540.0,486.0,1485,1350,1215
2026-08-31,大田,ピオーネ,岡山,相対,5.0,127846.0,131986.0,10800.0,6804.0,4860.0,2160,1361,972
2026-08-31,大田,巨峰,各地,相対,0.35,127846.0,131986.0,540.0,,378.0,1543,,1080
2026-08-31,大田,巨峰,山梨,せり・入札,5.0,2419.0,131986.0,5940.0,4320.0,3780.0,1188,864,756
2026-08-31,大田,巨峰,山梨,相対,5.0,127846.0,131986.0,7020.0,6480.0,3780.0,1404,1296,756
2026-08-31,大田,巨峰,長野,相対,0.35,127846.0,131986.0,594.0,,432.0,1697,,1234
2026-08-31,板橋,シャインマスカット,山梨,相対,5.0,3465.0,4200.0,8640.0,7020.0,5940.0,1728,1404,1188
2026-08-31,板橋,シャインマスカット,山梨,第三者販売,5.0,735.0,4200.0,6696.0,6480.0,5940.0,1339,1296,1188
2026-08-31,板橋,ピオーネ,山梨,相対,5.0,3465.0,4200.0,5400.0,4860.0,3780.0,1080,972,756
2026-08-31,板橋,ピオーネ,山梨,第三者販売,5.0,735.0,4200.0,5400.0,,,1080,,
2026-08-31,板橋,巨峰,山梨,相対,5.0,3465.0,4200.0,6804.0,,6480.0,1361,,1296
2026-08-31,板橋,巨峰,山梨,第三者販売,5.0,735.0,4200.0,6480.0,,,1296,,
2026-08-31,淀橋,シャインマスカット,山梨,相対,5.0,20873.0,20873.0,10800.0,,7560.0,2160,,1512
2026-08-31,淀橋,シャインマスカット,長野,相対,5.0,20873.0,20873.0,14040.0,,,2808,,
2026-08-31,淀橋,デラウェア,山形,相対,2.0,20873.0,20873.0,2160.0,1944.0,1728.0,1080,972,864
2026-08-31,淀橋,ピオーネ,山梨,相対,5.0,20873.0,20873.0,8100.0,,,1620,,
2026-08-31,淀橋,巨峰,山梨,相対,5.0,20873.0,20873.0,7020.0,,5940.0,1404,,1188
2026-08-31,淀橋,巨峰,長野,相対,0.35,20873.0,20873.0,648.0,,,1851,,
2026-08-31,葛西,シャインマスカット,各地,相対,5.0,4700.0,4700.0,,6480.0,,,1296,
2026-08-31,葛西,デラウェア,各地,相対,2.0,4700.0,4700.0,,378.0,,,189,
2026-08-31,葛西,巨峰,各地,相対,0.35,4700.0,4700.0,,540.0,,,1543,
2026-08-31,豊島,シャインマスカット,山梨,相対,5.0,2200.0,2200.0,8640.0,,,1728,,
2026-08-31,豊島,シャインマスカット,長野,相対,5.0,2200.0,2200.0,9720.0,,7560.0,1944,,1512
2026-08-31,豊島,デラウェア,山形,相対,0.33,2200.0,2200.0,302.0,270.0,216.0,915,818,655
2026-08-31,豊島,ピオーネ,山梨,相対,5.0,2200.0,2200.0,7020.0,5724.0,5184.0,1404,1145,1037
2026-08-31,豊島,巨峰,各地,相対,0.35,2200.0,2200.0,572.0,,,1634,,
2026-08-31,豊島,巨峰,山梨,相対,5.0,2200.0,2200.0,6804.0,6480.0,5400.0,1361,1296,1080
2026-08-31,豊洲,シャインマスカット,各地,相対,5.0,22882.0,35612.0,10800.0,7560.0,7020.0,2160,1512,1404
2026-08-31,豊洲,シャインマスカット,各地,第三者販売,5.0,12380.0,35612.0,9180.0,,7560.0,1836,,1512
2026-08-31,豊洲,シャインマスカット,山梨,商物分離,5.0,355.0,35612.0,8748.0,,7776.0,1750,,1555
2026-08-31,豊洲,シャインマスカット,山梨,相対,5.0,22882.0,35612.0,8640.0,7560.0,6480.0,1728,1512,1296
2026-08-31,豊洲,シャインマスカット,山梨,第三者販売,5.0,12380.0,35612.0,8640.0,7560.0,6480.0,1728,1512,1296
2026-08-31,豊洲,シャインマスカット,長野,相対,5.0,22882.0,35612.0,10800.0,9720.0,8640.0,2160,1944,1728
2026-08-31,豊洲,シャインマスカット,長野,第三者販売,5.0,12380.0,35612.0,9720.0,,9504.0,1944,,1901
2026-08-31,豊洲,デラウェア,山形,相対,2.0,22882.0,35612.0,648.0,,324.0,324,,162
2026-08-31,豊洲,デラウェア,山形,第三者販売,2.0,12380.0,35612.0,,1728.0,,,864,
2026-08-31,豊洲,ピオーネ,各地,相対,5.0,22882.0,35612.0,6480.0,,5400.0,1296,,1080
2026-08-31,豊洲,ピオーネ,山梨,相対,0.4,22882.0,35612.0,648.0,594.0,540.0,1620,1485,1350
2026-08-31,豊洲,ピオーネ,山梨,第三者販売,0.4,12380.0,35612.0,648.0,,594.0,1620,,1485
2026-08-31,豊洲,巨峰,山梨,相対,5.0,22882.0,35612.0,7020.0,6480.0,5616.0,1404,1296,1123
2026-08-31,豊洲,巨峰,山梨,第三者販売,5.0,12380.0,35612.0,6480.0,,6156.0,1296,,1231
2026-08-31,豊洲,巨峰,長野,相対,0.35,22882.0,35612.0,540.0,486.0,324.0,1543,1389,926
2026-08-31,豊洲,巨峰,長野,第三者販売,0.35,12380.0,35612.0,,540.0,,,1543,
2026-09-01,世田谷,シャインマスカット,山梨,相対,5.0,680.0,680.0,6480.0,,4320.0,1296,,864
2026-09-01,世田谷,ピオーネ,山梨,相対,5.0,680.0,680.0,5400.0,,3780.0,1080,,756
2026-09-01,世田谷,巨峰,山梨,相対,5.0,680.0,680.0,5400.0,,3780.0,1080,,756
2026-09-01,北足立,シャインマスカット,各地,相対,5.0,11900.0,11900.0,7560.0,,,1512,,
2026-09-01,北足立,シャインマスカット,山梨,相対,5.0,11900.0,11900.0,,8640.0,,,1728,
2026-09-01,北足立,ピオーネ,山梨,相対,5.0,11900.0,11900.0,,7020.0,,,1404,
2026-09-01,北足立,巨峰,山梨,相対,5.0,11900.0,11900.0,7020.0,,,1404,,
2026-09-01,多摩NT,シャインマスカット,各地,相対,5.0,385.0,385.0,6480.0,,,1296,,
2026-09-01,多摩NT,シャインマスカット,山梨,相対,5.0,385.0,385.0,8640.0,7776.0,5940.0,1728,1555,1188
2026-09-01,多摩NT,シャインマスカット,長野,相対,5.0,385.0,385.0,9720.0,9180.0,8100.0,1944,1836,1620
2026-09-01,多摩NT,巨峰,山梨,相対,5.0,385.0,385.0,6480.0,5735.0,5400.0,1296,1147,1080
2026-09-01,多摩NT,巨峰,長野,相対,0.35,385.0,385.0,562.0,486.0,,1606,1389,
2026-09-01,大田,シャインマスカット,各地,相対,5.0,116254.0,119323.0,14040.0,7776.0,4320.0,2808,1555,864
2026-09-01,大田,シャインマスカット,各地,第三者販売,5.0,447.0,119323.0,7020.0,,,1404,,
2026-09-01,大田,シャインマスカット,山梨,せり・入札,5.0,2028.0,119323.0,9720.0,7020.0,5400.0,1944,1404,1080
2026-09-01,大田,シャインマスカット,山梨,商物分離,5.0,594.0,119323.0,9180.0,8856.0,8640.0,1836,1771,1728
2026-09-01,大田,シャインマスカット,山梨,相対,5.0,116254.0,119323.0,12960.0,7668.0,3780.0,2592,1534,756
2026-09-01,大田,シャインマスカット,長野,相対,5.0,116254.0,119323.0,11340.0,10908.0,10800.0,2268,2182,2160
2026-09-01,大田,ピオーネ,各地,相対,5.0,116254.0,119323.0,8640.0,6480.0,4860.0,1728,1296,972
2026-09-01,大田,ピオーネ,山梨,せり・入札,5.0,2028.0,119323.0,7020.0,4320.0,,1404,864,
2026-09-01,大田,ピオーネ,山梨,相対,5.0,116254.0,119323.0,7560.0,6480.0,5400.0,1512,1296,1080
2026-09-01,大田,ピオーネ,岡山,相対,5.0,116254.0,119323.0,10800.0,6372.0,4860.0,2160,1274,972
2026-09-01,大田,巨峰,各地,相対,0.35,116254.0,119323.0,486.0,410.0,248.0,1389,1171,709
2026-09-01,大田,巨峰,山梨,せり・入札,5.0,2028.0,119323.0,4320.0,,3780.0,864,,756
2026-09-01,大田,巨峰,山梨,相対,5.0,116254.0,119323.0,7020.0,,2700.0,1404,,540
2026-09-01,大田,巨峰,長野,相対,0.35,116254.0,119323.0,594.0,529.0,432.0,1697,1511,1234
2026-09-01,大田,甲斐路,山梨,相対,5.0,116254.0,119323.0,7020.0,6048.0,5400.0,1404,1210,1080
2026-09-01,板橋,シャインマスカット,山梨,相対,5.0,4265.0,5000.0,8640.0,6480.0,5400.0,1728,1296,1080
2026-09-01,板橋,シャインマスカット,山梨,第三者販売,5.0,735.0,5000.0,6696.0,6480.0,5940.0,1339,1296,1188
2026-09-01,板橋,ピオーネ,山梨,第三者販売,5.0,735.0,5000.0,5400.0,,,1080,,
2026-09-01,板橋,巨峰,山梨,相対,5.0,4265.0,5000.0,6480.0,,,1296,,
2026-09-01,板橋,巨峰,山梨,第三者販売,5.0,735.0,5000.0,6480.0,,,1296,,
2026-09-01,淀橋,シャインマスカット,山梨,相対,5.0,18259.0,18259.0,10800.0,,7560.0,2160,,1512
2026-09-01,淀橋,シャインマスカット,長野,相対,5.0,18259.0,18259.0,14040.0,,,2808,,
2026-09-01,淀橋,ピオーネ,山梨,相対,5.0,18259.0,18259.0,8100.0,,,1620,,
2026-09-01,淀橋,巨峰,山梨,相対,5.0,18259.0,18259.0,7020.0,,5940.0,1404,,1188
2026-09-01,淀橋,巨峰,長野,相対,0.35,18259.0,18259.0,648.0,,,1851,,
2026-09-01,葛西,シャインマスカット,各地,相対,5.0,5600.0,5700.0,,6480.0,,,1296,
2026-09-01,葛西,巨峰,各地,相対,0.35,5600.0,5700.0,,486.0,,,1389,
2026-09-01,豊島,シャインマスカット,山梨,相対,5.0,2300.0,2300.0,9720.0,,8640.0,1944,,1728
2026-09-01,豊島,シャインマスカット,長野,相対,5.0,2300.0,2300.0,9720.0,,,1944,,
2026-09-01,豊島,ピオーネ,山梨,相対,5.0,2300.0,2300.0,6480.0,,,1296,,
2026-09-01,豊島,巨峰,山梨,相対,5.0,2300.0,2300.0,6480.0,,,1296,,
2026-09-01,豊洲,シャインマスカット,各地,相対,5.0,24706.0,33136.0,8640.0,8100.0,7020.0,1728,1620,1404
2026-09-01,豊洲,シャインマスカット,各地,第三者販売,5.0,6807.0,33136.0,10260.0,,8100.0,2052,,1620
2026-09-01,豊洲,シャインマスカット,山梨,せり・入札,5.0,973.0,33136.0,5940.0,5400.0,4860.0,1188,1080,972
2026-09-01,豊洲,シャインマスカット,山梨,商物分離,5.0,650.0,33136.0,9720.0,,8640.0,1944,,1728
2026-09-01,豊洲,シャインマスカット,山梨,相対,5.0,24706.0,33136.0,8640.0,7560.0,6480.0,1728,1512,1296
2026-09-01,豊洲,シャインマスカット,山梨,第三者販売,5.0,6807.0,33136.0,8640.0,7560.0,6480.0,1728,1512,1296
2026-09-01,豊洲,シャインマスカット,長野,相対,5.0,24706.0,33136.0,14040.0,9720.0,8640.0,2808,1944,1728
2026-09-01,豊洲,シャインマスカット,長野,第三者販売,5.0,6807.0,33136.0,,9720.0,,,1944,
2026-09-01,豊洲,ピオーネ,山梨,相対,5.0,24706.0,33136.0,7020.0,6480.0,5940.0,1404,1296,1188
2026-09-01,豊洲,ピオーネ,山梨,第三者販売,5.0,6807.0,33136.0,,6480.0,,,1296,
2026-09-01,豊洲,巨峰,各地,相対,0.35,24706.0,33136.0,,270.0,,,771,
2026-09-01,豊洲,巨峰,山梨,せり・入札,5.0,973.0,33136.0,5940.0,5400.0,4860.0,1188,1080,972
2026-09-01,豊洲,巨峰,山梨,相対,5.0,24706.0,33136.0,7020.0,6480.0,6156.0,1404,1296,1231
2026-09-01,豊洲,巨峰,山梨,第三者販売,5.0,6807.0,33136.0,6480.0,,5940.0,1296,,1188
2026-09-01,豊洲,巨峰,長野,相対,0.35,24706.0,33136.0,594.0,551.0,540.0,1697,1574,1543
2026-09-01,豊洲,巨峰,長野,第三者販売,0.35,6807.0,33136.0,,551.0,,,1574,
