date,market,qty_total_kg,method,qty_kg,variety,origin,unit_kg,high,mid,low
20260622,北足立,2500,相対,2500,デラウェア,大阪,0.3,486,－,－
20260622,多摩NT,120,相対,120,デラウェア,大阪,0.3,648,594,540
20260622,大田,13999,相対,13958,デラウェア,各地,2,5400,3456,3024
20260622,大田,13999,相対,13958,デラウェア,大阪,0.3,454,400,292
20260622,大田,13999,相対,13958,デラウェア,島根,2,3240,3024,2808
20260622,板橋,900,相対,882,デラウェア,各地,2,－,5400,－
20260622,板橋,900,相対,882,デラウェア,大阪,0.3,486,389,324
20260622,板橋,900,第三者販売,18,デラウェア,大阪,0.3,464,－,－
20260622,淀橋,1570,相対,1570,デラウェア,大阪,0.3,518,－,－
20260622,葛西,300,相対,300,デラウェア,大阪,0.3,－,378,－
20260622,豊島,500,相対,500,デラウェア,大阪,0.3,540,464,324
20260622,豊洲,772,相対,712,デラウェア,大阪,0.3,454,432,324
20260622,豊洲,772,第三者販売,60,デラウェア,大阪,0.3,432,－,324
20260623,世田谷,10,相対,10,デラウェア,大阪,0.3,540,－,324
20260623,北足立,3100,相対,3100,デラウェア,大阪,0.3,486,－,－
20260623,多摩NT,12,相対,12,デラウェア,大阪,0.3,648,594,540
20260623,大田,12627,相対,12627,デラウェア,各地,2,6480,2916,2592
20260623,大田,12627,相対,12627,デラウェア,大阪,0.3,540,400,292
20260623,大田,12627,相対,12627,デラウェア,島根,2,3240,3024,2808
20260623,板橋,900,相対,894,デラウェア,各地,2,－,5400,－
20260623,板橋,900,相対,894,デラウェア,大阪,0.3,486,400,324
20260623,板橋,900,第三者販売,6,デラウェア,大阪,0.3,464,－,－
20260623,淀橋,1556,相対,1556,デラウェア,大阪,0.3,518,－,－
20260623,葛西,300,相対,300,デラウェア,大阪,0.3,－,378,－
20260623,豊島,500,相対,500,デラウェア,大阪,0.3,464,410,324
20260623,豊洲,656,相対,538,デラウェア,各地,2,－,7020,－
20260623,豊洲,656,第三者販売,118,デラウェア,各地,2,－,7020,－
20260623,豊洲,656,相対,538,デラウェア,大阪,0.3,454,432,378
20260623,豊洲,656,第三者販売,118,デラウェア,大阪,0.3,454,432,324
20260625,北足立,4100,相対,4100,デラウェア,大阪,0.3,486,－,－
20260625,多摩NT,240,相対,240,デラウェア,大阪,0.3,648,594,540
20260625,大田,18238,相対,18235,デラウェア,各地,2,6480,2592,1944
20260625,大田,18238,相対,18235,デラウェア,大阪,0.3,454,389,270
20260625,大田,18238,相対,18235,デラウェア,島根,2,3240,3024,2808
20260625,板橋,1000,相対,988,デラウェア,各地,2,－,5400,－
20260625,板橋,1000,相対,988,デラウェア,大阪,0.3,486,410,324
20260625,板橋,1000,第三者販売,12,デラウェア,大阪,0.3,464,－,－
20260625,淀橋,1988,相対,1988,デラウェア,大阪,0.3,518,－,－
20260625,葛西,1000,相対,1000,デラウェア,大阪,0.3,－,378,－
20260625,豊島,500,相対,500,デラウェア,大阪,0.3,464,410,324
20260625,豊洲,1194,相対,1068,デラウェア,各地,2,－,7020,－
20260625,豊洲,1194,相対,1068,デラウェア,大阪,0.3,454,432,324
20260625,豊洲,1194,第三者販売,126,デラウェア,大阪,0.3,454,432,324
20260626,北足立,3400,相対,3400,デラウェア,大阪,0.3,486,－,－
20260626,多摩NT,180,相対,180,デラウェア,大阪,0.3,648,594,540
20260626,大田,12731,相対,12587,デラウェア,各地,2,5400,2592,1944
20260626,大田,12731,せり・入札,114,デラウェア,大阪,0.3,432,－,－
20260626,大田,12731,相対,12587,デラウェア,大阪,0.3,454,389,270
20260626,大田,12731,相対,12587,デラウェア,島根,2,3240,3024,2808
20260626,板橋,800,相対,752,デラウェア,各地,2,－,5400,－
20260626,板橋,800,相対,752,デラウェア,大阪,0.3,486,378,302
20260626,板橋,800,第三者販売,48,デラウェア,大阪,0.3,464,432,389
20260626,淀橋,1778,相対,1778,デラウェア,大阪,0.3,518,－,－
20260626,葛西,400,相対,400,デラウェア,大阪,0.3,－,378,－
20260626,豊島,500,相対,500,デラウェア,大阪,0.3,464,410,356
20260626,豊洲,630,相対,534,デラウェア,大阪,0.3,454,432,324
20260626,豊洲,630,第三者販売,96,デラウェア,大阪,0.3,454,432,378
20260627,北足立,3100,相対,3100,デラウェア,大阪,0.3,486,－,－
20260627,多摩NT,182,相対,182,デラウェア,大阪,0.3,648,594,540
20260627,大田,17025,相対,17025,デラウェア,各地,2,5940,2700,1944
20260627,大田,17025,相対,17025,デラウェア,大阪,0.3,486,389,270
20260627,大田,17025,相対,17025,デラウェア,島根,2,3132,3024,2700
20260627,板橋,700,相対,640,デラウェア,大阪,0.3,464,389,302
20260627,板橋,700,第三者販売,60,デラウェア,大阪,0.3,454,432,－
20260627,淀橋,2072,相対,2072,デラウェア,大阪,0.3,518,－,－
20260627,葛西,300,相対,300,デラウェア,大阪,0.3,－,378,－
20260627,豊島,300,相対,300,デラウェア,大阪,0.3,464,410,356
20260627,豊洲,618,相対,536,デラウェア,各地,2,－,7020,－
20260627,豊洲,618,第三者販売,82,デラウェア,各地,2,－,7020,－
20260627,豊洲,618,相対,536,デラウェア,大阪,0.3,454,432,324
20260627,豊洲,618,第三者販売,82,デラウェア,大阪,0.3,454,432,324
20260629,北足立,3800,相対,3800,デラウェア,大阪,0.3,486,－,－
20260629,多摩NT,172,相対,172,デラウェア,大阪,0.3,648,594,540
20260629,大田,13844,相対,13832,デラウェア,各地,2,4320,2592,1944
20260629,大田,13844,相対,13832,デラウェア,大阪,0.3,432,367,238
20260629,大田,13844,相対,13832,デラウェア,島根,2,3024,2808,2484
20260629,板橋,800,相対,800,デラウェア,各地,2,－,5400,－
20260629,板橋,800,相対,800,デラウェア,大阪,0.3,464,378,302
20260629,淀橋,2822,相対,2822,デラウェア,大阪,0.3,486,－,－
20260629,葛西,400,相対,400,デラウェア,各地,2,－,378,－
20260629,豊島,400,相対,400,デラウェア,大阪,0.3,486,410,324
20260629,豊洲,573,第三者販売,153,デラウェア,各地,2,－,5400,－
20260629,豊洲,573,相対,420,デラウェア,大阪,0.3,432,－,410
20260629,豊洲,573,第三者販売,153,デラウェア,大阪,0.3,432,410,356
20260630,北足立,3800,相対,3800,デラウェア,大阪,0.3,486,－,－
20260630,多摩NT,284,相対,284,デラウェア,大阪,0.3,648,594,540
20260630,大田,13538,相対,13504,デラウェア,各地,2,5940,2592,1620
20260630,大田,13538,相対,13504,デラウェア,大阪,0.3,432,356,238
20260630,大田,13538,相対,13504,デラウェア,島根,2,3024,2808,2700
20260630,板橋,700,相対,672,デラウェア,各地,2,－,3024,－
20260630,板橋,700,相対,672,デラウェア,大阪,0.3,464,367,302
20260630,板橋,700,第三者販売,28,デラウェア,大阪,0.3,432,－,378
20260630,淀橋,2056,相対,2056,デラウェア,大阪,0.3,486,－,－
20260630,葛西,500,相対,500,デラウェア,大阪,0.3,－,378,－
20260630,豊島,500,相対,500,デラウェア,大阪,0.3,486,410,324
20260630,豊洲,540,相対,406,デラウェア,各地,2,－,7020,－
20260630,豊洲,540,第三者販売,134,デラウェア,各地,2,7020,－,5400
20260630,豊洲,540,相対,406,デラウェア,大阪,0.3,432,－,410
20260630,豊洲,540,第三者販売,134,デラウェア,大阪,0.3,432,410,356
20260702,北足立,5500,相対,5500,シャインマスカ,山梨,5,－,21600,－
20260702,北足立,5500,相対,5500,デラウェア,大阪,0.3,378,－,－
20260702,北足立,5500,相対,5500,デラウェア,山形,2,2700,－,－
20260702,多摩NT,216,相対,216,シャインマスカ,各地,5,23760,－,－
20260702,多摩NT,216,相対,216,シャインマスカ,山梨,5,19440,－,－
20260702,多摩NT,216,相対,216,デラウェア,大阪,0.3,410,388,302
20260702,多摩NT,216,相対,216,デラウェア,山形,2,3024,2700,－
20260702,多摩NT,216,相対,216,巨峰,山梨,0.35,972,－,－
20260702,多摩NT,216,相対,216,巨峰,福岡,0.35,702,－,－
20260702,大田,18039,相対,17976,アレキ,岡山,0.75,5400,4320,3780
20260702,大田,18039,相対,17976,シャインマスカ,各地,5,27000,12096,10800
20260702,大田,18039,相対,17976,シャインマスカ,山梨,5,27000,18144,12960
20260702,大田,18039,相対,17976,シャインマスカ,岡山,5,27000,18360,14040
20260702,大田,18039,相対,17976,デラウェア,各地,2,4320,2916,2700
20260702,大田,18039,相対,17976,デラウェア,大阪,0.3,432,356,270
20260702,大田,18039,相対,17976,デラウェア,山形,2,3024,2484,1944
20260702,大田,18039,相対,17976,巨峰,各地,0.35,756,－,－
20260702,板橋,1200,相対,1194,シャインマスカ,岡山,5,－,15120,－
20260702,板橋,1200,相対,1194,デラウェア,大阪,0.3,464,367,302
20260702,板橋,1200,第三者販売,6,デラウェア,大阪,0.3,432,－,－
20260702,淀橋,2335,相対,2335,シャインマスカ,各地,5,30240,－,27000
20260702,淀橋,2335,相対,2335,シャインマスカ,山梨,3,10800,－,－
20260702,淀橋,2335,相対,2335,デラウェア,大阪,0.3,486,－,－
20260702,淀橋,2335,相対,2335,デラウェア,山形,0.35,518,486,432
20260702,葛西,600,相対,600,デラウェア,各地,2,－,378,－
20260702,豊島,400,相対,400,デラウェア,大阪,0.3,432,378,324
20260702,豊洲,2777,相対,2306,アレキ,岡山,0.75,－,2160,－
20260702,豊洲,2777,相対,2306,シャインマスカ,各地,5,28080,－,16200
20260702,豊洲,2777,相対,2306,シャインマスカ,山梨,5,－,21600,－
20260702,豊洲,2777,相対,2306,シャインマスカ,岡山,5,37800,－,12960
20260702,豊洲,2777,第三者販売,471,シャインマスカ,岡山,5,－,29160,－
20260702,豊洲,2777,相対,2306,デラウェア,各地,2,－,4644,－
20260702,豊洲,2777,相対,2306,デラウェア,大阪,0.3,432,－,410
20260702,豊洲,2777,第三者販売,471,デラウェア,大阪,0.3,－,410,－
20260702,豊洲,2777,相対,2306,デラウェア,山形,2,－,2700,－
20260702,豊洲,2777,相対,2306,巨峰,各地,0.35,－,810,－
20260702,豊洲,2777,第三者販売,471,巨峰,各地,0.35,－,810,－
20260703,北足立,4400,相対,4400,シャインマスカ,山梨,5,－,21600,－
20260703,北足立,4400,相対,4400,デラウェア,大阪,0.3,378,－,－
20260703,北足立,4400,相対,4400,巨峰,山梨,5,－,14040,－
20260703,多摩NT,243,相対,243,シャインマスカ,各地,5,23760,－,－
20260703,多摩NT,243,相対,243,シャインマスカ,山梨,5,19440,－,－
20260703,多摩NT,243,相対,243,デラウェア,大阪,0.3,410,388,302
20260703,多摩NT,243,相対,243,デラウェア,山形,2,3024,2700,－
20260703,多摩NT,243,相対,243,巨峰,山梨,0.35,972,－,－
20260703,多摩NT,243,相対,243,巨峰,福岡,0.35,702,－,－
20260703,大田,18987,相対,18920,アレキ,岡山,0.75,5400,4536,3780
20260703,大田,18987,相対,18920,シャインマスカ,各地,5,30240,30240,－
20260703,大田,18987,相対,18920,シャインマスカ,山梨,5,27000,18144,12960
20260703,大田,18987,相対,18920,シャインマスカ,岡山,5,21600,18576,14040
20260703,大田,18987,相対,18920,デラウェア,各地,2,4320,2916,2700
20260703,大田,18987,相対,18920,デラウェア,大阪,0.3,432,356,270
20260703,大田,18987,相対,18920,デラウェア,山形,2,3024,－,－
20260703,大田,18987,相対,18920,巨峰,各地,0.35,756,－,－
20260703,板橋,700,相対,646,シャインマスカ,山梨,5,10800,－,－
20260703,板橋,700,相対,646,デラウェア,大阪,0.3,464,356,302
20260703,板橋,700,第三者販売,54,デラウェア,大阪,0.3,432,－,378
20260703,淀橋,2881,相対,2881,シャインマスカ,各地,5,30240,－,27000
20260703,淀橋,2881,相対,2881,シャインマスカ,山梨,3,10800,－,－
20260703,淀橋,2881,相対,2881,デラウェア,山形,0.35,518,486,432
20260703,葛西,400,相対,400,デラウェア,各地,2,－,378,－
20260703,豊島,400,相対,400,シャインマスカ,山梨,3,12960,11880,10800
20260703,豊島,400,相対,400,デラウェア,大阪,0.3,432,378,324
20260703,豊洲,2051,相対,1613,アレキ,岡山,0.75,－,3564,－
20260703,豊洲,2051,相対,1613,シャインマスカ,各地,5,28080,－,27000
20260703,豊洲,2051,第三者販売,438,シャインマスカ,各地,5,－,16200,－
20260703,豊洲,2051,相対,1613,シャインマスカ,山梨,5,－,21600,－
20260703,豊洲,2051,相対,1613,シャインマスカ,岡山,5,35640,27000,22680
20260703,豊洲,2051,第三者販売,438,シャインマスカ,岡山,5,37800,27000,8640
20260703,豊洲,2051,第三者販売,438,デラウェア,各地,2,4644,－,4104
20260703,豊洲,2051,相対,1613,デラウェア,大阪,0.3,432,－,410
20260703,豊洲,2051,第三者販売,438,デラウェア,大阪,0.3,432,－,410
20260703,豊洲,2051,相対,1613,巨峰,各地,0.35,－,918,－
20260703,豊洲,2051,第三者販売,438,巨峰,各地,0.35,－,918,－
20260703,豊洲,2051,相対,1613,巨峰,山梨,0.4,－,1080,－
20260704,北足立,2400,相対,2400,シャインマスカ,山梨,5,－,21600,－
20260704,多摩NT,407,相対,407,デラウェア,大阪,0.3,410,388,302
20260704,多摩NT,407,相対,407,デラウェア,山形,2,3024,2700,－
20260704,多摩NT,407,相対,407,巨峰,山梨,0.35,972,－,－
20260704,多摩NT,407,相対,407,巨峰,福岡,0.35,702,－,－
20260704,大田,20613,相対,20608,アレキ,岡山,0.75,5400,4428,3780
20260704,大田,20613,相対,20608,シャインマスカ,各地,5,27000,23112,11880
20260704,大田,20613,相対,20608,シャインマスカ,山梨,5,27000,18792,12960
20260704,大田,20613,相対,20608,シャインマスカ,岡山,5,41040,22356,14040
20260704,大田,20613,相対,20608,デラウェア,各地,2,3780,2916,2700
20260704,大田,20613,相対,20608,デラウェア,大阪,0.3,432,356,270
20260704,大田,20613,相対,20608,デラウェア,山形,2,2700,2376,1620
20260704,大田,20613,相対,20608,巨峰,各地,0.35,756,－,－
20260704,大田,20613,相対,20608,巨峰,山梨,0.4,1080,－,－
20260704,板橋,1000,相対,800,シャインマスカ,岡山,5,－,15120,－
20260704,板橋,1000,相対,800,デラウェア,大阪,0.3,464,－,302
20260704,板橋,1000,第三者販売,200,デラウェア,大阪,0.3,432,－,367
20260704,淀橋,3139,相対,3139,シャインマスカ,各地,5,27000,－,24840
20260704,淀橋,3139,相対,3139,シャインマスカ,山梨,3,10800,－,－
20260704,淀橋,3139,相対,3139,デラウェア,山形,0.35,518,486,432
20260704,葛西,400,相対,400,デラウェア,各地,2,－,378,－
20260704,豊島,400,相対,400,シャインマスカ,山梨,3,12960,11880,10800
20260704,豊島,400,相対,400,デラウェア,大阪,0.3,432,378,324
20260704,豊洲,3433,第三者販売,474,アレキ,岡山,0.75,－,3024,－
20260704,豊洲,3433,相対,2959,シャインマスカ,各地,5,27000,25920,22680
20260704,豊洲,3433,第三者販売,474,シャインマスカ,各地,5,－,16200,－
20260704,豊洲,3433,相対,2959,シャインマスカ,山梨,5,－,21600,－
20260704,豊洲,3433,第三者販売,474,シャインマスカ,山梨,5,－,21600,－
20260704,豊洲,3433,相対,2959,シャインマスカ,岡山,5,29160,－,12960
20260704,豊洲,3433,第三者販売,474,シャインマスカ,岡山,5,－,25920,－
20260704,豊洲,3433,第三者販売,474,デラウェア,各地,2,4320,－,4104
20260704,豊洲,3433,相対,2959,デラウェア,大阪,0.3,432,410,356
20260704,豊洲,3433,第三者販売,474,デラウェア,大阪,0.3,432,－,410
20260704,豊洲,3433,相対,2959,デラウェア,山形,2,3024,2700,2484
20260704,豊洲,3433,相対,2959,巨峰,各地,0.35,－,918,－
20260704,豊洲,3433,第三者販売,474,巨峰,各地,0.35,－,918,－
20260706,北足立,2500,相対,2500,シャインマスカ,山梨,5,－,21600,－
20260706,北足立,2500,相対,2500,デラウェア,大阪,0.3,378,－,－
20260706,北足立,2500,相対,2500,デラウェア,山形,2,2700,2160,1620
20260706,北足立,2500,相対,2500,巨峰,山梨,5,－,14040,－
20260706,多摩NT,312,相対,312,シャインマスカ,各地,5,23760,－,－
20260706,多摩NT,312,相対,312,シャインマスカ,山梨,5,19440,－,－
20260706,多摩NT,312,相対,312,デラウェア,大阪,0.3,410,388,302
20260706,多摩NT,312,相対,312,デラウェア,山形,2,3024,2700,－
20260706,大田,21796,相対,21721,シャインマスカ,各地,5,24840,21060,10800
20260706,大田,21796,相対,21721,シャインマスカ,山梨,5,24840,16740,12960
20260706,大田,21796,せり・入札,75,シャインマスカ,岡山,5,43200,－,－
20260706,大田,21796,相対,21721,シャインマスカ,岡山,5,27000,18900,14040
20260706,大田,21796,相対,21721,デラウェア,各地,2,4320,3024,2700
20260706,大田,21796,相対,21721,デラウェア,大阪,0.3,432,335,238
20260706,大田,21796,相対,21721,デラウェア,山形,2,2700,2376,1620
20260706,大田,21796,相対,21721,巨峰,各地,0.35,864,821,756
20260706,板橋,1100,相対,1058,シャインマスカ,岡山,5,－,14040,－
20260706,板橋,1100,相対,1058,デラウェア,大阪,0.3,432,346,292
20260706,板橋,1100,第三者販売,42,デラウェア,大阪,0.3,410,－,－
20260706,淀橋,3416,相対,3416,シャインマスカ,各地,5,27000,23760,21600
20260706,淀橋,3416,相対,3416,シャインマスカ,山梨,3,14040,－,7560
20260706,淀橋,3416,相対,3416,デラウェア,山形,0.35,518,486,432
20260706,淀橋,3416,相対,3416,巨峰,山梨,0.35,1296,－,－
20260706,葛西,800,相対,800,デラウェア,各地,2,－,378,－
20260706,豊島,600,相対,600,シャインマスカ,山梨,3,12960,11880,10800
20260706,豊島,600,相対,600,デラウェア,大阪,0.3,432,378,324
20260706,豊洲,3981,相対,3211,アレキ,岡山,0.75,－,1944,－
20260706,豊洲,3981,第三者販売,770,アレキ,岡山,0.75,－,3024,－
20260706,豊洲,3981,相対,3211,シャインマスカ,各地,5,23760,－,19440
20260706,豊洲,3981,第三者販売,770,シャインマスカ,各地,5,－,15120,－
20260706,豊洲,3981,相対,3211,シャインマスカ,山梨,5,－,19440,－
20260706,豊洲,3981,第三者販売,770,シャインマスカ,山梨,5,－,19440,－
20260706,豊洲,3981,相対,3211,シャインマスカ,岡山,5,27000,－,12960
20260706,豊洲,3981,第三者販売,770,シャインマスカ,岡山,5,－,35640,－
20260706,豊洲,3981,第三者販売,770,デラウェア,各地,2,－,3780,－
20260706,豊洲,3981,相対,3211,デラウェア,大阪,0.3,432,－,410
20260706,豊洲,3981,相対,3211,デラウェア,山形,2,2700,－,2484
20260706,豊洲,3981,第三者販売,770,デラウェア,山形,2,2700,－,2484
20260706,豊洲,3981,第三者販売,770,巨峰,各地,0.35,－,918,－
20260706,豊洲,3981,相対,3211,巨峰,山梨,0.4,－,864,－
20260706,豊洲,3981,第三者販売,770,巨峰,山梨,0.4,－,1296,－
20260707,北足立,4700,相対,4700,シャインマスカ,山梨,5,－,21600,－
20260707,北足立,4700,相対,4700,デラウェア,大阪,0.3,378,－,－
20260707,北足立,4700,相対,4700,デラウェア,山形,2,2700,2160,1620
20260707,北足立,4700,相対,4700,巨峰,山梨,5,－,14040,－
20260707,多摩NT,934,相対,934,シャインマスカ,各地,5,23760,－,－
20260707,多摩NT,934,相対,934,シャインマスカ,山梨,5,19440,－,－
20260707,多摩NT,934,相対,934,デラウェア,大阪,0.3,410,388,302
20260707,多摩NT,934,相対,934,デラウェア,山形,2,3024,2700,－
20260707,大田,20011,相対,20005,アレキ,岡山,0.75,5400,4212,3240
20260707,大田,20011,相対,20005,シャインマスカ,各地,5,37800,23220,10800
20260707,大田,20011,相対,20005,シャインマスカ,山梨,5,24840,16308,12960
20260707,大田,20011,相対,20005,シャインマスカ,岡山,5,41040,22356,14040
20260707,大田,20011,相対,20005,デラウェア,各地,2,3780,3024,2700
20260707,大田,20011,相対,20005,デラウェア,大阪,0.3,410,335,238
20260707,大田,20011,相対,20005,デラウェア,山形,2,2700,2268,1620
20260707,大田,20011,相対,20005,巨峰,各地,0.35,864,821,756
20260707,板橋,1300,相対,1270,シャインマスカ,岡山,5,－,15120,－
20260707,板橋,1300,相対,1270,デラウェア,大阪,0.3,432,356,292
20260707,板橋,1300,第三者販売,30,デラウェア,大阪,0.3,400,－,356
20260707,淀橋,3364,相対,3364,シャインマスカ,各地,5,27000,23760,21600
20260707,淀橋,3364,相対,3364,シャインマスカ,山梨,3,14040,－,7560
20260707,淀橋,3364,相対,3364,デラウェア,山形,0.35,518,486,432
20260707,淀橋,3364,相対,3364,巨峰,山梨,0.35,1296,－,－
20260707,葛西,600,相対,600,デラウェア,各地,2,－,378,－
20260707,豊島,500,相対,500,シャインマスカ,山梨,3,12960,11880,9720
20260707,豊島,500,相対,500,デラウェア,大阪,0.3,432,324,248
20260707,豊洲,3063,相対,2201,シャインマスカ,各地,5,25920,－,23760
20260707,豊洲,3063,第三者販売,862,シャインマスカ,各地,5,－,15120,－
20260707,豊洲,3063,相対,2201,シャインマスカ,山梨,5,－,19440,－
20260707,豊洲,3063,相対,2201,シャインマスカ,岡山,5,28080,21600,12960
20260707,豊洲,3063,第三者販売,862,シャインマスカ,岡山,5,27000,23760,19440
20260707,豊洲,3063,相対,2201,デラウェア,各地,2,4320,－,3780
20260707,豊洲,3063,相対,2201,デラウェア,大阪,0.3,432,－,410
20260707,豊洲,3063,相対,2201,デラウェア,山形,2,－,2484,－
20260707,豊洲,3063,第三者販売,862,デラウェア,山形,2,－,2484,－
20260707,豊洲,3063,第三者販売,862,巨峰,各地,0.35,－,918,－
20260709,北足立,6300,相対,6300,シャインマスカ,山梨,5,－,19440,－
20260709,北足立,6300,相対,6300,デラウェア,大阪,0.3,378,－,－
20260709,北足立,6300,相対,6300,デラウェア,山形,2,2592,2160,1620
20260709,北足立,6300,相対,6300,巨峰,山梨,5,－,16200,－
20260709,多摩NT,748,相対,748,シャインマスカ,各地,5,23760,－,－
20260709,多摩NT,748,相対,748,シャインマスカ,山梨,5,19440,－,－
20260709,多摩NT,748,相対,748,デラウェア,大阪,0.3,410,388,302
20260709,多摩NT,748,相対,748,デラウェア,山形,2,3024,2700,－
20260709,多摩NT,748,相対,748,巨峰,山梨,0.35,972,－,－
20260709,多摩NT,748,相対,748,巨峰,福岡,0.35,702,－,－
20260709,大田,26777,相対,26746,アレキ,岡山,0.75,4860,3888,3240
20260709,大田,26777,せり・入札,25,シャインマスカ,各地,5,27000,－,－
20260709,大田,26777,相対,26746,シャインマスカ,各地,5,27000,22032,10800
20260709,大田,26777,相対,26746,シャインマスカ,山梨,5,21600,17064,10800
20260709,大田,26777,せり・入札,25,シャインマスカ,岡山,5,37800,20304,19440
20260709,大田,26777,相対,26746,シャインマスカ,岡山,5,37800,22248,14040
20260709,大田,26777,相対,26746,デラウェア,各地,2,4320,3240,2592
20260709,大田,26777,相対,26746,デラウェア,大阪,0.3,410,324,238
20260709,大田,26777,相対,26746,デラウェア,山形,2,2700,2268,1620
20260709,大田,26777,相対,26746,巨峰,各地,0.35,1080,832,756
20260709,大田,26777,相対,26746,巨峰,山梨,0.4,648,－,－
20260709,板橋,1000,相対,970,デラウェア,大阪,0.3,410,340,281
20260709,板橋,1000,第三者販売,30,デラウェア,大阪,0.3,389,－,346
20260709,淀橋,4143,相対,4143,シャインマスカ,各地,5,27000,23760,21600
20260709,淀橋,4143,相対,4143,シャインマスカ,山梨,3,14040,－,7560
20260709,淀橋,4143,相対,4143,デラウェア,山形,0.35,518,486,432
20260709,淀橋,4143,相対,4143,巨峰,山梨,0.35,1296,－,－
20260709,葛西,800,相対,800,デラウェア,各地,2,－,378,－
20260709,豊島,400,相対,400,シャインマスカ,山梨,3,12960,11880,10800
20260709,豊島,400,相対,400,デラウェア,大阪,0.3,432,324,248
20260709,豊洲,5844,相対,4681,アレキ,岡山,0.75,－,1944,－
20260709,豊洲,5844,相対,4681,シャインマスカ,各地,5,21600,20520,14040
20260709,豊洲,5844,第三者販売,1163,シャインマスカ,各地,5,－,14040,－
20260709,豊洲,5844,相対,4681,シャインマスカ,山梨,5,－,19440,－
20260709,豊洲,5844,相対,4681,シャインマスカ,岡山,5,21600,－,12960
20260709,豊洲,5844,第三者販売,1163,シャインマスカ,岡山,5,23760,18360,17280
20260709,豊洲,5844,第三者販売,1163,デラウェア,各地,2,4320,－,4104
20260709,豊洲,5844,相対,4681,デラウェア,大阪,0.3,410,378,324
20260709,豊洲,5844,第三者販売,1163,デラウェア,大阪,0.3,－,378,－
20260709,豊洲,5844,相対,4681,デラウェア,山形,2,2484,2160,1944
20260709,豊洲,5844,第三者販売,1163,デラウェア,山形,2,2484,－,2160
20260709,豊洲,5844,第三者販売,1163,巨峰,各地,0.35,－,918,－
20260710,世田谷,100,相対,100,デラウェア,山形,2,2700,－,－
20260710,北足立,5500,相対,5500,シャインマスカ,山梨,5,－,19440,－
20260710,北足立,5500,相対,5500,デラウェア,大阪,0.3,378,－,－
20260710,北足立,5500,相対,5500,デラウェア,山形,2,2592,2160,1620
20260710,多摩NT,904,相対,904,シャインマスカ,各地,5,23760,－,－
20260710,多摩NT,904,相対,904,シャインマスカ,山梨,5,19440,－,－
20260710,多摩NT,904,相対,904,デラウェア,大阪,0.3,410,388,302
20260710,多摩NT,904,相対,904,デラウェア,山形,2,3024,2700,－
20260710,多摩NT,904,相対,904,巨峰,山梨,0.35,972,－,－
20260710,多摩NT,904,相対,904,巨峰,福岡,0.35,702,－,－
20260710,大田,22942,相対,22899,シャインマスカ,各地,5,23760,19764,10800
20260710,大田,22942,相対,22899,シャインマスカ,山梨,5,24840,17712,12960
20260710,大田,22942,相対,22899,シャインマスカ,岡山,5,24840,18144,14040
20260710,大田,22942,相対,22899,デラウェア,各地,2,4320,3456,2592
20260710,大田,22942,相対,22899,デラウェア,大阪,0.3,432,324,238
20260710,大田,22942,相対,22899,デラウェア,山形,2,2700,2268,1620
20260710,大田,22942,相対,22899,巨峰,各地,0.35,1080,875,756
20260710,大田,22942,相対,22899,巨峰,山梨,0.4,648,－,－
20260710,板橋,900,相対,834,シャインマスカ,岡山,5,－,15120,－
20260710,板橋,900,相対,834,デラウェア,大阪,0.3,410,335,281
20260710,板橋,900,第三者販売,66,デラウェア,大阪,0.3,400,389,346
20260710,淀橋,3033,相対,3033,シャインマスカ,各地,5,24840,－,21600
20260710,淀橋,3033,相対,3033,シャインマスカ,山梨,3,14040,－,7560
20260710,淀橋,3033,相対,3033,デラウェア,山形,0.35,518,486,432
20260710,淀橋,3033,相対,3033,巨峰,山梨,0.35,1296,－,－
20260710,葛西,800,相対,800,デラウェア,各地,2,－,378,－
20260710,豊島,500,相対,500,シャインマスカ,山梨,3,12960,11880,9720
20260710,豊島,500,相対,500,デラウェア,大阪,0.3,410,324,248
20260710,豊洲,4058,相対,2973,アレキ,岡山,0.75,3996,－,3456
20260710,豊洲,4058,相対,2973,シャインマスカ,各地,5,20520,－,12960
20260710,豊洲,4058,第三者販売,1085,シャインマスカ,各地,5,20520,－,12960
20260710,豊洲,4058,相対,2973,シャインマスカ,山梨,5,－,19440,－
20260710,豊洲,4058,相対,2973,シャインマスカ,岡山,5,32400,21600,15120
20260710,豊洲,4058,第三者販売,1085,シャインマスカ,岡山,5,37800,21600,19440
20260710,豊洲,4058,第三者販売,1085,デラウェア,各地,2,4320,－,4104
20260710,豊洲,4058,相対,2973,デラウェア,大阪,0.3,378,324,270
20260710,豊洲,4058,相対,2973,デラウェア,山形,2,2484,－,2160
20260710,豊洲,4058,第三者販売,1085,デラウェア,山形,2,－,2160,－
20260710,豊洲,4058,第三者販売,1085,巨峰,各地,0.35,－,918,－
20260711,世田谷,100,相対,100,シャインマスカ,山梨,5,－,－,2484
20260711,北足立,6100,相対,6100,シャインマスカ,山梨,5,－,19440,－
20260711,北足立,6100,相対,6100,デラウェア,大阪,0.3,378,－,－
20260711,北足立,6100,相対,6100,デラウェア,山形,2,2592,2160,1620
20260711,北足立,6100,相対,6100,巨峰,山梨,5,－,16200,－
20260711,多摩NT,1021,相対,1021,シャインマスカ,各地,5,23760,－,－
20260711,多摩NT,1021,相対,1021,シャインマスカ,山梨,5,19440,－,－
20260711,多摩NT,1021,相対,1021,デラウェア,大阪,0.3,410,388,302
20260711,多摩NT,1021,相対,1021,デラウェア,山形,2,3024,2700,－
20260711,多摩NT,1021,相対,1021,巨峰,山梨,0.35,972,－,－
20260711,多摩NT,1021,相対,1021,巨峰,福岡,0.35,702,－,－
20260711,大田,27846,相対,27791,アレキ,岡山,0.75,4860,3672,3240
20260711,大田,27846,相対,27791,シャインマスカ,各地,5,27000,21600,10800
20260711,大田,27846,相対,27791,シャインマスカ,山梨,5,20520,17604,15120
20260711,大田,27846,相対,27791,シャインマスカ,岡山,5,37800,22140,14040
20260711,大田,27846,第三者販売,50,シャインマスカ,岡山,5,19440,18792,16200
20260711,大田,27846,相対,27791,デラウェア,各地,2,4320,3456,2592
20260711,大田,27846,相対,27791,デラウェア,大阪,0.3,410,324,238
20260711,大田,27846,相対,27791,デラウェア,山形,2,2700,2268,1620
20260711,大田,27846,相対,27791,巨峰,各地,0.35,1080,940,756
20260711,大田,27846,相対,27791,巨峰,山梨,0.4,702,691,648
20260711,板橋,1000,相対,988,シャインマスカ,山梨,5,－,15120,－
20260711,板橋,1000,相対,988,デラウェア,大阪,0.3,410,335,270
20260711,板橋,1000,第三者販売,12,デラウェア,大阪,0.3,400,－,346
20260711,淀橋,4104,相対,4104,シャインマスカ,各地,5,24840,－,21600
20260711,淀橋,4104,相対,4104,シャインマスカ,山梨,3,14040,－,7560
20260711,淀橋,4104,相対,4104,デラウェア,山形,0.35,518,486,432
20260711,淀橋,4104,相対,4104,巨峰,山梨,0.35,1296,－,－
20260711,葛西,1100,相対,1100,デラウェア,各地,2,－,378,－
20260711,豊島,300,相対,300,シャインマスカ,山梨,3,12960,11880,9720
20260711,豊島,300,相対,300,デラウェア,大阪,0.3,378,324,248
20260711,豊洲,4354,相対,3755,シャインマスカ,各地,5,21600,20520,12960
20260711,豊洲,4354,第三者販売,599,シャインマスカ,各地,5,－,12960,－
20260711,豊洲,4354,相対,3755,シャインマスカ,山梨,5,19440,－,16200
20260711,豊洲,4354,相対,3755,シャインマスカ,岡山,5,19440,－,12960
20260711,豊洲,4354,第三者販売,599,シャインマスカ,岡山,5,－,18360,－
20260711,豊洲,4354,相対,3755,デラウェア,各地,2,－,3780,－
20260711,豊洲,4354,第三者販売,599,デラウェア,各地,2,－,3780,－
20260711,豊洲,4354,相対,3755,デラウェア,大阪,0.3,410,378,324
20260711,豊洲,4354,第三者販売,599,デラウェア,大阪,0.3,－,378,－
20260711,豊洲,4354,相対,3755,デラウェア,山形,2,2484,－,2160
20260711,豊洲,4354,第三者販売,599,巨峰,各地,0.35,－,918,－
20260711,豊洲,4354,相対,3755,巨峰,山梨,0.4,1188,－,756
20260711,豊洲,4354,第三者販売,599,巨峰,山梨,0.4,1188,－,756
20260713,北足立,6900,相対,6900,シャインマスカ,山梨,5,－,19440,－
20260713,北足立,6900,相対,6900,デラウェア,大阪,0.3,378,－,－
20260713,北足立,6900,相対,6900,デラウェア,山形,2,2484,2160,1836
20260713,北足立,6900,相対,6900,巨峰,山梨,5,－,16200,－
20260713,多摩NT,971,相対,971,シャインマスカ,各地,5,23760,－,－
20260713,多摩NT,971,相対,971,シャインマスカ,山梨,5,19440,－,－
20260713,多摩NT,971,相対,971,デラウェア,大阪,0.3,410,388,302
20260713,多摩NT,971,相対,971,デラウェア,山形,2,3024,2700,－
20260713,多摩NT,971,相対,971,巨峰,山梨,0.35,972,－,－
20260713,多摩NT,971,相対,971,巨峰,福岡,0.35,702,－,－
20260713,大田,29899,相対,29886,アレキ,岡山,0.75,4320,3456,3240
20260713,大田,29899,相対,29886,シャインマスカ,各地,5,21600,19224,10800
20260713,大田,29899,相対,29886,シャインマスカ,山梨,5,21600,17064,12960
20260713,大田,29899,相対,29886,シャインマスカ,岡山,5,37800,21816,10800
20260713,大田,29899,相対,29886,デラウェア,各地,2,4320,3996,3240
20260713,大田,29899,相対,29886,デラウェア,大阪,0.3,378,313,238
20260713,大田,29899,相対,29886,デラウェア,山形,2,2700,2268,1620
20260713,大田,29899,相対,29886,巨峰,各地,0.35,1080,875,756
20260713,大田,29899,相対,29886,巨峰,山梨,0.4,702,691,594
20260713,板橋,1100,相対,1100,デラウェア,大阪,0.3,378,313,270
20260713,板橋,1100,相対,1100,デラウェア,山形,2,－,864,－
20260713,淀橋,4733,相対,4733,シャインマスカ,各地,5,23760,21600,19440
20260713,淀橋,4733,相対,4733,シャインマスカ,山梨,3,14040,－,7560
20260713,淀橋,4733,相対,4733,デラウェア,山形,0.35,518,486,432
20260713,淀橋,4733,相対,4733,巨峰,山梨,0.35,1296,－,－
20260713,葛西,900,相対,900,デラウェア,各地,2,－,387,－
20260713,豊島,300,相対,300,シャインマスカ,山梨,3,11880,10800,9720
20260713,豊島,300,相対,300,デラウェア,大阪,0.3,410,324,216
20260713,豊洲,5611,相対,4605,アレキ,岡山,0.75,－,3456,－
20260713,豊洲,5611,相対,4605,シャインマスカ,各地,5,19440,－,12960
20260713,豊洲,5611,第三者販売,1006,シャインマスカ,各地,5,18360,－,12960
20260713,豊洲,5611,相対,4605,シャインマスカ,山梨,5,19440,－,16200
20260713,豊洲,5611,第三者販売,1006,シャインマスカ,山梨,5,－,19440,－
20260713,豊洲,5611,相対,4605,シャインマスカ,岡山,5,32400,21600,12960
20260713,豊洲,5611,相対,4605,デラウェア,各地,2,－,3780,－
20260713,豊洲,5611,第三者販売,1006,デラウェア,各地,2,－,3780,－
20260713,豊洲,5611,相対,4605,デラウェア,山形,2,2484,－,2160
20260713,豊洲,5611,第三者販売,1006,デラウェア,山形,2,－,2052,－
20260713,豊洲,5611,第三者販売,1006,巨峰,各地,0.35,－,918,－
20260713,豊洲,5611,相対,4605,巨峰,山梨,0.4,－,756,－
20260714,北足立,5400,相対,5400,シャインマスカ,山梨,5,－,19440,－
20260714,北足立,5400,相対,5400,デラウェア,大阪,0.3,378,－,－
20260714,北足立,5400,相対,5400,デラウェア,山形,2,2484,2160,1836
20260714,北足立,5400,相対,5400,巨峰,山梨,5,－,16200,－
20260714,多摩NT,680,相対,680,シャインマスカ,各地,5,23760,－,－
20260714,多摩NT,680,相対,680,シャインマスカ,山梨,5,19440,－,－
20260714,多摩NT,680,相対,680,デラウェア,大阪,0.3,410,388,302
20260714,多摩NT,680,相対,680,デラウェア,山形,2,3024,2700,－
20260714,多摩NT,680,相対,680,巨峰,山梨,0.35,972,－,－
20260714,多摩NT,680,相対,680,巨峰,福岡,0.35,702,－,－
20260714,大田,29092,相対,29079,アレキ,岡山,0.75,4320,3564,3240
20260714,大田,29092,相対,29079,シャインマスカ,各地,5,24840,20196,10800
20260714,大田,29092,相対,29079,シャインマスカ,山梨,5,24840,17280,12960
20260714,大田,29092,相対,29079,シャインマスカ,岡山,5,37800,21168,10800
20260714,大田,29092,相対,29079,デラウェア,各地,2,4320,4212,3780
20260714,大田,29092,相対,29079,デラウェア,大阪,0.3,378,313,216
20260714,大田,29092,相対,29079,デラウェア,山形,2,2700,2268,1620
20260714,大田,29092,相対,29079,巨峰,各地,0.35,1080,918,756
20260714,大田,29092,相対,29079,巨峰,山梨,0.4,702,691,594
20260714,板橋,1100,相対,1094,シャインマスカ,山梨,5,－,15120,－
20260714,板橋,1100,相対,1094,デラウェア,大阪,0.3,378,302,248
20260714,板橋,1100,第三者販売,6,デラウェア,大阪,0.3,356,－,－
20260714,淀橋,4126,相対,4126,シャインマスカ,各地,5,23760,21600,19440
20260714,淀橋,4126,相対,4126,シャインマスカ,山梨,3,14040,－,7560
20260714,淀橋,4126,相対,4126,デラウェア,山形,0.35,518,486,432
20260714,淀橋,4126,相対,4126,巨峰,山梨,0.35,1296,－,－
20260714,葛西,1600,相対,1600,デラウェア,各地,2,－,378,－
20260714,豊島,200,相対,200,シャインマスカ,山梨,3,12960,11880,9720
20260714,豊島,200,相対,200,デラウェア,大阪,0.3,410,－,－
20260714,豊洲,4629,相対,3910,シャインマスカ,各地,5,21600,19440,18360
20260714,豊洲,4629,第三者販売,719,シャインマスカ,各地,5,12960,－,11880
20260714,豊洲,4629,相対,3910,シャインマスカ,山梨,5,19440,－,16200
20260714,豊洲,4629,第三者販売,719,シャインマスカ,山梨,5,19440,－,15120
20260714,豊洲,4629,相対,3910,シャインマスカ,岡山,5,19440,12960,11880
20260714,豊洲,4629,第三者販売,719,シャインマスカ,岡山,5,21600,－,17280
20260714,豊洲,4629,相対,3910,デラウェア,各地,2,－,3564,－
20260714,豊洲,4629,相対,3910,デラウェア,山形,2,2484,2160,1620
20260714,豊洲,4629,第三者販売,719,デラウェア,山形,2,2700,－,2160
20260714,豊洲,4629,第三者販売,719,巨峰,各地,0.35,－,864,－
20260714,豊洲,4629,相対,3910,巨峰,山梨,0.4,756,－,702
20260716,北足立,7700,相対,7700,シャインマスカ,山梨,5,－,19440,－
20260716,北足立,7700,相対,7700,デラウェア,大阪,0.3,378,－,－
20260716,北足立,7700,相対,7700,デラウェア,山形,2,2484,2160,1836
20260716,北足立,7700,相対,7700,巨峰,山梨,5,－,16200,－
20260716,多摩NT,704,相対,704,シャインマスカ,各地,5,23760,－,－
20260716,多摩NT,704,相対,704,シャインマスカ,山梨,5,19440,－,－
20260716,多摩NT,704,相対,704,デラウェア,大阪,0.3,410,388,302
20260716,多摩NT,704,相対,704,デラウェア,山形,2,3024,2700,－
20260716,多摩NT,704,相対,704,巨峰,山梨,0.35,972,－,－
20260716,多摩NT,704,相対,704,巨峰,福岡,0.35,702,－,－
20260716,大田,35512,相対,35481,シャインマスカ,各地,5,24840,18792,10800
20260716,大田,35512,相対,35481,シャインマスカ,山梨,5,24840,17496,15120
20260716,大田,35512,相対,35481,シャインマスカ,岡山,5,24840,18144,12960
20260716,大田,35512,第三者販売,31,シャインマスカ,岡山,5,16200,－,－
20260716,大田,35512,相対,35481,デラウェア,各地,2,3780,3672,3240
20260716,大田,35512,相対,35481,デラウェア,大阪,0.3,378,313,216
20260716,大田,35512,相対,35481,デラウェア,山形,2,2808,2160,1404
20260716,大田,35512,相対,35481,巨峰,各地,0.35,1080,918,756
20260716,大田,35512,相対,35481,巨峰,山梨,0.4,756,702,594
20260716,板橋,1100,相対,1076,シャインマスカ,岡山,5,－,15120,－
20260716,板橋,1100,相対,1076,デラウェア,大阪,0.3,464,292,216
20260716,板橋,1100,第三者販売,24,デラウェア,大阪,0.3,346,324,302
20260716,淀橋,5339,相対,5339,シャインマスカ,各地,5,23760,21600,19440
20260716,淀橋,5339,相対,5339,シャインマスカ,山梨,3,14040,－,7560
20260716,淀橋,5339,相対,5339,デラウェア,山形,0.35,518,486,432
20260716,淀橋,5339,相対,5339,巨峰,山梨,0.35,1296,－,－
20260716,葛西,1100,相対,1100,デラウェア,各地,2,－,378,－
20260716,豊島,300,相対,300,シャインマスカ,山梨,3,11880,10800,9720
20260716,豊島,300,相対,300,デラウェア,大阪,0.3,410,356,324
20260716,豊洲,6503,相対,4740,シャインマスカ,各地,5,22680,19440,17280
20260716,豊洲,6503,第三者販売,1763,シャインマスカ,各地,5,17280,－,11880
20260716,豊洲,6503,相対,4740,シャインマスカ,山梨,5,18360,－,11880
20260716,豊洲,6503,第三者販売,1763,シャインマスカ,山梨,5,17280,－,16200
20260716,豊洲,6503,相対,4740,シャインマスカ,岡山,5,24840,19440,17280
20260716,豊洲,6503,第三者販売,1763,デラウェア,各地,2,－,2700,－
20260716,豊洲,6503,相対,4740,デラウェア,山形,2,2376,2160,1728
20260716,豊洲,6503,第三者販売,1763,デラウェア,山形,2,2484,2160,2052
20260716,豊洲,6503,第三者販売,1763,巨峰,各地,0.35,－,864,－
20260716,豊洲,6503,相対,4740,巨峰,山梨,0.4,756,－,702
20260716,豊洲,6503,第三者販売,1763,巨峰,山梨,0.4,－,702,－
20260717,北足立,5500,相対,5500,シャインマスカ,山梨,5,－,19440,－
20260717,北足立,5500,相対,5500,デラウェア,各地,2,－,2376,－
20260717,北足立,5500,相対,5500,デラウェア,山形,2,2484,2160,1836
20260717,北足立,5500,相対,5500,巨峰,山梨,5,－,16200,－
20260717,多摩NT,373,相対,373,シャインマスカ,各地,5,23760,－,－
20260717,多摩NT,373,相対,373,シャインマスカ,山梨,5,19440,－,－
20260717,多摩NT,373,相対,373,デラウェア,大阪,0.3,410,388,302
20260717,多摩NT,373,相対,373,デラウェア,山形,2,3024,27000,－
20260717,大田,32569,相対,32514,アレキ,岡山,0.75,4320,3996,3240
20260717,大田,32569,相対,32514,シャインマスカ,各地,5,21600,15444,10800
20260717,大田,32569,相対,32514,シャインマスカ,山梨,5,24840,17388,15120
20260717,大田,32569,相対,32514,シャインマスカ,岡山,5,35640,21060,10800
20260717,大田,32569,相対,32514,デラウェア,各地,2,3780,3240,2700
20260717,大田,32569,相対,32514,デラウェア,大阪,0.3,378,－,－
20260717,大田,32569,相対,32514,デラウェア,山形,2,2592,2052,1404
20260717,大田,32569,相対,32514,巨峰,各地,0.35,1080,929,756
20260717,大田,32569,相対,32514,巨峰,山梨,0.4,756,713,648
20260717,板橋,800,相対,770,シャインマスカ,岡山,5,－,15120,－
20260717,板橋,800,相対,770,デラウェア,大阪,0.3,356,292,216
20260717,板橋,800,第三者販売,30,デラウェア,大阪,0.3,346,324,302
20260717,淀橋,4273,相対,4273,シャインマスカ,各地,5,23760,21600,19440
20260717,淀橋,4273,相対,4273,シャインマスカ,山梨,3,14040,－,7560
20260717,淀橋,4273,相対,4273,デラウェア,山形,0.35,518,486,432
20260717,淀橋,4273,相対,4273,巨峰,山梨,0.35,1296,－,－
20260717,葛西,1300,相対,1300,デラウェア,各地,2,－,378,－
20260717,豊島,300,相対,300,シャインマスカ,山梨,3,11880,10800,9720
20260717,豊島,300,相対,300,デラウェア,大阪,0.3,410,378,324
20260717,豊洲,6208,相対,4101,シャインマスカ,各地,5,20520,19440,18360
20260717,豊洲,6208,第三者販売,2107,シャインマスカ,各地,5,－,12960,－
20260717,豊洲,6208,相対,4101,シャインマスカ,山梨,5,19440,－,16200
20260717,豊洲,6208,第三者販売,2107,シャインマスカ,山梨,5,－,19440,－
20260717,豊洲,6208,相対,4101,シャインマスカ,岡山,5,30240,19440,14040
20260717,豊洲,6208,第三者販売,2107,シャインマスカ,岡山,5,37800,19440,18360
20260717,豊洲,6208,相対,4101,デラウェア,各地,2,－,3240,－
20260717,豊洲,6208,相対,4101,デラウェア,山形,2,1944,1728,1512
20260717,豊洲,6208,第三者販売,2107,デラウェア,山形,2,2160,－,1728
20260717,豊洲,6208,第三者販売,2107,巨峰,各地,0.35,－,864,－
20260717,豊洲,6208,相対,4101,巨峰,山梨,0.4,756,－,702
20260718,北足立,6700,相対,6700,シャインマスカ,山梨,5,－,19440,－
20260718,北足立,6700,相対,6700,デラウェア,各地,2,－,2376,－
20260718,北足立,6700,相対,6700,デラウェア,山形,2,2484,2160,1836
20260718,北足立,6700,相対,6700,巨峰,山梨,5,－,16200,－
20260718,多摩NT,754,相対,754,シャインマスカ,各地,5,23760,－,－
20260718,多摩NT,754,相対,754,シャインマスカ,山梨,5,19440,－,－
20260718,多摩NT,754,相対,754,デラウェア,大阪,0.3,410,388,302
20260718,多摩NT,754,相対,754,デラウェア,山形,2,3024,2700,－
20260718,多摩NT,754,相対,754,巨峰,山梨,0.35,972,－,－
20260718,多摩NT,754,相対,754,巨峰,福岡,0.35,702,－,－
20260718,大田,40390,相対,40383,アレキ,岡山,0.75,4860,3888,3240
20260718,大田,40390,相対,40383,シャインマスカ,各地,5,24840,18900,10800
20260718,大田,40390,相対,40383,シャインマスカ,山梨,5,20520,17496,12960
20260718,大田,40390,相対,40383,シャインマスカ,岡山,5,35640,20520,11880
20260718,大田,40390,相対,40383,デラウェア,各地,2,3780,3024,2700
20260718,大田,40390,相対,40383,デラウェア,大阪,0.3,378,313,216
20260718,大田,40390,相対,40383,デラウェア,山形,2,2592,2052,1404
20260718,大田,40390,相対,40383,巨峰,各地,0.35,972,799,756
20260718,大田,40390,相対,40383,巨峰,山梨,0.4,756,691,648
20260718,板橋,700,相対,694,シャインマスカ,山梨,5,－,15120,－
20260718,板橋,700,相対,694,デラウェア,大阪,0.3,346,292,248
20260718,板橋,700,第三者販売,6,デラウェア,大阪,0.3,346,－,－
20260718,淀橋,5606,相対,5606,シャインマスカ,各地,5,23760,21600,19440
20260718,淀橋,5606,相対,5606,シャインマスカ,山梨,3,14040,－,7560
20260718,淀橋,5606,相対,5606,デラウェア,山形,0.35,518,486,432
20260718,淀橋,5606,相対,5606,巨峰,山梨,0.35,1296,－,－
20260718,葛西,200,相対,200,デラウェア,各地,2,－,378,－
20260718,葛西,200,相対,200,巨峰,各地,0.35,－,702,－
20260718,豊島,400,相対,400,シャインマスカ,山梨,3,1296,－,864
20260718,豊島,400,相対,400,デラウェア,山形,2,1620,－,－
20260718,豊洲,6736,相対,5171,シャインマスカ,各地,5,20520,19440,18360
20260718,豊洲,6736,第三者販売,1565,シャインマスカ,各地,5,12960,－,11880
20260718,豊洲,6736,相対,5171,シャインマスカ,山梨,5,19440,－,11880
20260718,豊洲,6736,相対,5171,シャインマスカ,岡山,5,14040,－,11880
20260718,豊洲,6736,第三者販売,1565,シャインマスカ,岡山,5,22680,19440,18360
20260718,豊洲,6736,相対,5171,デラウェア,各地,2,－,3240,－
20260718,豊洲,6736,相対,5171,デラウェア,山形,2,2484,2160,1620
20260718,豊洲,6736,第三者販売,1565,デラウェア,山形,2,－,2160,－
20260718,豊洲,6736,第三者販売,1565,巨峰,各地,0.35,－,864,－
20260718,豊洲,6736,相対,5171,巨峰,山梨,0.4,756,702,648
20260718,豊洲,6736,第三者販売,1565,巨峰,山梨,0.4,－,702,－
20260721,北足立,6600,相対,6600,シャインマスカ,山梨,5,－,19440,－
20260721,北足立,6600,相対,6600,デラウェア,各地,2,－,2376,－
20260721,北足立,6600,相対,6600,デラウェア,山形,2,2160,1944,1620
20260721,北足立,6600,相対,6600,巨峰,山梨,5,－,16200,－
20260721,多摩NT,1150,相対,1150,シャインマスカ,各地,5,23760,－,－
20260721,多摩NT,1150,相対,1150,シャインマスカ,山梨,5,19440,－,－
20260721,多摩NT,1150,相対,1150,デラウェア,大阪,0.3,410,388,302
20260721,多摩NT,1150,相対,1150,デラウェア,山形,2,3024,2700,－
20260721,多摩NT,1150,相対,1150,巨峰,山梨,0.35,972,－,－
20260721,多摩NT,1150,相対,1150,巨峰,福岡,0.35,702,－,－
20260721,大田,47055,相対,46890,アレキ,岡山,0.75,4320,3780,3240
20260721,大田,47055,相対,46890,シャインマスカ,各地,5,32400,18252,12960
20260721,大田,47055,相対,46890,シャインマスカ,山梨,5,20520,18360,14040
20260721,大田,47055,相対,46890,シャインマスカ,岡山,5,32400,19440,11880
20260721,大田,47055,第三者販売,165,シャインマスカ,岡山,5,19440,17712,14040
20260721,大田,47055,相対,46890,デラウェア,各地,2,2484,－,2376
20260721,大田,47055,相対,46890,デラウェア,大阪,0.3,356,302,216
20260721,大田,47055,相対,46890,デラウェア,山形,2,2214,1944,1404
20260721,大田,47055,相対,46890,巨峰,各地,0.35,972,864,756
20260721,大田,47055,相対,46890,巨峰,山梨,0.4,702,648,432
20260721,板橋,800,相対,800,シャインマスカ,山梨,5,－,15120,－
20260721,板橋,800,相対,800,デラウェア,大阪,0.3,356,297,238
20260721,淀橋,7108,相対,7108,シャインマスカ,各地,5,23760,21600,19440
20260721,淀橋,7108,相対,7108,シャインマスカ,山梨,3,10800,－,7560
20260721,淀橋,7108,相対,7108,デラウェア,山形,0.35,518,486,432
20260721,淀橋,7108,相対,7108,巨峰,山梨,0.35,810,－,－
20260721,葛西,700,相対,700,シャインマスカ,各地,5,－,648,－
20260721,葛西,700,相対,700,デラウェア,各地,2,－,378,－
20260721,豊島,600,相対,600,シャインマスカ,山梨,3,1188,－,972
20260721,豊島,600,相対,600,デラウェア,山形,2,410,378,324
20260721,豊洲,10096,相対,7937,シャインマスカ,各地,5,19440,18360,16200
20260721,豊洲,10096,第三者販売,2159,シャインマスカ,各地,5,18360,－,11880
20260721,豊洲,10096,相対,7937,シャインマスカ,山梨,5,17280,－,15120
20260721,豊洲,10096,第三者販売,2159,シャインマスカ,山梨,5,－,17280,－
20260721,豊洲,10096,相対,7937,シャインマスカ,岡山,5,19440,16200,11880
20260721,豊洲,10096,第三者販売,2159,シャインマスカ,岡山,5,21600,19440,18360
20260721,豊洲,10096,相対,7937,デラウェア,各地,2,－,3240,－
20260721,豊洲,10096,第三者販売,2159,デラウェア,各地,2,－,3240,－
20260721,豊洲,10096,相対,7937,デラウェア,山形,2,1836,－,1512
20260721,豊洲,10096,第三者販売,2159,デラウェア,山形,2,2484,2160,1944
20260721,豊洲,10096,相対,7937,巨峰,各地,0.35,－,918,－
20260721,豊洲,10096,第三者販売,2159,巨峰,各地,0.35,－,864,－
20260721,豊洲,10096,相対,7937,巨峰,山梨,0.4,724,702,648
20260721,豊洲,10096,第三者販売,2159,巨峰,山梨,0.4,702,－,648
20260723,世田谷,200,相対,200,デラウェア,山形,2,－,486,－
20260723,北足立,6600,相対,6600,シャインマスカ,山梨,5,－,19440,－
20260723,北足立,6600,相対,6600,デラウェア,各地,2,－,2376,－
20260723,北足立,6600,相対,6600,デラウェア,山形,2,2160,1944,1620
20260723,北足立,6600,相対,6600,巨峰,山梨,5,－,16200,－
20260723,多摩NT,736,相対,736,シャインマスカ,各地,5,23760,－,－
20260723,多摩NT,736,相対,736,シャインマスカ,山梨,5,19440,－,－
20260723,多摩NT,736,相対,736,デラウェア,大阪,0.3,410,388,302
20260723,多摩NT,736,相対,736,デラウェア,山形,2,3024,2700,－
20260723,多摩NT,736,相対,736,巨峰,山梨,0.35,972,－,－
20260723,多摩NT,736,相対,736,巨峰,福岡,0.35,702,－,－
20260723,大田,53549,相対,53505,アレキ,岡山,0.75,4320,3996,3240
20260723,大田,53549,商物分離,15,シャインマスカ,各地,5,14040,－,－
20260723,大田,53549,相対,53505,シャインマスカ,各地,5,22680,18036,12960
20260723,大田,53549,相対,53505,シャインマスカ,山梨,5,18360,15336,10800
20260723,大田,53549,相対,53505,シャインマスカ,岡山,5,21600,16092,12960
20260723,大田,53549,相対,53505,デラウェア,各地,2,3780,2484,2376
20260723,大田,53549,相対,53505,デラウェア,大阪,0.3,356,－,－
20260723,大田,53549,相対,53505,デラウェア,山形,2,2160,1944,1404
20260723,大田,53549,相対,53505,巨峰,各地,0.35,918,853,648
20260723,大田,53549,相対,53505,巨峰,山梨,0.4,702,637,594
20260723,板橋,800,相対,794,デラウェア,各地,2,－,15120,－
20260723,板橋,800,相対,794,デラウェア,大阪,0.3,356,281,238
20260723,板橋,800,第三者販売,6,デラウェア,大阪,0.3,346,－,－
20260723,淀橋,6879,相対,6879,シャインマスカ,各地,5,23760,21600,19440
20260723,淀橋,6879,相対,6879,シャインマスカ,山梨,3,10800,－,7560
20260723,淀橋,6879,相対,6879,デラウェア,山形,0.35,518,486,432
20260723,淀橋,6879,相対,6879,巨峰,山梨,0.35,810,－,－
20260723,葛西,700,相対,700,デラウェア,各地,2,－,378,－
20260723,葛西,700,相対,700,巨峰,山梨,0.4,－,648,－
20260723,豊島,800,相対,800,シャインマスカ,山梨,3,1188,1080,972
20260723,豊島,800,相対,800,デラウェア,山形,2,410,378,324
20260723,豊洲,10020,相対,7213,アレキ,岡山,0.75,－,1944,－
20260723,豊洲,10020,相対,7213,シャインマスカ,各地,5,19440,18360,16740
20260723,豊洲,10020,第三者販売,2807,シャインマスカ,各地,5,16200,－,11880
20260723,豊洲,10020,相対,7213,シャインマスカ,山梨,5,17280,－,15120
20260723,豊洲,10020,第三者販売,2807,シャインマスカ,山梨,5,17280,－,15120
20260723,豊洲,10020,相対,7213,シャインマスカ,岡山,5,21600,11880,10800
20260723,豊洲,10020,第三者販売,2807,シャインマスカ,岡山,5,21600,19440,16200
20260723,豊洲,10020,相対,7213,デラウェア,山形,2,1944,1728,1620
20260723,豊洲,10020,第三者販売,2807,デラウェア,山形,2,2160,－,1944
20260723,豊洲,10020,相対,7213,巨峰,各地,0.35,972,－,756
20260723,豊洲,10020,第三者販売,2807,巨峰,各地,0.35,－,864,－
20260723,豊洲,10020,相対,7213,巨峰,山梨,0.4,702,670,648
20260723,豊洲,10020,第三者販売,2807,巨峰,山梨,0.4,670,－,616
20260724,北足立,5800,相対,5800,シャインマスカ,山梨,5,－,19440,－
20260724,北足立,5800,相対,5800,デラウェア,各地,2,－,2376,－
20260724,北足立,5800,相対,5800,デラウェア,山形,2,2160,1944,1620
20260724,北足立,5800,相対,5800,巨峰,山梨,5,－,16200,－
20260724,多摩NT,758,相対,758,シャインマスカ,各地,5,23760,－,－
20260724,多摩NT,758,相対,758,シャインマスカ,山梨,5,19440,－,－
20260724,多摩NT,758,相対,758,デラウェア,大阪,0.3,410,388,302
20260724,多摩NT,758,相対,758,デラウェア,山形,2,3024,2700,－
20260724,大田,48649,相対,48533,アレキ,岡山,0.75,3240,－,－
20260724,大田,48649,商物分離,45,シャインマスカ,各地,5,14040,－,－
20260724,大田,48649,相対,48533,シャインマスカ,各地,5,22680,17388,10800
20260724,大田,48649,相対,48533,シャインマスカ,山梨,5,20520,15552,10800
20260724,大田,48649,相対,48533,シャインマスカ,岡山,5,19440,13932,8100
20260724,大田,48649,相対,48533,デラウェア,各地,2,3780,2808,2376
20260724,大田,48649,相対,48533,デラウェア,山形,2,2160,1944,1404
20260724,大田,48649,相対,48533,巨峰,各地,0.35,918,842,648
20260724,大田,48649,相対,48533,巨峰,山梨,0.4,648,616,594
20260724,板橋,500,相対,500,シャインマスカ,岡山,5,－,16200,－
20260724,板橋,500,相対,500,巨峰,山梨,0.35,648,－,－
20260724,淀橋,6910,相対,6910,シャインマスカ,各地,5,21600,19440,18360
20260724,淀橋,6910,相対,6910,シャインマスカ,山梨,3,10800,－,7560
20260724,淀橋,6910,相対,6910,デラウェア,山形,0.35,518,486,432
20260724,淀橋,6910,相対,6910,巨峰,山梨,0.35,810,－,－
20260724,葛西,1000,相対,1000,デラウェア,各地,2,－,378,－
20260724,葛西,1000,相対,1000,巨峰,山梨,0.4,－,648,－
20260724,豊島,700,相対,700,シャインマスカ,山梨,3,1188,1080,972
20260724,豊島,700,相対,700,デラウェア,山形,2,1512,－,－
20260724,豊洲,8928,相対,7028,アレキ,岡山,0.75,2484,－,1944
20260724,豊洲,8928,相対,7028,シャインマスカ,各地,5,19440,18360,16200
20260724,豊洲,8928,第三者販売,1900,シャインマスカ,各地,5,－,11880,－
20260724,豊洲,8928,相対,7028,シャインマスカ,山梨,5,－,17280,－
20260724,豊洲,8928,相対,7028,シャインマスカ,岡山,5,27000,17280,16200
20260724,豊洲,8928,第三者販売,1900,シャインマスカ,岡山,5,24840,19440,16200
20260724,豊洲,8928,相対,7028,デラウェア,山形,2,1944,1728,1620
20260724,豊洲,8928,第三者販売,1900,デラウェア,山形,2,2160,－,1944
20260724,豊洲,8928,相対,7028,巨峰,各地,0.35,972,－,918
20260724,豊洲,8928,第三者販売,1900,巨峰,各地,0.35,－,810,－
20260724,豊洲,8928,相対,7028,巨峰,山梨,0.4,702,670,648
20260724,豊洲,8928,第三者販売,1900,巨峰,山梨,0.4,670,－,594
20260725,北足立,5900,相対,5900,シャインマスカ,山梨,5,－,19440,－
20260725,北足立,5900,相対,5900,デラウェア,各地,2,－,2376,－
20260725,北足立,5900,相対,5900,デラウェア,山形,2,2160,1944,1620
20260725,北足立,5900,相対,5900,巨峰,山梨,5,－,16200,－
20260725,多摩NT,791,相対,791,シャインマスカ,各地,5,23760,－,－
20260725,多摩NT,791,相対,791,シャインマスカ,山梨,5,19440,－,－
20260725,多摩NT,791,相対,791,デラウェア,大阪,0.3,410,388,302
20260725,多摩NT,791,相対,791,デラウェア,山形,2,3024,2700,－
20260725,多摩NT,791,相対,791,巨峰,山梨,0.35,972,－,－
20260725,多摩NT,791,相対,791,巨峰,福岡,0.35,702,－,－
20260725,大田,53740,相対,53642,アレキ,岡山,0.75,3780,3348,3240
20260725,大田,53740,商物分離,13,シャインマスカ,各地,5,14040,－,－
20260725,大田,53740,相対,53642,シャインマスカ,各地,5,22680,17172,11880
20260725,大田,53740,せり・入札,85,シャインマスカ,山梨,5,6480,－,4860
20260725,大田,53740,相対,53642,シャインマスカ,山梨,5,20520,15228,10800
20260725,大田,53740,相対,53642,シャインマスカ,岡山,5,30240,16308,8100
20260725,大田,53740,相対,53642,デラウェア,各地,2,3780,2700,1944
20260725,大田,53740,相対,53642,デラウェア,山形,2,2160,1944,1188
20260725,大田,53740,相対,53642,巨峰,各地,0.35,972,864,648
20260725,大田,53740,相対,53642,巨峰,山梨,0.4,648,626,540
20260725,板橋,900,相対,894,シャインマスカ,山梨,5,－,15120,－
20260725,板橋,900,相対,894,デラウェア,大阪,0.3,346,281,216
20260725,板橋,900,第三者販売,6,デラウェア,大阪,0.3,346,－,－
20260725,淀橋,7501,相対,7501,シャインマスカ,各地,5,21600,19440,18360
20260725,淀橋,7501,相対,7501,シャインマスカ,山梨,3,10800,－,7560
20260725,淀橋,7501,相対,7501,デラウェア,山形,0.35,518,486,432
20260725,淀橋,7501,相対,7501,巨峰,山梨,0.35,810,－,－
20260725,葛西,600,相対,600,デラウェア,各地,2,－,378,－
20260725,葛西,600,相対,600,巨峰,山梨,0.4,－,648,－
20260725,豊島,600,相対,600,シャインマスカ,山梨,3,1188,1080,972
20260725,豊島,600,相対,600,デラウェア,山形,2,378,324,292
20260725,豊島,600,相対,600,巨峰,山梨,0.4,702,－,－
20260725,豊洲,10561,相対,7348,シャインマスカ,各地,5,19440,18360,17280
20260725,豊洲,10561,第三者販売,3213,シャインマスカ,各地,5,－,18360,－
20260725,豊洲,10561,相対,7348,シャインマスカ,山梨,5,17280,－,12960
20260725,豊洲,10561,第三者販売,3213,シャインマスカ,山梨,5,17280,－,15120
20260725,豊洲,10561,相対,7348,シャインマスカ,岡山,5,21600,16200,11880
20260725,豊洲,10561,第三者販売,3213,シャインマスカ,岡山,5,30240,16200,15120
20260725,豊洲,10561,相対,7348,デラウェア,山形,2,2160,1944,1728
20260725,豊洲,10561,第三者販売,3213,デラウェア,山形,2,2160,－,1620
20260725,豊洲,10561,相対,7348,巨峰,各地,0.35,－,918,－
20260725,豊洲,10561,第三者販売,3213,巨峰,各地,0.35,－,648,－
20260725,豊洲,10561,相対,7348,巨峰,山梨,0.4,702,670,648
20260725,豊洲,10561,第三者販売,3213,巨峰,山梨,0.4,670,－,616
20260727,世田谷,400,相対,400,デラウェア,各地,2,2700,－,－
20260727,北足立,7200,相対,7200,シャインマスカ,山梨,5,－,19440,－
20260727,北足立,7200,相対,7200,デラウェア,各地,2,－,2376,－
20260727,北足立,7200,相対,7200,デラウェア,山形,2,2160,1944,1620
20260727,北足立,7200,相対,7200,巨峰,山梨,5,－,16200,－
20260727,多摩NT,603,相対,603,シャインマスカ,各地,5,23760,－,－
20260727,多摩NT,603,相対,603,シャインマスカ,山梨,5,19440,－,－
20260727,多摩NT,603,相対,603,デラウェア,大阪,0.3,410,388,302
20260727,多摩NT,603,相対,603,デラウェア,山形,2,3024,2700,－
20260727,大田,55575,相対,55434,アレキ,岡山,0.75,3780,3132,2700
20260727,大田,55575,商物分離,14,シャインマスカ,各地,5,14040,－,－
20260727,大田,55575,相対,55434,シャインマスカ,各地,5,21600,16092,12960
20260727,大田,55575,相対,55434,シャインマスカ,山梨,5,17280,15444,10800
20260727,大田,55575,相対,55434,シャインマスカ,岡山,5,19440,13284,8100
20260727,大田,55575,相対,55434,デラウェア,各地,2,3780,2484,1620
20260727,大田,55575,相対,55434,デラウェア,山形,2,2160,1620,1188
20260727,大田,55575,相対,55434,巨峰,各地,0.35,864,778,594
20260727,大田,55575,相対,55434,巨峰,山梨,0.4,648,616,486
20260727,板橋,600,相対,600,シャインマスカ,山梨,5,－,15120,－
20260727,淀橋,7807,相対,7807,シャインマスカ,各地,5,21600,19440,18360
20260727,淀橋,7807,相対,7807,シャインマスカ,山梨,3,10800,－,7560
20260727,淀橋,7807,相対,7807,デラウェア,山形,0.35,518,486,432
20260727,淀橋,7807,相対,7807,巨峰,山梨,0.35,810,－,－
20260727,葛西,800,相対,800,デラウェア,各地,2,－,378,－
20260727,葛西,800,相対,800,巨峰,山梨,0.4,－,648,－
20260727,豊島,600,相対,600,シャインマスカ,山梨,3,11880,10800,9720
20260727,豊島,600,相対,600,デラウェア,山形,2,1512,－,－
20260727,豊島,600,相対,600,巨峰,山梨,0.4,518,－,－
20260727,豊洲,11338,相対,7757,アレキ,岡山,0.75,2160,－,1836
20260727,豊洲,11338,相対,7757,シャインマスカ,各地,5,17820,17280,16200
20260727,豊洲,11338,第三者販売,3496,シャインマスカ,各地,5,－,17280,－
20260727,豊洲,11338,相対,7757,シャインマスカ,山梨,5,17280,－,12960
20260727,豊洲,11338,第三者販売,3496,シャインマスカ,山梨,5,－,17280,－
20260727,豊洲,11338,相対,7757,シャインマスカ,岡山,5,27000,21600,16200
20260727,豊洲,11338,第三者販売,3496,シャインマスカ,岡山,5,19440,18360,15660
20260727,豊洲,11338,相対,7757,デラウェア,各地,2,－,2700,－
20260727,豊洲,11338,第三者販売,3496,デラウェア,各地,2,－,2700,－
20260727,豊洲,11338,相対,7757,デラウェア,山形,2,1944,－,1512
20260727,豊洲,11338,第三者販売,3496,デラウェア,山形,2,1944,－,1728
20260727,豊洲,11338,相対,7757,巨峰,各地,0.35,－,810,－
20260727,豊洲,11338,第三者販売,3496,巨峰,各地,0.35,－,756,－
20260727,豊洲,11338,相対,7757,巨峰,山梨,0.4,648,626,594
20260727,豊洲,11338,第三者販売,3496,巨峰,山梨,0.4,626,－,572
20260728,世田谷,400,相対,400,シャインマスカ,岡山,5,－,12960,－
20260728,世田谷,400,相対,400,デラウェア,各地,2,2700,－,－
20260728,北足立,6300,相対,6300,シャインマスカ,山梨,5,－,19440,－
20260728,北足立,6300,相対,6300,デラウェア,各地,2,－,2376,－
20260728,北足立,6300,相対,6300,デラウェア,山形,2,2160,1944,1620
20260728,北足立,6300,相対,6300,巨峰,山梨,5,－,16200,－
20260728,多摩NT,601,相対,601,シャインマスカ,各地,5,23760,－,－
20260728,多摩NT,601,相対,601,シャインマスカ,山梨,5,19440,－,－
20260728,多摩NT,601,相対,601,デラウェア,大阪,0.3,410,388,302
20260728,多摩NT,601,相対,601,デラウェア,山形,2,3024,2700,－
20260728,多摩NT,601,相対,601,巨峰,山梨,0.35,972,－,－
20260728,多摩NT,601,相対,601,巨峰,福岡,0.35,702,－,－
20260728,大田,51805,相対,51293,アレキ,岡山,0.75,4860,4104,2700
20260728,大田,51805,せり・入札,152,シャインマスカ,各地,5,21600,－,－
20260728,大田,51805,商物分離,360,シャインマスカ,各地,5,14040,－,－
20260728,大田,51805,相対,51293,シャインマスカ,各地,5,21600,15876,12960
20260728,大田,51805,相対,51293,シャインマスカ,山梨,5,20520,15552,9720
20260728,大田,51805,相対,51293,シャインマスカ,岡山,5,16200,12960,8640
20260728,大田,51805,相対,51293,デラウェア,各地,2,3780,2268,1404
20260728,大田,51805,相対,51293,デラウェア,山形,2,2160,1728,1080
20260728,大田,51805,相対,51293,巨峰,各地,0.35,864,648,486
20260728,大田,51805,せり・入札,152,巨峰,山梨,0.4,378,－,－
20260728,大田,51805,相対,51293,巨峰,山梨,0.4,648,616,540
20260728,板橋,600,相対,600,シャインマスカ,岡山,5,－,15120,－
20260728,板橋,600,相対,600,巨峰,山梨,0.35,594,－,－
20260728,淀橋,7745,相対,7745,シャインマスカ,各地,5,21600,19440,18360
20260728,淀橋,7745,相対,7745,シャインマスカ,山梨,3,10800,－,7560
20260728,淀橋,7745,相対,7745,デラウェア,山形,0.35,518,486,432
20260728,淀橋,7745,相対,7745,巨峰,山梨,0.35,810,－,－
20260728,葛西,700,相対,700,デラウェア,各地,2,－,378,－
20260728,葛西,700,相対,700,巨峰,山梨,0.4,－,648,－
20260728,豊島,800,相対,800,シャインマスカ,山梨,3,11880,10800,9720
20260728,豊島,800,相対,800,巨峰,山梨,0.4,648,－,－
20260728,豊洲,9621,相対,6009,アレキ,岡山,0.75,－,3456,－
20260728,豊洲,9621,相対,6009,シャインマスカ,各地,5,18360,17280,16200
20260728,豊洲,9621,第三者販売,3579,シャインマスカ,各地,5,－,17280,－
20260728,豊洲,9621,相対,6009,シャインマスカ,山梨,5,－,17280,－
20260728,豊洲,9621,第三者販売,3579,シャインマスカ,山梨,5,－,17280,－
20260728,豊洲,9621,相対,6009,シャインマスカ,岡山,5,16200,15120,11880
20260728,豊洲,9621,第三者販売,3579,シャインマスカ,岡山,5,19440,17280,15120
20260728,豊洲,9621,相対,6009,デラウェア,各地,2,－,2700,－
20260728,豊洲,9621,第三者販売,3579,デラウェア,各地,2,－,2376,－
20260728,豊洲,9621,相対,6009,デラウェア,山形,2,1944,1728,1512
20260728,豊洲,9621,第三者販売,3579,デラウェア,山形,2,1944,1728,1512
20260728,豊洲,9621,相対,6009,巨峰,各地,0.35,－,810,－
20260728,豊洲,9621,第三者販売,3579,巨峰,各地,0.35,－,648,－
20260728,豊洲,9621,相対,6009,巨峰,山梨,0.4,648,626,572
20260728,豊洲,9621,第三者販売,3579,巨峰,山梨,0.4,626,－,572
20260730,北足立,7400,相対,7400,シャインマスカ,山梨,5,－,19440,－
20260730,北足立,7400,相対,7400,デラウェア,各地,2,－,2376,－
20260730,北足立,7400,相対,7400,デラウェア,山形,2,2160,1944,1620
20260730,北足立,7400,相対,7400,巨峰,山梨,5,－,16200,－
20260730,多摩NT,512,相対,512,シャインマスカ,各地,5,23760,－,－
20260730,多摩NT,512,相対,512,シャインマスカ,山梨,5,19440,－,－
20260730,多摩NT,512,相対,512,デラウェア,大阪,0.3,410,388,302
20260730,多摩NT,512,相対,512,デラウェア,山形,2,3024,2700,－
20260730,多摩NT,512,相対,512,巨峰,山梨,0.35,972,－,－
20260730,多摩NT,512,相対,512,巨峰,福岡,0.35,702,－,－
20260730,大田,67902,相対,67204,アレキ,岡山,0.75,4320,3780,2700
20260730,大田,67902,相対,67204,シャインマスカ,各地,5,21600,15876,11880
20260730,大田,67902,せり・入札,348,シャインマスカ,山梨,5,6480,5400,－
20260730,大田,67902,相対,67204,シャインマスカ,山梨,5,18360,14580,9720
20260730,大田,67902,相対,67204,シャインマスカ,岡山,5,16200,12096,10800
20260730,大田,67902,相対,67204,デラウェア,各地,2,2700,2700,－
20260730,大田,67902,相対,67204,デラウェア,山形,2,1944,1620,1188
20260730,大田,67902,せり・入札,348,巨峰,各地,0.35,540,－,－
20260730,大田,67902,相対,67204,巨峰,各地,0.35,864,562,378
20260730,大田,67902,せり・入札,348,巨峰,山梨,0.4,594,－,－
20260730,大田,67902,相対,67204,巨峰,山梨,0.4,648,616,540
20260730,板橋,600,相対,600,シャインマスカ,山梨,5,－,15120,－
20260730,板橋,600,相対,600,巨峰,山梨,0.35,594,－,－
20260730,淀橋,9718,相対,9718,シャインマスカ,各地,5,21600,19440,18360
20260730,淀橋,9718,相対,9718,シャインマスカ,山梨,3,10800,－,7560
20260730,淀橋,9718,相対,9718,デラウェア,山形,0.35,518,486,432
20260730,淀橋,9718,相対,9718,巨峰,各地,0.35,810,－,－
20260730,淀橋,9718,相対,9718,巨峰,山梨,0.35,702,－,－
20260730,葛西,700,相対,700,デラウェア,山形,2,－,378,－
20260730,豊島,6500,相対,6500,デラウェア,各地,2,302,－,292
20260730,豊島,6500,相対,6500,デラウェア,山形,2,378,270,248
20260730,豊島,6500,相対,6500,巨峰,山梨,0.4,648,626,594
20260730,豊洲,13580,相対,9228,アレキ,岡山,0.75,－,3240,－
20260730,豊洲,13580,相対,9228,シャインマスカ,各地,5,17820,16200,15120
20260730,豊洲,13580,第三者販売,4320,シャインマスカ,各地,5,17280,－,16200
20260730,豊洲,13580,相対,9228,シャインマスカ,山梨,5,17280,－,15120
20260730,豊洲,13580,第三者販売,4320,シャインマスカ,山梨,5,－,16200,－
20260730,豊洲,13580,相対,9228,シャインマスカ,岡山,5,19440,15120,14040
20260730,豊洲,13580,第三者販売,4320,シャインマスカ,岡山,5,19440,17280,14580
20260730,豊洲,13580,相対,9228,デラウェア,各地,2,－,1620,－
20260730,豊洲,13580,相対,9228,デラウェア,山形,2,1728,1512,1296
20260730,豊洲,13580,第三者販売,4320,デラウェア,山形,2,1944,1728,1512
20260730,豊洲,13580,相対,9228,巨峰,各地,0.35,－,810,－
20260730,豊洲,13580,第三者販売,4320,巨峰,各地,0.35,－,648,－
20260730,豊洲,13580,相対,9228,巨峰,山梨,0.4,626,594,540
20260730,豊洲,13580,第三者販売,4320,巨峰,山梨,0.4,626,－,540
20260731,世田谷,700,相対,700,シャインマスカ,岡山,5,－,16200,－
20260731,世田谷,700,相対,700,デラウェア,山形,2,2700,－,－
20260731,北足立,7100,相対,7100,シャインマスカ,山梨,5,－,19440,－
20260731,北足立,7100,相対,7100,デラウェア,各地,2,－,2376,－
20260731,北足立,7100,相対,7100,デラウェア,山形,2,2160,1944,1620
20260731,北足立,7100,相対,7100,巨峰,山梨,5,－,16200,－
20260731,多摩NT,410,相対,410,シャインマスカ,各地,5,23760,－,－
20260731,多摩NT,410,相対,410,シャインマスカ,山梨,5,19440,－,－
20260731,多摩NT,410,相対,410,デラウェア,大阪,0.3,410,388,302
20260731,多摩NT,410,相対,410,デラウェア,山形,2,3024,2700,－
20260731,大田,56449,相対,55550,アレキ,岡山,0.75,4320,3564,2160
20260731,大田,56449,相対,55550,シャインマスカ,各地,5,21600,15876,12960
20260731,大田,56449,せり・入札,199,シャインマスカ,山梨,5,5400,－,－
20260731,大田,56449,相対,55550,シャインマスカ,山梨,5,20520,15444,9720
20260731,大田,56449,相対,55550,シャインマスカ,岡山,5,24840,13500,8100
20260731,大田,56449,相対,55550,デラウェア,各地,2,3240,2268,1944
20260731,大田,56449,相対,55550,デラウェア,山形,2,2160,1620,1188
20260731,大田,56449,相対,55550,巨峰,各地,0.35,810,713,540
20260731,大田,56449,相対,55550,巨峰,山梨,0.4,648,605,432
20260731,板橋,400,相対,400,シャインマスカ,山梨,5,－,15120,－
20260731,板橋,400,相対,400,巨峰,山梨,0.35,540,－,－
20260731,淀橋,8274,相対,8274,シャインマスカ,各地,5,21600,19440,18360
20260731,淀橋,8274,相対,8274,シャインマスカ,山梨,3,10800,－,7560
20260731,淀橋,8274,相対,8274,デラウェア,山形,0.35,518,486,432
20260731,淀橋,8274,相対,8274,巨峰,各地,0.35,810,－,－
20260731,淀橋,8274,相対,8274,巨峰,山梨,0.35,702,－,－
20260731,葛西,700,相対,700,デラウェア,各地,2,－,378,－
20260731,葛西,700,相対,700,巨峰,各地,0.35,－,648,－
20260731,豊島,800,相対,800,シャインマスカ,山梨,3,1134,1026,918
20260731,豊島,800,相対,800,デラウェア,各地,2,292,－,－
20260731,豊島,800,相対,800,デラウェア,山形,2,1728,－,－
20260731,豊島,800,相対,800,巨峰,山梨,0.4,648,－,－
20260731,豊洲,10490,相対,8434,アレキ,岡山,0.75,3240,－,1836
20260731,豊洲,10490,相対,8434,シャインマスカ,各地,5,17280,16200,15120
20260731,豊洲,10490,相対,8434,シャインマスカ,山梨,5,－,17280,－
20260731,豊洲,10490,相対,8434,シャインマスカ,岡山,5,15120,14040,10800
20260731,豊洲,10490,第三者販売,2014,シャインマスカ,岡山,5,17280,16200,14040
20260731,豊洲,10490,相対,8434,デラウェア,各地,2,－,2376,－
20260731,豊洲,10490,相対,8434,デラウェア,山形,2,1728,－,1512
20260731,豊洲,10490,第三者販売,2014,デラウェア,山形,2,1728,－,1512
20260731,豊洲,10490,相対,8434,巨峰,各地,0.35,918,648,594
20260731,豊洲,10490,第三者販売,2014,巨峰,各地,0.35,－,540,－
20260731,豊洲,10490,相対,8434,巨峰,山梨,0.4,594,－,540
20260731,豊洲,10490,第三者販売,2014,巨峰,山梨,0.4,626,－,572
20260801,世田谷,600,相対,600,シャインマスカ,各地,5,15120,－,－
20260801,世田谷,600,相対,600,デラウェア,山梨,2,2700,－,－
20260801,北足立,8000,相対,8000,シャインマスカ,山梨,5,－,19440,－
20260801,北足立,8000,相対,8000,デラウェア,山形,2,2160,1944,1620
20260801,北足立,8000,相対,8000,デラウェア,山梨,2,－,2376,－
20260801,北足立,8000,相対,8000,巨峰,山梨,5,－,16200,－
20260801,多摩NT,2216,相対,2216,シャインマスカ,山梨,5,17280,14040,12960
20260801,多摩NT,2216,相対,2216,シャインマスカ,長野,5,16200,－,－
20260801,多摩NT,2216,相対,2216,デラウェア,山形,2,1944,1620,1296
20260801,多摩NT,2216,相対,2216,デラウェア,山梨,2,1944,－,－
20260801,多摩NT,2216,相対,2216,ピオーネ,山梨,0.4,648,－,－
20260801,多摩NT,2216,相対,2216,巨峰,山梨,5,7560,－,－
20260801,多摩NT,2216,相対,2216,巨峰,長野,0.35,756,－,－
20260801,大田,64930,商物分離,710,シャインマスカ,各地,5,14040,－,－
20260801,大田,64930,相対,64004,シャインマスカ,各地,5,24840,12960,8100
20260801,大田,64930,第三者販売,54,シャインマスカ,各地,5,10800,－,－
20260801,大田,64930,相対,64004,シャインマスカ,山梨,5,18360,15120,10800
20260801,大田,64930,相対,64004,シャインマスカ,長野,5,19440,15120,14040
20260801,大田,64930,相対,64004,デラウェア,山形,2,2160,1620,1188
20260801,大田,64930,相対,64004,デラウェア,山梨,2,3240,3240,1080
20260801,大田,64930,相対,64004,ピオーネ,各地,5,17280,15444,9720
20260801,大田,64930,相対,64004,ピオーネ,山梨,0.4,594,－,－
20260801,大田,64930,相対,64004,ピオーネ,岡山,5,14040,8532,7560
20260801,大田,64930,相対,64004,巨峰,各地,0.35,702,－,486
20260801,大田,64930,相対,64004,巨峰,山梨,5,12960,7560,3240
20260801,大田,64930,相対,64004,巨峰,長野,0.35,972,－,594
20260801,板橋,500,相対,500,シャインマスカ,山梨,5,－,15120,－
20260801,淀橋,8749,相対,8749,シャインマスカ,山梨,5,18360,－,12960
20260801,淀橋,8749,相対,8749,シャインマスカ,長野,5,21600,19440,18360
20260801,淀橋,8749,相対,8749,デラウェア,山形,2,2160,1944,1728
20260801,淀橋,8749,相対,8749,ピオーネ,山梨,5,10800,－,－
20260801,淀橋,8749,相対,8749,巨峰,山梨,5,8100,－,7020
20260801,淀橋,8749,相対,8749,巨峰,長野,0.35,810,－,－
20260801,葛西,700,相対,700,デラウェア,各地,2,－,378,－
20260801,葛西,700,相対,700,巨峰,各地,0.35,－,648,－
20260801,豊島,800,相対,800,シャインマスカ,山梨,5,1134,1026,918
20260801,豊島,800,相対,800,デラウェア,山形,2,378,324,270
20260801,豊洲,13422,相対,9673,シャインマスカ,各地,5,14040,10800,9720
20260801,豊洲,13422,第三者販売,3749,シャインマスカ,各地,5,17280,16200,15120
20260801,豊洲,13422,相対,9673,シャインマスカ,山梨,5,17280,－,12960
20260801,豊洲,13422,第三者販売,3749,シャインマスカ,山梨,5,－,17280,－
20260801,豊洲,13422,相対,9673,シャインマスカ,長野,5,17280,16200,15120
20260801,豊洲,13422,第三者販売,3749,シャインマスカ,長野,5,16200,－,14040
20260801,豊洲,13422,相対,9673,デラウェア,山形,2,1728,－,1512
20260801,豊洲,13422,第三者販売,3749,デラウェア,山形,2,1944,1728,1512
20260801,豊洲,13422,相対,9673,デラウェア,山梨,2,－,2376,－
20260801,豊洲,13422,相対,9673,ピオーネ,山梨,0.4,648,－,594
20260801,豊洲,13422,第三者販売,3749,ピオーネ,山梨,0.4,－,594,－
20260801,豊洲,13422,相対,9673,ピオーネ,岡山,5,9720,－,8640
20260801,豊洲,13422,相対,9673,巨峰,山梨,5,7776,7560,7020
20260801,豊洲,13422,第三者販売,3749,巨峰,山梨,5,7776,7560,7020
20260801,豊洲,13422,相対,9673,巨峰,長野,0.35,918,－,594
20260803,世田谷,300,相対,300,デラウェア,山形,2,2700,－,－
20260803,世田谷,300,相対,300,巨峰,山梨,5,6480,－,－
20260803,北足立,6900,相対,6900,シャインマスカ,山梨,5,－,19440,－
20260803,北足立,6900,相対,6900,デラウェア,山形,2,2160,1944,1620
20260803,北足立,6900,相対,6900,デラウェア,山梨,2,－,2376,－
20260803,北足立,6900,相対,6900,巨峰,山梨,5,－,16200,－
20260803,多摩NT,859,相対,859,シャインマスカ,山梨,5,17280,14040,12960
20260803,多摩NT,859,相対,859,シャインマスカ,長野,5,16200,－,－
20260803,多摩NT,859,相対,859,デラウェア,山形,2,1944,1620,1296
20260803,多摩NT,859,相対,859,デラウェア,山梨,2,1944,－,－
20260803,多摩NT,859,相対,859,巨峰,山梨,5,7560,－,－
20260803,多摩NT,859,相対,859,巨峰,長野,0.35,756,－,－
20260803,大田,74414,商物分離,741,シャインマスカ,各地,5,14040,－,－
20260803,大田,74414,相対,73297,シャインマスカ,各地,5,24840,12960,7560
20260803,大田,74414,第三者販売,87,シャインマスカ,各地,5,10800,－,－
20260803,大田,74414,せり・入札,289,シャインマスカ,山梨,5,5940,－,5400
20260803,大田,74414,相対,73297,シャインマスカ,山梨,5,16200,15120,10800
20260803,大田,74414,相対,73297,シャインマスカ,長野,5,19440,15120,14040
20260803,大田,74414,相対,73297,デラウェア,山形,2,1944,1620,1080
20260803,大田,74414,相対,73297,デラウェア,山梨,2,2700,2160,1728
20260803,大田,74414,相対,73297,ピオーネ,各地,5,17280,17280,5940
20260803,大田,74414,相対,73297,ピオーネ,山梨,0.4,648,540,486
20260803,大田,74414,相対,73297,ピオーネ,岡山,5,12960,8532,6480
20260803,大田,74414,せり・入札,289,巨峰,各地,0.35,486,－,432
20260803,大田,74414,相対,73297,巨峰,各地,0.35,594,540,－
20260803,大田,74414,せり・入札,289,巨峰,山梨,5,6480,5400,－
20260803,大田,74414,相対,73297,巨峰,山梨,5,10800,7560,3780
20260803,大田,74414,相対,73297,巨峰,長野,0.35,756,－,594
20260803,板橋,600,相対,600,シャインマスカ,山梨,5,－,13500,－
20260803,淀橋,10182,相対,10182,シャインマスカ,山梨,5,18360,－,12960
20260803,淀橋,10182,相対,10182,シャインマスカ,長野,5,21600,19440,18360
20260803,淀橋,10182,相対,10182,デラウェア,山形,2,2160,1944,1728
20260803,淀橋,10182,相対,10182,ピオーネ,山梨,5,10800,－,－
20260803,淀橋,10182,相対,10182,巨峰,山梨,5,8100,－,7020
20260803,淀橋,10182,相対,10182,巨峰,長野,0.35,810,－,－
20260803,葛西,2400,相対,2400,デラウェア,各地,2,－,378,－
20260803,葛西,2400,相対,2400,巨峰,各地,0.35,－,648,－
20260803,豊島,800,相対,800,シャインマスカ,山梨,5,1188,1026,918
20260803,豊島,800,相対,800,デラウェア,山形,2,378,302,270
20260803,豊島,800,相対,800,巨峰,山梨,5,648,－,594
20260803,豊洲,16309,相対,10410,シャインマスカ,各地,5,19440,16740,12960
20260803,豊洲,16309,第三者販売,5810,シャインマスカ,各地,5,20520,16200,15120
20260803,豊洲,16309,相対,10410,シャインマスカ,山梨,5,16200,－,9180
20260803,豊洲,16309,第三者販売,5810,シャインマスカ,山梨,5,－,12960,－
20260803,豊洲,16309,相対,10410,シャインマスカ,長野,5,16200,15120,14040
20260803,豊洲,16309,第三者販売,5810,シャインマスカ,長野,5,16200,15120,14040
20260803,豊洲,16309,相対,10410,デラウェア,山形,2,1728,1512,1080
20260803,豊洲,16309,第三者販売,5810,デラウェア,山形,2,1944,1728,1512
20260803,豊洲,16309,相対,10410,デラウェア,山梨,2,1944,－,1620
20260803,豊洲,16309,相対,10410,ピオーネ,各地,5,－,16200,－
20260803,豊洲,16309,相対,10410,ピオーネ,山梨,0.4,648,－,594
20260803,豊洲,16309,相対,10410,ピオーネ,岡山,5,8640,－,5400
20260803,豊洲,16309,せり・入札,89,巨峰,山梨,5,－,5940,－
20260803,豊洲,16309,相対,10410,巨峰,山梨,5,7776,6480,5940
20260803,豊洲,16309,第三者販売,5810,巨峰,山梨,5,7560,7020,6480
20260803,豊洲,16309,相対,10410,巨峰,長野,0.35,－,756,－
20260804,世田谷,500,相対,500,デラウェア,山形,2,2700,－,－
20260804,世田谷,500,相対,500,巨峰,山梨,5,6480,－,－
20260804,北足立,5700,相対,5700,シャインマスカ,山梨,5,－,19440,－
20260804,北足立,5700,相対,5700,デラウェア,山形,2,2160,1944,1620
20260804,北足立,5700,相対,5700,デラウェア,山梨,2,－,2376,－
20260804,北足立,5700,相対,5700,巨峰,山梨,5,－,16200,－
20260804,多摩NT,1247,相対,1243,シャインマスカ,山梨,5,17280,14040,12960
20260804,多摩NT,1247,相対,1243,シャインマスカ,長野,5,16200,－,－
20260804,多摩NT,1247,相対,1243,デラウェア,山形,2,1944,1620,1296
20260804,多摩NT,1247,相対,1243,デラウェア,山梨,2,1944,－,－
20260804,多摩NT,1247,相対,1243,ピオーネ,山梨,0.4,648,－,－
20260804,多摩NT,1247,相対,1243,巨峰,山梨,5,7560,－,－
20260804,多摩NT,1247,相対,1243,巨峰,長野,0.35,756,－,－
20260804,多摩NT,1247,第三者販売,4,巨峰,長野,0.35,756,－,－
20260804,大田,73460,商物分離,720,シャインマスカ,各地,5,14040,－,－
20260804,大田,73460,相対,72440,シャインマスカ,各地,5,24840,12960,7560
20260804,大田,73460,せり・入札,248,シャインマスカ,山梨,5,7020,5400,－
20260804,大田,73460,相対,72440,シャインマスカ,山梨,5,20520,14040,9720
20260804,大田,73460,相対,72440,シャインマスカ,長野,5,19440,15120,14040
20260804,大田,73460,相対,72440,デラウェア,山形,2,1944,1620,864
20260804,大田,73460,相対,72440,デラウェア,山梨,2,2700,2160,1404
20260804,大田,73460,相対,72440,ピオーネ,各地,5,17280,16956,16200
20260804,大田,73460,相対,72440,ピオーネ,山梨,0.4,702,594,540
20260804,大田,73460,相対,72440,ピオーネ,岡山,5,14040,8856,6480
20260804,大田,73460,相対,72440,巨峰,各地,0.35,702,－,410
20260804,大田,73460,せり・入札,248,巨峰,山梨,5,3240,－,－
20260804,大田,73460,相対,72440,巨峰,山梨,5,10800,7560,3240
20260804,大田,73460,相対,72440,巨峰,長野,0.35,756,－,594
20260804,板橋,600,相対,600,デラウェア,山形,2,1620,－,－
20260804,板橋,600,相対,600,巨峰,山梨,5,7020,－,－
20260804,淀橋,9405,相対,9405,シャインマスカ,山梨,5,18360,－,12960
20260804,淀橋,9405,相対,9405,シャインマスカ,長野,5,21600,19440,18360
20260804,淀橋,9405,相対,9405,デラウェア,山形,2,2160,1944,1728
20260804,淀橋,9405,相対,9405,ピオーネ,山梨,5,10800,－,－
20260804,淀橋,9405,相対,9405,巨峰,山梨,5,8100,－,7020
20260804,淀橋,9405,相対,9405,巨峰,長野,0.35,810,－,－
20260804,葛西,2000,相対,2000,デラウェア,各地,2,－,378,－
20260804,葛西,2000,相対,2000,巨峰,各地,0.35,－,648,－
20260804,豊島,1400,相対,1400,シャインマスカ,山梨,5,1188,1080,972
20260804,豊島,1400,相対,1400,デラウェア,山形,2,324,270,216
20260804,豊洲,16348,相対,10011,シャインマスカ,各地,5,14040,－,10800
20260804,豊洲,16348,第三者販売,6117,シャインマスカ,各地,5,14040,－,12960
20260804,豊洲,16348,相対,10011,シャインマスカ,山梨,5,16200,12960,11880
20260804,豊洲,16348,第三者販売,6117,シャインマスカ,山梨,5,15120,12960,11880
20260804,豊洲,16348,相対,10011,シャインマスカ,長野,5,15660,15120,14040
20260804,豊洲,16348,第三者販売,6117,シャインマスカ,長野,5,15660,－,15120
20260804,豊洲,16348,相対,10011,デラウェア,山形,2,1944,1728,1512
20260804,豊洲,16348,第三者販売,6117,デラウェア,山形,2,1944,－,1728
20260804,豊洲,16348,相対,10011,デラウェア,山梨,2,2376,－,2160
20260804,豊洲,16348,第三者販売,6117,デラウェア,山梨,2,－,2376,－
20260804,豊洲,16348,相対,10011,ピオーネ,各地,5,－,16200,－
20260804,豊洲,16348,相対,10011,ピオーネ,山梨,0.4,－,648,－
20260804,豊洲,16348,第三者販売,6117,ピオーネ,山梨,0.4,648,－,594
20260804,豊洲,16348,相対,10011,ピオーネ,岡山,5,10800,8640,6480
20260804,豊洲,16348,せり・入札,220,巨峰,山梨,5,－,5400,－
20260804,豊洲,16348,相対,10011,巨峰,山梨,5,7776,7020,6480
20260804,豊洲,16348,第三者販売,6117,巨峰,山梨,5,7776,7560,6480
20260804,豊洲,16348,相対,10011,巨峰,長野,0.35,756,－,594
20260806,世田谷,400,相対,400,デラウェア,山形,2,2700,－,－
20260806,世田谷,400,相対,400,巨峰,山梨,5,6480,－,－
20260806,北足立,7200,相対,7200,シャインマスカ,山梨,5,－,19440,－
20260806,北足立,7200,相対,7200,デラウェア,山形,2,2160,1944,1620
20260806,北足立,7200,相対,7200,デラウェア,山梨,2,－,2376,－
20260806,北足立,7200,相対,7200,巨峰,山梨,5,－,16200,－
20260806,多摩NT,962,相対,962,シャインマスカ,山梨,5,17280,14040,12960
20260806,多摩NT,962,相対,962,シャインマスカ,長野,5,16200,－,－
20260806,多摩NT,962,相対,962,デラウェア,山形,2,1944,1620,1296
20260806,多摩NT,962,相対,962,デラウェア,山梨,2,1944,－,－
20260806,多摩NT,962,相対,962,巨峰,山梨,5,7560,－,－
20260806,多摩NT,962,相対,962,巨峰,長野,0.35,756,－,－
20260806,大田,94080,商物分離,573,シャインマスカ,各地,5,14040,－,－
20260806,大田,94080,相対,92712,シャインマスカ,各地,5,24840,14040,8100
20260806,大田,94080,第三者販売,15,シャインマスカ,各地,5,11880,－,－
20260806,大田,94080,せり・入札,780,シャインマスカ,山梨,5,7560,－,6480
20260806,大田,94080,相対,92712,シャインマスカ,山梨,5,18360,12960,8640
20260806,大田,94080,相対,92712,シャインマスカ,長野,5,19440,15120,11880
20260806,大田,94080,相対,92712,デラウェア,山形,2,1944,1620,864
20260806,大田,94080,相対,92712,デラウェア,山梨,2,2700,2160,1620
20260806,大田,94080,せり・入札,780,ピオーネ,各地,5,4320,－,－
20260806,大田,94080,相対,92712,ピオーネ,各地,5,17280,17280,5724
20260806,大田,94080,せり・入札,780,ピオーネ,山梨,0.4,486,－,378
20260806,大田,94080,相対,92712,ピオーネ,山梨,0.4,648,540,486
20260806,大田,94080,相対,92712,ピオーネ,岡山,5,12960,9504,7560
20260806,大田,94080,せり・入札,780,巨峰,各地,0.35,410,－,－
20260806,大田,94080,相対,92712,巨峰,各地,0.35,594,540,－
20260806,大田,94080,せり・入札,780,巨峰,山梨,5,4860,4320,－
20260806,大田,94080,相対,92712,巨峰,山梨,5,10800,6480,1080
20260806,大田,94080,相対,92712,巨峰,長野,0.35,756,－,594
20260806,板橋,1200,相対,1200,シャインマスカ,山梨,5,9720,－,－
20260806,板橋,1200,相対,1200,シャインマスカ,長野,5,－,14040,－
20260806,淀橋,10487,相対,10487,シャインマスカ,山梨,5,18360,－,12960
20260806,淀橋,10487,相対,10487,シャインマスカ,長野,5,19440,17280,16200
20260806,淀橋,10487,相対,10487,デラウェア,山形,2,2160,1944,1728
20260806,淀橋,10487,相対,10487,ピオーネ,山梨,5,10800,－,－
20260806,淀橋,10487,相対,10487,巨峰,山梨,5,8100,－,7020
20260806,淀橋,10487,相対,10487,巨峰,長野,0.35,810,－,－
20260806,葛西,1600,相対,1600,デラウェア,各地,2,－,378,－
20260806,葛西,1600,相対,1600,巨峰,各地,0.35,－,648,－
20260806,豊島,800,相対,800,デラウェア,山形,2,324,270,216
20260806,豊島,800,相対,800,デラウェア,山梨,2,216,－,－
20260806,豊洲,20576,相対,12844,シャインマスカ,各地,5,16740,8640,6480
20260806,豊洲,20576,第三者販売,7563,シャインマスカ,各地,5,15120,14040,12960
20260806,豊洲,20576,相対,12844,シャインマスカ,山梨,5,16200,12960,11880
20260806,豊洲,20576,第三者販売,7563,シャインマスカ,山梨,5,14040,12960,9180
20260806,豊洲,20576,相対,12844,シャインマスカ,長野,5,15660,15120,14040
20260806,豊洲,20576,第三者販売,7563,シャインマスカ,長野,5,16200,15120,14040
20260806,豊洲,20576,相対,12844,デラウェア,山形,2,1728,1512,1404
20260806,豊洲,20576,第三者販売,7563,デラウェア,山形,2,1944,－,1512
20260806,豊洲,20576,相対,12844,デラウェア,山梨,2,1944,－,1620
20260806,豊洲,20576,第三者販売,7563,デラウェア,山梨,2,－,2160,－
20260806,豊洲,20576,相対,12844,ピオーネ,各地,5,－,16200,－
20260806,豊洲,20576,相対,12844,ピオーネ,山梨,0.4,－,648,－
20260806,豊洲,20576,第三者販売,7563,ピオーネ,山梨,0.4,－,594,－
20260806,豊洲,20576,相対,12844,ピオーネ,岡山,5,9720,－,6480
20260806,豊洲,20576,せり・入札,169,巨峰,山梨,5,4320,－,3888
20260806,豊洲,20576,相対,12844,巨峰,山梨,5,7776,7020,6480
20260806,豊洲,20576,第三者販売,7563,巨峰,山梨,5,8100,7776,7020
20260806,豊洲,20576,相対,12844,巨峰,長野,0.35,810,－,594
20260806,豊洲,20576,第三者販売,7563,巨峰,長野,0.35,－,756,－
20260807,世田谷,700,相対,700,シャインマスカ,山梨,5,6480,－,－
20260807,世田谷,700,相対,700,巨峰,山梨,5,6480,－,－
20260807,北足立,8200,相対,8200,シャインマスカ,山梨,5,－,16200,－
20260807,北足立,8200,相対,8200,デラウェア,山形,2,2160,1944,1620
20260807,北足立,8200,相対,8200,デラウェア,山梨,2,2160,－,－
20260807,北足立,8200,相対,8200,巨峰,山梨,5,－,7020,－
20260807,多摩NT,1201,相対,1201,シャインマスカ,山梨,5,17280,14040,12960
20260807,多摩NT,1201,相対,1201,シャインマスカ,長野,5,16200,－,－
20260807,多摩NT,1201,相対,1201,デラウェア,山形,2,1944,1620,1296
20260807,多摩NT,1201,相対,1201,デラウェア,山梨,2,1944,－,－
20260807,多摩NT,1201,相対,1201,ピオーネ,山梨,0.4,648,－,－
20260807,多摩NT,1201,相対,1201,巨峰,山梨,5,7560,－,－
20260807,多摩NT,1201,相対,1201,巨峰,長野,0.35,756,－,－
20260807,大田,87470,相対,86201,シャインマスカ,各地,5,24840,14040,8100
20260807,大田,87470,せり・入札,759,シャインマスカ,山梨,5,8640,7560,－
20260807,大田,87470,相対,86201,シャインマスカ,山梨,5,18360,11880,8640
20260807,大田,87470,相対,86201,シャインマスカ,長野,5,19440,15120,14040
20260807,大田,87470,相対,86201,デラウェア,山形,2,1944,1620,1188
20260807,大田,87470,相対,86201,デラウェア,山梨,2,2700,2160,1404
20260807,大田,87470,相対,86201,ピオーネ,各地,5,17280,17280,5724
20260807,大田,87470,相対,86201,ピオーネ,山梨,0.4,702,540,486
20260807,大田,87470,相対,86201,ピオーネ,岡山,5,12960,9504,7560
20260807,大田,87470,せり・入札,759,巨峰,各地,0.35,356,－,324
20260807,大田,87470,相対,86201,巨峰,各地,0.35,594,－,378
20260807,大田,87470,せり・入札,759,巨峰,山梨,5,5184,4860,4320
20260807,大田,87470,相対,86201,巨峰,山梨,5,10800,6480,1080
20260807,大田,87470,相対,86201,巨峰,長野,0.35,756,－,594
20260807,板橋,2100,相対,2100,シャインマスカ,山梨,5,14040,11880,－
20260807,板橋,2100,相対,2100,デラウェア,各地,2,1620,－,－
20260807,板橋,2100,相対,2100,巨峰,山梨,5,7020,－,－
20260807,淀橋,10762,相対,10762,シャインマスカ,山梨,5,17280,－,12960
20260807,淀橋,10762,相対,10762,シャインマスカ,長野,5,19440,17280,16200
20260807,淀橋,10762,相対,10762,デラウェア,山形,2,2160,1944,1728
20260807,淀橋,10762,相対,10762,ピオーネ,山梨,5,10800,－,－
20260807,淀橋,10762,相対,10762,巨峰,山梨,5,7560,－,6480
20260807,淀橋,10762,相対,10762,巨峰,長野,0.35,810,－,－
20260807,葛西,2400,相対,2400,デラウェア,各地,2,－,378,－
20260807,葛西,2400,相対,2400,巨峰,各地,0.35,－,648,－
20260807,豊島,1100,相対,1100,シャインマスカ,長野,5,15120,－,14040
20260807,豊島,1100,相対,1100,デラウェア,山形,2,1620,－,－
20260807,豊島,1100,相対,1100,巨峰,各地,0.35,594,－,572
20260807,豊島,1100,相対,1100,巨峰,山梨,5,7560,－,7236
20260807,豊洲,19481,相対,12294,シャインマスカ,各地,5,22680,14040,11880
20260807,豊洲,19481,第三者販売,6964,シャインマスカ,各地,5,14040,11880,10800
20260807,豊洲,19481,相対,12294,シャインマスカ,山梨,5,16200,12960,11880
20260807,豊洲,19481,第三者販売,6964,シャインマスカ,山梨,5,12960,－,11880
20260807,豊洲,19481,相対,12294,シャインマスカ,長野,5,16200,15120,14040
20260807,豊洲,19481,第三者販売,6964,シャインマスカ,長野,5,－,15120,－
20260807,豊洲,19481,相対,12294,デラウェア,山形,2,1728,－,1512
20260807,豊洲,19481,第三者販売,6964,デラウェア,山形,2,1944,－,1404
20260807,豊洲,19481,相対,12294,デラウェア,山梨,2,2376,－,1620
20260807,豊洲,19481,第三者販売,6964,デラウェア,山梨,2,－,1944,－
20260807,豊洲,19481,相対,12294,ピオーネ,各地,5,－,16200,－
20260807,豊洲,19481,第三者販売,6964,ピオーネ,山梨,0.4,648,－,594
20260807,豊洲,19481,相対,12294,ピオーネ,岡山,5,8640,－,7560
20260807,豊洲,19481,相対,12294,巨峰,山梨,5,7776,7020,6480
20260807,豊洲,19481,第三者販売,6964,巨峰,山梨,5,8100,7776,7020
20260807,豊洲,19481,相対,12294,巨峰,長野,0.35,670,432,302
20260808,世田谷,900,相対,900,シャインマスカ,山梨,5,－,－,5940
20260808,世田谷,900,相対,900,デラウェア,山形,2,2700,－,－
20260808,世田谷,900,相対,900,巨峰,山梨,5,6480,－,－
20260808,北足立,9000,相対,9000,シャインマスカ,山梨,5,－,16200,－
20260808,北足立,9000,相対,9000,デラウェア,山形,2,2160,1944,1620
20260808,北足立,9000,相対,9000,デラウェア,山梨,2,2160,－,－
20260808,北足立,9000,相対,9000,巨峰,山梨,5,－,7020,－
20260808,多摩NT,2338,相対,2338,シャインマスカ,山梨,5,17280,14040,12960
20260808,多摩NT,2338,相対,2338,シャインマスカ,長野,5,16200,－,－
20260808,多摩NT,2338,相対,2338,デラウェア,山形,2,1944,1620,1296
20260808,多摩NT,2338,相対,2338,デラウェア,山梨,2,1944,－,－
20260808,多摩NT,2338,相対,2338,ピオーネ,山梨,0.4,648,－,－
20260808,多摩NT,2338,相対,2338,巨峰,山梨,5,7560,－,－
20260808,多摩NT,2338,相対,2338,巨峰,長野,0.35,756,－,－
20260808,大田,77686,商物分離,32,シャインマスカ,各地,5,14040,－,－
20260808,大田,77686,相対,76632,シャインマスカ,各地,5,21600,11880,8100
20260808,大田,77686,第三者販売,507,シャインマスカ,各地,5,10800,－,－
20260808,大田,77686,せり・入札,515,シャインマスカ,山梨,5,8640,－,7560
20260808,大田,77686,相対,76632,シャインマスカ,山梨,5,20520,11880,8640
20260808,大田,77686,相対,76632,シャインマスカ,長野,5,19440,15120,10800
20260808,大田,77686,相対,76632,デラウェア,山形,2,1944,1728,1188
20260808,大田,77686,相対,76632,デラウェア,山梨,2,2700,2160,1728
20260808,大田,77686,相対,76632,ピオーネ,各地,5,17280,16524,16200
20260808,大田,77686,相対,76632,ピオーネ,山梨,0.4,648,－,486
20260808,大田,77686,相対,76632,ピオーネ,岡山,5,14040,9720,7560
20260808,大田,77686,せり・入札,515,巨峰,各地,0.35,324,－,－
20260808,大田,77686,相対,76632,巨峰,各地,0.35,540,－,378
20260808,大田,77686,せり・入札,515,巨峰,山梨,5,4320,－,－
20260808,大田,77686,相対,76632,巨峰,山梨,5,8100,6480,3240
20260808,大田,77686,相対,76632,巨峰,長野,0.35,756,－,702
20260808,板橋,2600,相対,2485,シャインマスカ,山梨,5,10800,9720,8640
20260808,板橋,2600,第三者販売,115,シャインマスカ,山梨,5,9180,－,－
20260808,板橋,2600,相対,2485,シャインマスカ,長野,5,－,14040,－
20260808,板橋,2600,相対,2485,デラウェア,山梨,2,－,1620,－
20260808,淀橋,11351,相対,11351,シャインマスカ,山梨,5,17280,－,12960
20260808,淀橋,11351,相対,11351,シャインマスカ,長野,5,19440,17280,16200
20260808,淀橋,11351,相対,11351,デラウェア,山形,2,2160,1944,1728
20260808,淀橋,11351,相対,11351,ピオーネ,山梨,5,10800,－,－
20260808,淀橋,11351,相対,11351,巨峰,山梨,5,7560,－,6480
20260808,淀橋,11351,相対,11351,巨峰,長野,0.35,810,－,－
20260808,葛西,2600,相対,2600,デラウェア,各地,2,－,378,－
20260808,葛西,2600,相対,2600,巨峰,各地,0.35,－,648,－
20260808,豊島,1400,相対,1400,シャインマスカ,長野,5,15120,－,14040
20260808,豊島,1400,相対,1400,巨峰,各地,0.35,594,－,540
20260808,豊島,1400,相対,1400,巨峰,山梨,5,7560,－,－
20260808,豊洲,21570,相対,15127,シャインマスカ,各地,5,19440,14040,11880
20260808,豊洲,21570,第三者販売,6443,シャインマスカ,各地,5,12960,11880,10800
20260808,豊洲,21570,相対,15127,シャインマスカ,山梨,5,12960,10800,9180
20260808,豊洲,21570,第三者販売,6443,シャインマスカ,山梨,5,16200,12960,8640
20260808,豊洲,21570,相対,15127,シャインマスカ,長野,5,15660,15120,14040
20260808,豊洲,21570,第三者販売,6443,シャインマスカ,長野,5,16200,－,14580
20260808,豊洲,21570,相対,15127,デラウェア,山形,2,1728,1512,1296
20260808,豊洲,21570,第三者販売,6443,デラウェア,山形,2,1944,－,1728
20260808,豊洲,21570,相対,15127,デラウェア,山梨,2,2376,－,1620
20260808,豊洲,21570,第三者販売,6443,デラウェア,山梨,2,－,1944,－
20260808,豊洲,21570,相対,15127,ピオーネ,山梨,0.4,－,648,－
20260808,豊洲,21570,第三者販売,6443,ピオーネ,山梨,0.4,594,－,540
20260808,豊洲,21570,相対,15127,ピオーネ,岡山,5,12960,8640,7560
20260808,豊洲,21570,相対,15127,巨峰,山梨,5,7776,7020,6480
20260808,豊洲,21570,第三者販売,6443,巨峰,山梨,5,8100,7776,7020
20260808,豊洲,21570,相対,15127,巨峰,長野,0.35,756,－,432
20260810,世田谷,600,相対,600,巨峰,山梨,5,6480,－,－
20260810,北足立,8900,相対,8900,シャインマスカ,山梨,5,－,16200,－
20260810,北足立,8900,相対,8900,デラウェア,山形,2,2160,1944,1620
20260810,北足立,8900,相対,8900,デラウェア,山梨,2,2160,－,－
20260810,北足立,8900,相対,8900,巨峰,山梨,5,－,7020,－
20260810,多摩NT,2354,相対,2354,シャインマスカ,山梨,5,17280,14040,12960
20260810,多摩NT,2354,相対,2354,シャインマスカ,長野,5,16200,－,－
20260810,多摩NT,2354,相対,2354,デラウェア,山形,2,1944,1620,1296
20260810,多摩NT,2354,相対,2354,デラウェア,山梨,2,1944,－,－
20260810,多摩NT,2354,相対,2354,巨峰,山梨,5,7560,－,－
20260810,多摩NT,2354,相対,2354,巨峰,長野,0.35,756,－,－
20260810,大田,122283,相対,120087,シャインマスカ,各地,5,24840,12960,5400
20260810,大田,122283,第三者販売,125,シャインマスカ,各地,5,11880,－,－
20260810,大田,122283,せり・入札,825,シャインマスカ,山梨,5,9180,－,8640
20260810,大田,122283,相対,120087,シャインマスカ,山梨,5,18360,10800,5400
20260810,大田,122283,相対,120087,シャインマスカ,長野,5,16200,14040,10800
20260810,大田,122283,相対,120087,デラウェア,山形,2,1944,1728,1188
20260810,大田,122283,相対,120087,デラウェア,山梨,2,2160,－,1296
20260810,大田,122283,相対,120087,ピオーネ,各地,5,8640,8640,5400
20260810,大田,122283,商物分離,1246,ピオーネ,山梨,0.4,648,－,－
20260810,大田,122283,相対,120087,ピオーネ,山梨,0.4,648,540,486
20260810,大田,122283,相対,120087,ピオーネ,岡山,5,12960,10692,9720
20260810,大田,122283,せり・入札,825,巨峰,各地,0.35,378,302,270
20260810,大田,122283,相対,120087,巨峰,各地,0.35,540,－,378
20260810,大田,122283,せり・入札,825,巨峰,山梨,5,4320,－,3564
20260810,大田,122283,商物分離,1246,巨峰,山梨,5,8100,－,－
20260810,大田,122283,相対,120087,巨峰,山梨,5,8100,6480,2700
20260810,大田,122283,相対,120087,巨峰,長野,0.35,756,－,648
20260810,板橋,3800,相対,3575,シャインマスカ,山梨,5,12960,9180,8640
20260810,板橋,3800,第三者販売,225,シャインマスカ,山梨,5,9180,－,－
20260810,板橋,3800,相対,3575,デラウェア,山形,2,－,1620,－
20260810,板橋,3800,相対,3575,巨峰,山梨,5,7020,－,5940
20260810,淀橋,18393,相対,18393,シャインマスカ,山梨,5,17280,－,12960
20260810,淀橋,18393,相対,18393,シャインマスカ,長野,5,19440,17280,16200
20260810,淀橋,18393,相対,18393,デラウェア,山形,2,2160,1944,1728
20260810,淀橋,18393,相対,18393,ピオーネ,山梨,5,8640,－,－
20260810,淀橋,18393,相対,18393,巨峰,山梨,5,7560,－,6480
20260810,淀橋,18393,相対,18393,巨峰,長野,0.35,810,－,－
20260810,葛西,2200,相対,2200,デラウェア,各地,2,－,378,－
20260810,葛西,2200,相対,2200,巨峰,各地,0.35,－,648,－
20260810,豊島,1900,相対,1900,デラウェア,山形,2,1836,－,1620
20260810,豊島,1900,相対,1900,巨峰,山梨,5,7236,7020,6480
20260810,豊洲,30855,相対,23203,シャインマスカ,各地,5,16740,14040,12960
20260810,豊洲,30855,第三者販売,7627,シャインマスカ,各地,5,15120,14040,11880
20260810,豊洲,30855,商物分離,60,シャインマスカ,山梨,5,12960,12960,－
20260810,豊洲,30855,相対,23203,シャインマスカ,山梨,5,15120,12960,10800
20260810,豊洲,30855,第三者販売,7627,シャインマスカ,山梨,5,15120,14040,12960
20260810,豊洲,30855,相対,23203,シャインマスカ,長野,5,15660,15120,11880
20260810,豊洲,30855,相対,23203,デラウェア,山形,2,1728,1296,1080
20260810,豊洲,30855,第三者販売,7627,デラウェア,山形,2,1944,－,1728
20260810,豊洲,30855,相対,23203,ピオーネ,各地,5,－,16200,－
20260810,豊洲,30855,相対,23203,ピオーネ,山梨,0.4,648,－,594
20260810,豊洲,30855,第三者販売,7627,ピオーネ,山梨,0.4,－,594,－
20260810,豊洲,30855,相対,23203,ピオーネ,岡山,5,9720,－,6480
20260810,豊洲,30855,相対,23203,巨峰,山梨,5,7776,7020,6480
20260810,豊洲,30855,第三者販売,7627,巨峰,山梨,5,8100,7020,6912
20260810,豊洲,30855,相対,23203,巨峰,長野,0.35,594,－,432
20260812,世田谷,700,相対,700,巨峰,山梨,5,6480,－,－
20260812,北足立,10200,相対,10200,シャインマスカ,山梨,5,－,14040,－
20260812,北足立,10200,相対,10200,デラウェア,山形,2,1944,1728,1080
20260812,北足立,10200,相対,10200,デラウェア,山梨,2,－,1944,－
20260812,北足立,10200,相対,10200,巨峰,山梨,5,－,7020,－
20260812,多摩NT,4807,相対,4807,シャインマスカ,山梨,5,17280,14040,12960
20260812,多摩NT,4807,相対,4807,シャインマスカ,長野,5,16200,－,－
20260812,多摩NT,4807,相対,4807,デラウェア,山形,2,1944,1620,1296
20260812,多摩NT,4807,相対,4807,デラウェア,山梨,2,1944,－,－
20260812,多摩NT,4807,相対,4807,巨峰,山梨,5,7560,－,－
20260812,多摩NT,4807,相対,4807,巨峰,長野,0.35,756,－,－
20260812,大田,133388,相対,130765,シャインマスカ,各地,5,21600,11880,5400
20260812,大田,133388,第三者販売,94,シャインマスカ,各地,5,12960,10800,9720
20260812,大田,133388,相対,130765,シャインマスカ,山梨,5,20520,10800,5400
20260812,大田,133388,相対,130765,シャインマスカ,長野,5,19440,19440,9720
20260812,大田,133388,相対,130765,デラウェア,山形,2,1944,1620,1188
20260812,大田,133388,相対,130765,デラウェア,山梨,2,2376,2160,1836
20260812,大田,133388,相対,130765,ピオーネ,各地,5,8640,8640,7020
20260812,大田,133388,相対,130765,ピオーネ,山梨,0.4,648,540,486
20260812,大田,133388,相対,130765,ピオーネ,岡山,5,9720,－,－
20260812,大田,133388,せり・入札,685,巨峰,各地,0.35,378,324,－
20260812,大田,133388,相対,130765,巨峰,各地,0.35,594,－,410
20260812,大田,133388,せり・入札,685,巨峰,山梨,5,5940,3240,－
20260812,大田,133388,商物分離,1844,巨峰,山梨,5,8100,－,－
20260812,大田,133388,相対,130765,巨峰,山梨,5,8100,6480,4320
20260812,大田,133388,相対,130765,巨峰,長野,0.35,756,－,648
20260812,板橋,3300,相対,3300,シャインマスカ,山梨,5,12960,9720,9180
20260812,板橋,3300,相対,3300,デラウェア,山形,2,－,1620,－
20260812,板橋,3300,相対,3300,巨峰,山梨,5,7020,－,5940
20260812,淀橋,21236,相対,21236,シャインマスカ,山梨,5,16200,－,9720
20260812,淀橋,21236,相対,21236,シャインマスカ,長野,5,19440,17280,16200
20260812,淀橋,21236,相対,21236,デラウェア,山形,2,2160,1944,1728
20260812,淀橋,21236,相対,21236,ピオーネ,山梨,5,8100,－,－
20260812,淀橋,21236,相対,21236,巨峰,山梨,5,7020,－,5940
20260812,淀橋,21236,相対,21236,巨峰,長野,0.35,810,－,－
20260812,葛西,3700,相対,3700,デラウェア,各地,2,－,378,－
20260812,葛西,3700,相対,3700,巨峰,各地,0.35,－,648,－
20260812,豊島,1700,相対,1700,シャインマスカ,山梨,5,11880,－,－
20260812,豊島,1700,相対,1700,シャインマスカ,長野,5,15120,－,14040
20260812,豊島,1700,相対,1700,巨峰,各地,0.35,594,－,572
20260812,豊島,1700,相対,1700,巨峰,山梨,5,7344,6480,5940
20260812,豊洲,36116,相対,27879,シャインマスカ,各地,5,15120,14040,9720
20260812,豊洲,36116,第三者販売,7830,シャインマスカ,各地,5,16200,－,10800
20260812,豊洲,36116,商物分離,250,シャインマスカ,山梨,5,10800,－,9720
20260812,豊洲,36116,相対,27879,シャインマスカ,山梨,5,12960,10800,8100
20260812,豊洲,36116,第三者販売,7830,シャインマスカ,山梨,5,14040,12960,10800
20260812,豊洲,36116,相対,27879,シャインマスカ,長野,5,14580,14040,12960
20260812,豊洲,36116,第三者販売,7830,シャインマスカ,長野,5,－,14040,－
20260812,豊洲,36116,相対,27879,デラウェア,山形,2,1728,－,1512
20260812,豊洲,36116,第三者販売,7830,デラウェア,山形,2,1728,－,1512
20260812,豊洲,36116,第三者販売,7830,ピオーネ,山梨,0.4,594,－,540
20260812,豊洲,36116,せり・入札,202,巨峰,山梨,5,4860,－,3780
20260812,豊洲,36116,相対,27879,巨峰,山梨,5,7776,7020,6912
20260812,豊洲,36116,第三者販売,7830,巨峰,山梨,5,8100,－,6480
20260812,豊洲,36116,相対,27879,巨峰,長野,0.35,734,－,648
20260813,世田谷,400,相対,400,巨峰,山梨,5,5940,－,－
20260813,北足立,6500,相対,6500,シャインマスカ,山梨,5,－,14040,－
20260813,北足立,6500,相対,6500,デラウェア,山形,2,378,324,270
20260813,北足立,6500,相対,6500,巨峰,山梨,5,－,7020,－
20260813,多摩NT,2095,相対,2095,シャインマスカ,山梨,5,17280,14040,12960
20260813,多摩NT,2095,相対,2095,シャインマスカ,長野,5,16200,－,－
20260813,多摩NT,2095,相対,2095,デラウェア,山形,2,1944,1620,1296
20260813,多摩NT,2095,相対,2095,デラウェア,山梨,2,1944,－,－
20260813,多摩NT,2095,相対,2095,ピオーネ,山梨,0.4,648,－,－
20260813,多摩NT,2095,相対,2095,巨峰,山梨,5,7560,－,－
20260813,多摩NT,2095,相対,2095,巨峰,長野,0.35,756,－,－
20260813,大田,91132,相対,87075,シャインマスカ,各地,5,24840,11880,7560
20260813,大田,91132,せり・入札,734,シャインマスカ,山梨,5,7020,－,4860
20260813,大田,91132,相対,87075,シャインマスカ,山梨,5,18360,10800,5400
20260813,大田,91132,相対,87075,シャインマスカ,長野,5,19440,19440,－
20260813,大田,91132,相対,87075,デラウェア,山形,2,1944,1620,1080
20260813,大田,91132,相対,87075,デラウェア,山梨,2,2376,2160,1836
20260813,大田,91132,相対,87075,ピオーネ,各地,5,15120,15120,2700
20260813,大田,91132,商物分離,3305,ピオーネ,山梨,0.4,594,－,－
20260813,大田,91132,相対,87075,ピオーネ,山梨,0.4,594,540,432
20260813,大田,91132,相対,87075,ピオーネ,岡山,5,9720,－,－
20260813,大田,91132,相対,87075,巨峰,各地,0.35,486,－,410
20260813,大田,91132,商物分離,3305,巨峰,山梨,5,8100,7744,7020
20260813,大田,91132,相対,87075,巨峰,山梨,5,8640,6480,3240
20260813,大田,91132,相対,87075,巨峰,長野,0.35,756,－,648
20260813,板橋,2300,相対,2300,シャインマスカ,山梨,5,12960,8640,8100
20260813,板橋,2300,相対,2300,巨峰,山梨,5,7020,－,－
20260813,淀橋,17288,相対,17288,シャインマスカ,山梨,5,16200,－,9720
20260813,淀橋,17288,相対,17288,シャインマスカ,長野,5,16200,－,14040
20260813,淀橋,17288,相対,17288,デラウェア,山形,2,2160,1944,1728
20260813,淀橋,17288,相対,17288,ピオーネ,山梨,5,8100,－,－
20260813,淀橋,17288,相対,17288,巨峰,山梨,5,7020,－,5940
20260813,淀橋,17288,相対,17288,巨峰,長野,0.35,756,－,－
20260813,葛西,2700,相対,2700,デラウェア,各地,2,－,378,－
20260813,葛西,2700,相対,2700,巨峰,各地,0.35,－,648,－
20260813,豊島,1600,相対,1600,シャインマスカ,山梨,5,10800,－,9720
20260813,豊島,1600,相対,1600,シャインマスカ,長野,5,15120,－,14040
20260813,豊島,1600,相対,1600,巨峰,各地,0.35,594,－,572
20260813,豊島,1600,相対,1600,巨峰,山梨,5,7344,－,6480
20260813,豊洲,22405,相対,18004,シャインマスカ,各地,5,16740,12960,9720
20260813,豊洲,22405,第三者販売,4304,シャインマスカ,各地,5,21600,－,9720
20260813,豊洲,22405,相対,18004,シャインマスカ,山梨,5,12960,10800,9720
20260813,豊洲,22405,第三者販売,4304,シャインマスカ,山梨,5,10800,－,9720
20260813,豊洲,22405,相対,18004,シャインマスカ,長野,5,14580,14040,11880
20260813,豊洲,22405,第三者販売,4304,シャインマスカ,長野,5,14580,－,14040
20260813,豊洲,22405,相対,18004,デラウェア,山形,2,1728,1512,1080
20260813,豊洲,22405,第三者販売,4304,デラウェア,山形,2,1944,－,1728
20260813,豊洲,22405,相対,18004,ピオーネ,各地,5,－,5400,－
20260813,豊洲,22405,相対,18004,ピオーネ,山梨,0.4,648,－,594
20260813,豊洲,22405,相対,18004,ピオーネ,岡山,5,－,7560,－
20260813,豊洲,22405,せり・入札,97,巨峰,山梨,5,－,5940,－
20260813,豊洲,22405,相対,18004,巨峰,山梨,5,7776,7020,6480
20260813,豊洲,22405,第三者販売,4304,巨峰,山梨,5,7776,7020,6480
20260813,豊洲,22405,相対,18004,巨峰,長野,0.35,734,－,648
20260817,世田谷,700,相対,700,シャインマスカ,山梨,5,10800,－,－
20260817,世田谷,700,相対,700,巨峰,山梨,5,－,5400,－
20260817,北足立,5100,相対,5100,シャインマスカ,山梨,5,11880,－,－
20260817,北足立,5100,相対,5100,デラウェア,山形,2,1944,1728,1080
20260817,北足立,5100,相対,5100,デラウェア,山梨,2,1944,－,－
20260817,北足立,5100,相対,5100,巨峰,山梨,5,7020,－,－
20260817,多摩NT,1373,相対,1373,シャインマスカ,山梨,5,17280,14040,12960
20260817,多摩NT,1373,相対,1373,シャインマスカ,長野,5,16200,－,－
20260817,多摩NT,1373,相対,1373,デラウェア,山形,2,1944,1620,1296
20260817,多摩NT,1373,相対,1373,デラウェア,山梨,2,1944,－,－
20260817,多摩NT,1373,相対,1373,巨峰,山梨,5,7560,－,－
20260817,多摩NT,1373,相対,1373,巨峰,長野,0.35,756,－,－
20260817,大田,97796,相対,94096,シャインマスカ,各地,5,19440,10800,6480
20260817,大田,97796,せり・入札,988,シャインマスカ,山梨,5,8100,－,7560
20260817,大田,97796,商物分離,2584,シャインマスカ,山梨,5,14040,－,－
20260817,大田,97796,相対,94096,シャインマスカ,山梨,5,20520,9720,4320
20260817,大田,97796,相対,94096,シャインマスカ,長野,5,16200,16200,7560
20260817,大田,97796,相対,94096,デラウェア,山形,2,1836,1512,1296
20260817,大田,97796,相対,94096,デラウェア,山梨,2,2376,2160,1620
20260817,大田,97796,相対,94096,ピオーネ,各地,5,8640,8640,5076
20260817,大田,97796,相対,94096,ピオーネ,山梨,0.4,594,540,486
20260817,大田,97796,相対,94096,ピオーネ,岡山,5,8640,6588,6480
20260817,大田,97796,相対,94096,巨峰,各地,0.35,540,－,410
20260817,大田,97796,せり・入札,988,巨峰,山梨,5,7020,5400,－
20260817,大田,97796,相対,94096,巨峰,山梨,5,7020,6480,4320
20260817,大田,97796,相対,94096,巨峰,長野,0.35,702,－,594
20260817,板橋,3500,相対,3370,シャインマスカ,山梨,5,9720,9180,8100
20260817,板橋,3500,第三者販売,130,シャインマスカ,山梨,5,8100,－,－
20260817,板橋,3500,相対,3370,巨峰,山梨,5,7020,－,6480
20260817,板橋,3500,第三者販売,130,巨峰,山梨,5,5940,－,－
20260817,淀橋,13731,相対,13731,シャインマスカ,山梨,5,12960,－,8640
20260817,淀橋,13731,相対,13731,シャインマスカ,長野,5,14040,－,12960
20260817,淀橋,13731,相対,13731,デラウェア,山形,2,2160,1944,1728
20260817,淀橋,13731,相対,13731,ピオーネ,山梨,5,8100,－,－
20260817,淀橋,13731,相対,13731,巨峰,山梨,5,7020,－,5940
20260817,淀橋,13731,相対,13731,巨峰,長野,0.35,756,－,－
20260817,葛西,1900,相対,1900,デラウェア,各地,2,－,378,－
20260817,葛西,1900,相対,1900,巨峰,各地,0.35,－,540,－
20260817,豊島,1700,相対,1700,シャインマスカ,山梨,5,10800,－,9720
20260817,豊島,1700,相対,1700,シャインマスカ,長野,5,15120,－,14040
20260817,豊島,1700,相対,1700,巨峰,各地,0.35,594,－,－
20260817,豊島,1700,相対,1700,巨峰,山梨,5,6804,－,－
20260817,豊洲,26038,相対,19394,シャインマスカ,各地,5,10800,8640,6480
20260817,豊洲,26038,第三者販売,6276,シャインマスカ,各地,5,9720,－,8640
20260817,豊洲,26038,せり・入札,218,シャインマスカ,山梨,5,－,8100,－
20260817,豊洲,26038,相対,19394,シャインマスカ,山梨,5,9720,8640,5940
20260817,豊洲,26038,第三者販売,6276,シャインマスカ,山梨,5,10800,8640,4320
20260817,豊洲,26038,相対,19394,シャインマスカ,長野,5,14040,12960,10800
20260817,豊洲,26038,第三者販売,6276,シャインマスカ,長野,5,－,14040,－
20260817,豊洲,26038,相対,19394,デラウェア,山形,2,－,1512,－
20260817,豊洲,26038,第三者販売,6276,デラウェア,山形,2,1728,1188,972
20260817,豊洲,26038,相対,19394,ピオーネ,山梨,0.4,648,－,594
20260817,豊洲,26038,第三者販売,6276,ピオーネ,山梨,0.4,594,－,540
20260817,豊洲,26038,せり・入札,218,巨峰,山梨,5,6480,－,5400
20260817,豊洲,26038,商物分離,150,巨峰,山梨,5,－,6480,－
20260817,豊洲,26038,相対,19394,巨峰,山梨,5,7020,6480,5940
20260817,豊洲,26038,第三者販売,6276,巨峰,山梨,5,7020,6480,5940
20260817,豊洲,26038,相対,19394,巨峰,長野,0.35,648,－,400
20260818,世田谷,700,相対,700,シャインマスカ,各地,5,15120,－,－
20260818,世田谷,700,相対,700,シャインマスカ,山梨,5,10800,－,－
20260818,世田谷,700,相対,700,巨峰,山梨,5,－,5400,－
20260818,北足立,9200,相対,8400,シャインマスカ,山梨,5,11880,－,－
20260818,北足立,9200,商物分離,800,デラウェア,山形,0.35,378,356,324
20260818,北足立,9200,相対,8400,デラウェア,山形,2,1944,1728,1080
20260818,北足立,9200,相対,8400,デラウェア,山梨,2,1944,－,－
20260818,北足立,9200,相対,8400,巨峰,山梨,5,7020,－,－
20260818,多摩NT,768,相対,768,シャインマスカ,山梨,5,17280,14040,12960
20260818,多摩NT,768,相対,768,シャインマスカ,長野,5,16200,－,－
20260818,多摩NT,768,相対,768,デラウェア,山形,2,1944,1620,1296
20260818,多摩NT,768,相対,768,デラウェア,山梨,2,1944,－,－
20260818,多摩NT,768,相対,768,巨峰,山梨,5,7560,－,－
20260818,多摩NT,768,相対,768,巨峰,長野,0.35,756,－,－
20260818,大田,89943,せり・入札,1046,シャインマスカ,各地,5,21600,－,－
20260818,大田,89943,相対,88587,シャインマスカ,各地,5,21600,10800,6480
20260818,大田,89943,第三者販売,40,シャインマスカ,各地,5,12960,－,－
20260818,大田,89943,せり・入札,1046,シャインマスカ,山梨,5,10800,8640,8100
20260818,大田,89943,商物分離,270,シャインマスカ,山梨,5,10800,－,－
20260818,大田,89943,相対,88587,シャインマスカ,山梨,5,16200,9720,4320
20260818,大田,89943,相対,88587,シャインマスカ,長野,5,17280,17280,8100
20260818,大田,89943,相対,88587,デラウェア,山形,2,1836,1512,1080
20260818,大田,89943,相対,88587,デラウェア,山梨,2,2376,2160,1620
20260818,大田,89943,せり・入札,1046,ピオーネ,各地,5,6480,－,5940
20260818,大田,89943,相対,88587,ピオーネ,各地,5,14040,14040,4320
20260818,大田,89943,せり・入札,1046,ピオーネ,山梨,0.4,432,－,－
20260818,大田,89943,相対,88587,ピオーネ,山梨,0.4,594,540,432
20260818,大田,89943,相対,88587,ピオーネ,岡山,5,10800,6048,5400
20260818,大田,89943,せり・入札,1046,巨峰,各地,0.35,540,－,486
20260818,大田,89943,相対,88587,巨峰,各地,0.35,540,－,410
20260818,大田,89943,せり・入札,1046,巨峰,山梨,5,5940,－,5400
20260818,大田,89943,相対,88587,巨峰,山梨,5,7020,6480,4860
20260818,大田,89943,相対,88587,巨峰,長野,0.35,702,－,594
20260818,板橋,3300,相対,3010,シャインマスカ,山梨,5,9720,8640,7560
20260818,板橋,3300,第三者販売,290,シャインマスカ,山梨,5,8100,－,7560
20260818,板橋,3300,相対,3010,巨峰,山梨,5,7020,－,6480
20260818,淀橋,13501,相対,13501,シャインマスカ,山梨,5,12960,－,8640
20260818,淀橋,13501,相対,13501,シャインマスカ,長野,5,14040,－,12960
20260818,淀橋,13501,相対,13501,デラウェア,山形,2,2160,1944,1728
20260818,淀橋,13501,相対,13501,ピオーネ,山梨,5,8100,－,－
20260818,淀橋,13501,相対,13501,巨峰,山梨,5,7020,－,5940
20260818,淀橋,13501,相対,13501,巨峰,長野,0.35,756,－,－
20260818,葛西,2600,相対,2600,デラウェア,各地,2,－,378,－
20260818,葛西,2600,相対,2600,巨峰,各地,0.35,－,540,－
20260818,豊島,1300,相対,1300,シャインマスカ,山梨,5,9720,－,－
20260818,豊島,1300,相対,1300,シャインマスカ,長野,5,15120,－,14040
20260818,豊島,1300,相対,1300,巨峰,各地,0.35,594,－,572
20260818,豊島,1300,相対,1300,巨峰,山梨,5,6804,－,－
20260818,豊洲,21964,相対,18102,シャインマスカ,各地,5,19440,10800,8640
20260818,豊洲,21964,第三者販売,3647,シャインマスカ,各地,5,12960,－,10800
20260818,豊洲,21964,せり・入札,215,シャインマスカ,山梨,5,9720,－,7560
20260818,豊洲,21964,相対,18102,シャインマスカ,山梨,5,9720,8640,7560
20260818,豊洲,21964,第三者販売,3647,シャインマスカ,山梨,5,9720,8640,7560
20260818,豊洲,21964,相対,18102,シャインマスカ,長野,5,14040,10800,9720
20260818,豊洲,21964,第三者販売,3647,シャインマスカ,長野,5,－,12960,－
20260818,豊洲,21964,相対,18102,デラウェア,山形,2,1728,1512,1080
20260818,豊洲,21964,第三者販売,3647,デラウェア,山形,2,－,1728,－
20260818,豊洲,21964,相対,18102,ピオーネ,各地,5,－,9720,－
20260818,豊洲,21964,相対,18102,ピオーネ,山梨,0.4,648,594,540
20260818,豊洲,21964,第三者販売,3647,ピオーネ,山梨,0.4,－,594,－
20260818,豊洲,21964,せり・入札,215,巨峰,山梨,5,7020,4860,4320
20260818,豊洲,21964,相対,18102,巨峰,山梨,5,7020,6480,5940
20260818,豊洲,21964,第三者販売,3647,巨峰,山梨,5,6480,－,5940
20260818,豊洲,21964,相対,18102,巨峰,長野,0.35,702,－,540
20260820,世田谷,800,相対,800,シャインマスカ,山梨,5,10800,－,－
20260820,世田谷,800,相対,800,巨峰,山梨,5,－,5400,－
20260820,北足立,9400,相対,8600,シャインマスカ,山梨,5,11880,－,－
20260820,北足立,9400,商物分離,800,デラウェア,山形,0.35,378,356,324
20260820,北足立,9400,相対,8600,デラウェア,山形,2,1944,1728,1080
20260820,北足立,9400,相対,8600,巨峰,山梨,5,7020,－,－
20260820,多摩NT,576,相対,572,シャインマスカ,山梨,5,17280,14040,12960
20260820,多摩NT,576,相対,572,シャインマスカ,長野,5,16200,－,－
20260820,多摩NT,576,第三者販売,4,シャインマスカ,長野,5,16200,－,－
20260820,多摩NT,576,相対,572,デラウェア,山形,2,1944,1620,1296
20260820,多摩NT,576,相対,572,デラウェア,山梨,2,1944,－,－
20260820,多摩NT,576,相対,572,ピオーネ,山梨,0.4,648,－,－
20260820,多摩NT,576,相対,572,巨峰,山梨,5,7560,－,－
20260820,多摩NT,576,相対,572,巨峰,長野,0.35,756,－,－
20260820,大田,108422,せり・入札,1344,シャインマスカ,各地,5,21600,－,－
20260820,大田,108422,相対,106194,シャインマスカ,各地,5,19440,9720,5400
20260820,大田,108422,第三者販売,20,シャインマスカ,各地,5,16200,15120,12960
20260820,大田,108422,せり・入札,1344,シャインマスカ,山梨,5,9720,8640,8100
20260820,大田,108422,商物分離,864,シャインマスカ,山梨,5,9720,－,－
20260820,大田,108422,相対,106194,シャインマスカ,山梨,5,14040,9720,5400
20260820,大田,108422,相対,106194,シャインマスカ,長野,5,15120,11880,10800
20260820,大田,108422,相対,106194,デラウェア,山形,2,1836,1512,864
20260820,大田,108422,相対,106194,デラウェア,山梨,2,1620,－,1080
20260820,大田,108422,せり・入札,1344,ピオーネ,各地,5,7020,－,6480
20260820,大田,108422,相対,106194,ピオーネ,各地,5,8640,8640,4320
20260820,大田,108422,相対,106194,ピオーネ,山梨,0.4,648,540,432
20260820,大田,108422,相対,106194,ピオーネ,岡山,5,10800,6372,4860
20260820,大田,108422,相対,106194,巨峰,各地,0.35,540,－,410
20260820,大田,108422,せり・入札,1344,巨峰,山梨,5,6264,5940,5400
20260820,大田,108422,相対,106194,巨峰,山梨,5,7020,－,4320
20260820,大田,108422,相対,106194,巨峰,長野,0.35,702,－,540
20260820,板橋,3400,相対,2985,シャインマスカ,山梨,5,9720,8100,7020
20260820,板橋,3400,第三者販売,415,シャインマスカ,山梨,5,8640,－,7560
20260820,板橋,3400,相対,2985,巨峰,山梨,5,7020,－,6480
20260820,板橋,3400,第三者販売,415,巨峰,山梨,5,7020,－,6480
20260820,淀橋,17281,相対,17281,シャインマスカ,山梨,5,10800,－,7560
20260820,淀橋,17281,相対,17281,シャインマスカ,長野,5,14040,－,12960
20260820,淀橋,17281,相対,17281,デラウェア,山形,2,2160,1944,1728
20260820,淀橋,17281,相対,17281,ピオーネ,山梨,5,8100,－,－
20260820,淀橋,17281,相対,17281,巨峰,山梨,5,7020,－,5940
20260820,淀橋,17281,相対,17281,巨峰,長野,0.35,756,－,－
20260820,葛西,2900,相対,2900,デラウェア,各地,2,－,378,－
20260820,葛西,2900,相対,2900,巨峰,各地,0.35,－,540,－
20260820,豊島,2100,相対,2100,シャインマスカ,山梨,5,11880,－,9720
20260820,豊島,2100,相対,2100,シャインマスカ,長野,5,12960,－,－
20260820,豊島,2100,相対,2100,デラウェア,山形,0.33,302,270,238
20260820,豊島,2100,相対,2100,巨峰,各地,0.35,594,－,－
20260820,豊島,2100,相対,2100,巨峰,山梨,5,7128,6804,6480
20260820,豊洲,27832,相対,18814,シャインマスカ,各地,5,13500,10800,9720
20260820,豊洲,27832,第三者販売,8805,シャインマスカ,各地,5,12960,10800,9720
20260820,豊洲,27832,せり・入札,213,シャインマスカ,山梨,5,－,9720,－
20260820,豊洲,27832,相対,18814,シャインマスカ,山梨,5,9720,8640,7560
20260820,豊洲,27832,第三者販売,8805,シャインマスカ,山梨,5,9720,8640,7560
20260820,豊洲,27832,相対,18814,シャインマスカ,長野,5,15120,11880,10260
20260820,豊洲,27832,第三者販売,8805,シャインマスカ,長野,5,14040,－,11880
20260820,豊洲,27832,相対,18814,デラウェア,山形,2,1728,1512,1080
20260820,豊洲,27832,第三者販売,8805,デラウェア,山形,2,－,1728,－
20260820,豊洲,27832,相対,18814,ピオーネ,山梨,0.4,626,－,540
20260820,豊洲,27832,第三者販売,8805,ピオーネ,山梨,0.4,－,594,－
20260820,豊洲,27832,せり・入札,213,巨峰,山梨,5,6480,－,4860
20260820,豊洲,27832,相対,18814,巨峰,山梨,5,7020,6480,5940
20260820,豊洲,27832,第三者販売,8805,巨峰,山梨,5,7020,6480,5940
20260820,豊洲,27832,相対,18814,巨峰,長野,0.35,734,－,518
20260821,世田谷,700,相対,700,シャインマスカ,山梨,5,9720,－,－
20260821,世田谷,700,相対,700,巨峰,山梨,5,－,4860,－
20260821,北足立,7700,相対,7700,シャインマスカ,山梨,5,11880,－,－
20260821,北足立,7700,相対,7700,デラウェア,山形,2,1944,1728,1080
20260821,北足立,7700,相対,7700,巨峰,山梨,5,7020,－,－
20260821,多摩NT,848,相対,848,シャインマスカ,山梨,5,17280,14040,12960
20260821,多摩NT,848,相対,848,シャインマスカ,長野,5,16200,－,－
20260821,多摩NT,848,相対,848,デラウェア,山形,2,1944,1620,1296
20260821,多摩NT,848,相対,848,デラウェア,山梨,2,1944,－,－
20260821,多摩NT,848,相対,848,ピオーネ,山梨,0.4,648,－,－
20260821,多摩NT,848,相対,848,巨峰,山梨,5,7560,－,－
20260821,多摩NT,848,相対,848,巨峰,長野,0.35,756,－,－
20260821,大田,93928,相対,91879,シャインマスカ,各地,5,19440,10800,5400
20260821,大田,93928,第三者販売,30,シャインマスカ,各地,5,12960,－,－
20260821,大田,93928,せり・入札,1071,シャインマスカ,山梨,5,16200,6480,5400
20260821,大田,93928,商物分離,948,シャインマスカ,山梨,5,9720,－,－
20260821,大田,93928,相対,91879,シャインマスカ,山梨,5,16200,9720,5940
20260821,大田,93928,相対,91879,シャインマスカ,長野,5,15120,11880,10800
20260821,大田,93928,相対,91879,デラウェア,山形,2,1944,1512,864
20260821,大田,93928,相対,91879,デラウェア,山梨,2,1620,－,－
20260821,大田,93928,せり・入札,1071,ピオーネ,各地,5,7020,5400,4860
20260821,大田,93928,相対,91879,ピオーネ,各地,5,14040,13068,11880
20260821,大田,93928,商物分離,948,ピオーネ,山梨,0.4,594,－,－
20260821,大田,93928,相対,91879,ピオーネ,山梨,0.4,648,540,432
20260821,大田,93928,相対,91879,ピオーネ,岡山,5,10800,6588,4860
20260821,大田,93928,せり・入札,1071,巨峰,各地,0.35,486,378,－
20260821,大田,93928,相対,91879,巨峰,各地,0.35,540,－,378
20260821,大田,93928,せり・入札,1071,巨峰,山梨,5,5400,－,4860
20260821,大田,93928,相対,91879,巨峰,山梨,5,7020,－,4320
20260821,大田,93928,相対,91879,巨峰,長野,0.35,702,－,540
20260821,板橋,2700,相対,2210,シャインマスカ,山梨,5,8640,7560,7020
20260821,板橋,2700,第三者販売,490,シャインマスカ,山梨,5,8100,－,7560
20260821,板橋,2700,相対,2210,ピオーネ,山梨,5,5940,5400,4860
20260821,板橋,2700,相対,2210,巨峰,山梨,5,7020,－,6480
20260821,板橋,2700,第三者販売,490,巨峰,山梨,5,6480,－,－
20260821,淀橋,14127,相対,14127,シャインマスカ,山梨,5,10800,－,7560
20260821,淀橋,14127,相対,14127,シャインマスカ,長野,5,14040,－,12960
20260821,淀橋,14127,相対,14127,デラウェア,山形,2,2160,1944,1728
20260821,淀橋,14127,相対,14127,ピオーネ,山梨,5,8100,－,－
20260821,淀橋,14127,相対,14127,巨峰,山梨,5,7020,－,5940
20260821,淀橋,14127,相対,14127,巨峰,長野,0.35,756,－,－
20260821,葛西,2800,相対,2800,デラウェア,各地,2,－,378,－
20260821,葛西,2800,相対,2800,巨峰,各地,0.35,－,540,－
20260821,豊島,2300,相対,2300,シャインマスカ,山梨,5,11880,－,9720
20260821,豊島,2300,相対,2300,シャインマスカ,長野,5,12960,－,－
20260821,豊島,2300,相対,2300,デラウェア,山形,0.33,302,270,216
20260821,豊島,2300,相対,2300,ピオーネ,山梨,5,7020,6804,6480
20260821,豊島,2300,相対,2300,巨峰,各地,0.35,594,－,－
20260821,豊島,2300,相対,2300,巨峰,山梨,5,7020,6804,6480
20260821,豊洲,28723,相対,21440,シャインマスカ,各地,5,19440,10800,8640
20260821,豊洲,28723,第三者販売,6801,シャインマスカ,各地,5,19440,14040,10800
20260821,豊洲,28723,せり・入札,282,シャインマスカ,山梨,5,9720,－,7560
20260821,豊洲,28723,商物分離,200,シャインマスカ,山梨,5,－,9180,－
20260821,豊洲,28723,相対,21440,シャインマスカ,山梨,5,9720,8640,7560
20260821,豊洲,28723,第三者販売,6801,シャインマスカ,山梨,5,11880,9720,8640
20260821,豊洲,28723,相対,21440,シャインマスカ,長野,5,12960,11880,10800
20260821,豊洲,28723,第三者販売,6801,シャインマスカ,長野,5,14040,－,11880
20260821,豊洲,28723,相対,21440,デラウェア,山形,2,1728,－,1512
20260821,豊洲,28723,第三者販売,6801,デラウェア,山形,2,1944,972,756
20260821,豊洲,28723,相対,21440,ピオーネ,各地,5,－,6480,－
20260821,豊洲,28723,相対,21440,ピオーネ,山梨,0.4,648,594,540
20260821,豊洲,28723,第三者販売,6801,ピオーネ,山梨,0.4,－,594,－
20260821,豊洲,28723,せり・入札,282,巨峰,山梨,5,5400,－,4320
20260821,豊洲,28723,相対,21440,巨峰,山梨,5,7020,6480,5940
20260821,豊洲,28723,第三者販売,6801,巨峰,山梨,5,7020,6480,5400
20260821,豊洲,28723,相対,21440,巨峰,長野,0.35,713,－,518
20260822,世田谷,1000,相対,1000,シャインマスカ,山梨,5,9720,－,－
20260822,北足立,11000,相対,10300,シャインマスカ,各地,5,8640,－,－
20260822,北足立,11000,相対,10300,シャインマスカ,山梨,5,11880,－,－
20260822,北足立,11000,商物分離,700,デラウェア,山形,0.35,378,346,335
20260822,北足立,11000,相対,10300,デラウェア,山形,2,1944,1728,1080
20260822,北足立,11000,相対,10300,ピオーネ,山梨,5,－,7020,－
20260822,北足立,11000,相対,10300,巨峰,山梨,5,7020,－,－
20260822,多摩NT,1715,相対,1711,シャインマスカ,山梨,5,17280,14040,12960
20260822,多摩NT,1715,相対,1711,シャインマスカ,長野,5,16200,－,－
20260822,多摩NT,1715,相対,1711,デラウェア,山形,2,1944,1620,1296
20260822,多摩NT,1715,第三者販売,4,デラウェア,山形,2,1944,1620,1296
20260822,多摩NT,1715,相対,1711,デラウェア,山梨,2,1944,－,－
20260822,多摩NT,1715,第三者販売,4,デラウェア,山梨,2,1944,－,－
20260822,多摩NT,1715,相対,1711,ピオーネ,山梨,0.4,648,－,－
20260822,多摩NT,1715,相対,1711,巨峰,山梨,5,7560,－,－
20260822,多摩NT,1715,相対,1711,巨峰,長野,0.35,756,－,－
20260822,大田,105251,相対,103221,シャインマスカ,各地,5,19440,10800,5400
20260822,大田,105251,せり・入札,1796,シャインマスカ,山梨,5,16200,8100,7560
20260822,大田,105251,相対,103221,シャインマスカ,山梨,5,14040,9720,4320
20260822,大田,105251,相対,103221,シャインマスカ,長野,5,15120,11880,8640
20260822,大田,105251,相対,103221,デラウェア,山形,2,1944,1512,864
20260822,大田,105251,相対,103221,デラウェア,山梨,2,1836,1836,1080
20260822,大田,105251,せり・入札,1796,ピオーネ,各地,5,5400,4860,－
20260822,大田,105251,相対,103221,ピオーネ,各地,5,8640,8640,4536
20260822,大田,105251,相対,103221,ピオーネ,山梨,0.4,648,540,486
20260822,大田,105251,相対,103221,ピオーネ,岡山,5,10800,6480,4860
20260822,大田,105251,相対,103221,巨峰,各地,0.35,540,－,378
20260822,大田,105251,せり・入札,1796,巨峰,山梨,5,5400,4320,－
20260822,大田,105251,相対,103221,巨峰,山梨,5,8100,6480,4320
20260822,大田,105251,相対,103221,巨峰,長野,0.35,756,－,540
20260822,板橋,3600,相対,3550,シャインマスカ,山梨,5,8100,7560,7020
20260822,板橋,3600,第三者販売,50,シャインマスカ,山梨,5,7560,－,7020
20260822,板橋,3600,相対,3550,ピオーネ,山梨,5,5400,－,4860
20260822,板橋,3600,相対,3550,巨峰,山梨,5,6696,－,6480
20260822,淀橋,15634,相対,15634,シャインマスカ,山梨,5,10800,－,7560
20260822,淀橋,15634,相対,15634,シャインマスカ,長野,5,14040,－,12960
20260822,淀橋,15634,相対,15634,デラウェア,山形,2,2160,1944,1728
20260822,淀橋,15634,相対,15634,ピオーネ,山梨,5,8100,－,－
20260822,淀橋,15634,相対,15634,巨峰,山梨,5,7020,－,5940
20260822,淀橋,15634,相対,15634,巨峰,長野,0.35,756,－,－
20260822,葛西,3400,相対,3400,デラウェア,各地,2,－,378,－
20260822,葛西,3400,相対,3400,巨峰,各地,0.35,－,540,－
20260822,豊島,2200,相対,2200,シャインマスカ,山梨,5,9720,9180,8640
20260822,豊島,2200,相対,2200,シャインマスカ,長野,5,12960,－,－
20260822,豊島,2200,相対,2200,デラウェア,山形,0.33,302,216,130
20260822,豊島,2200,相対,2200,ピオーネ,山梨,5,7020,－,6480
20260822,豊島,2200,相対,2200,巨峰,各地,0.35,594,－,－
20260822,豊島,2200,相対,2200,巨峰,山梨,5,6804,6480,5400
20260822,豊洲,30480,相対,23777,シャインマスカ,各地,5,14040,10800,8640
20260822,豊洲,30480,第三者販売,6503,シャインマスカ,各地,5,12960,－,9720
20260822,豊洲,30480,商物分離,200,シャインマスカ,山梨,5,－,9180,－
20260822,豊洲,30480,相対,23777,シャインマスカ,山梨,5,9720,8640,7560
20260822,豊洲,30480,第三者販売,6503,シャインマスカ,山梨,5,11880,9720,8640
20260822,豊洲,30480,相対,23777,シャインマスカ,長野,5,10800,10260,7560
20260822,豊洲,30480,第三者販売,6503,シャインマスカ,長野,5,－,10260,－
20260822,豊洲,30480,相対,23777,デラウェア,山形,2,1728,972,756
20260822,豊洲,30480,第三者販売,6503,デラウェア,山形,2,－,1728,－
20260822,豊洲,30480,相対,23777,ピオーネ,各地,5,－,6480,－
20260822,豊洲,30480,相対,23777,ピオーネ,山梨,0.4,648,－,594
20260822,豊洲,30480,第三者販売,6503,ピオーネ,山梨,0.4,594,－,540
20260822,豊洲,30480,相対,23777,ピオーネ,岡山,5,6480,－,3240
20260822,豊洲,30480,相対,23777,巨峰,山梨,5,7344,6480,5940
20260822,豊洲,30480,第三者販売,6503,巨峰,山梨,5,7020,－,4320
20260822,豊洲,30480,相対,23777,巨峰,長野,0.35,648,540,378
20260824,世田谷,700,相対,700,シャインマスカ,山梨,5,8640,－,－
20260824,世田谷,700,相対,700,巨峰,山梨,5,6480,－,－
20260824,北足立,9600,相対,9600,シャインマスカ,各地,5,8640,7560,－
20260824,北足立,9600,相対,9600,シャインマスカ,山梨,5,－,8640,－
20260824,北足立,9600,相対,9600,デラウェア,山形,2,1944,1728,1080
20260824,北足立,9600,相対,9600,ピオーネ,山梨,5,－,6480,－
20260824,北足立,9600,相対,9600,巨峰,山梨,5,－,5940,－
20260824,多摩NT,1015,相対,1015,シャインマスカ,山梨,5,17280,14040,12960
20260824,多摩NT,1015,相対,1015,シャインマスカ,長野,5,16200,－,－
20260824,多摩NT,1015,相対,1015,デラウェア,山形,2,1944,1620,1296
20260824,多摩NT,1015,相対,1015,デラウェア,山梨,2,1944,－,－
20260824,多摩NT,1015,相対,1015,巨峰,山梨,5,7560,－,－
20260824,多摩NT,1015,相対,1015,巨峰,長野,0.35,756,－,－
20260824,大田,114210,相対,111628,シャインマスカ,各地,5,19440,9720,4860
20260824,大田,114210,せり・入札,1694,シャインマスカ,山梨,5,16200,6480,5400
20260824,大田,114210,商物分離,650,シャインマスカ,山梨,5,9180,－,－
20260824,大田,114210,相対,111628,シャインマスカ,山梨,5,16200,8640,4320
20260824,大田,114210,相対,111628,シャインマスカ,長野,5,15120,10800,10260
20260824,大田,114210,相対,111628,デラウェア,山形,2,1944,1512,864
20260824,大田,114210,相対,111628,デラウェア,山梨,2,1836,－,1620
20260824,大田,114210,せり・入札,1694,ピオーネ,各地,5,5940,5400,－
20260824,大田,114210,相対,111628,ピオーネ,各地,5,7560,7560,3780
20260824,大田,114210,相対,111628,ピオーネ,山梨,0.4,648,540,324
20260824,大田,114210,相対,111628,ピオーネ,岡山,5,10800,6696,5400
20260824,大田,114210,相対,111628,巨峰,各地,0.35,486,－,378
20260824,大田,114210,せり・入札,1694,巨峰,山梨,5,5400,4320,－
20260824,大田,114210,相対,111628,巨峰,山梨,5,7560,6480,4320
20260824,大田,114210,相対,111628,巨峰,長野,0.35,702,－,486
20260824,板橋,4100,相対,3835,シャインマスカ,山梨,5,8640,7560,7020
20260824,板橋,4100,第三者販売,265,シャインマスカ,山梨,5,7560,－,7344
20260824,板橋,4100,相対,3835,ピオーネ,山梨,5,5400,4860,4320
20260824,板橋,4100,相対,3835,巨峰,山梨,5,6804,－,6480
20260824,板橋,4100,第三者販売,265,巨峰,山梨,5,6480,－,－
20260824,淀橋,18675,相対,18675,シャインマスカ,山梨,5,10800,－,7560
20260824,淀橋,18675,相対,18675,シャインマスカ,長野,5,14040,－,12960
20260824,淀橋,18675,相対,18675,デラウェア,山形,2,2160,1944,1728
20260824,淀橋,18675,相対,18675,ピオーネ,山梨,5,8100,－,－
20260824,淀橋,18675,相対,18675,巨峰,山梨,5,7020,－,5940
20260824,淀橋,18675,相対,18675,巨峰,長野,0.35,756,－,－
20260824,葛西,3400,相対,3400,シャインマスカ,各地,5,－,7560,－
20260824,葛西,3400,相対,3400,デラウェア,各地,2,－,378,－
20260824,葛西,3400,相対,3400,巨峰,各地,0.35,－,540,－
20260824,豊島,1600,相対,1600,シャインマスカ,山梨,5,9180,－,8100
20260824,豊島,1600,相対,1600,シャインマスカ,長野,5,11880,－,10800
20260824,豊島,1600,相対,1600,デラウェア,山形,0.33,302,281,270
20260824,豊島,1600,相対,1600,ピオーネ,山梨,5,7020,－,6480
20260824,豊島,1600,相対,1600,巨峰,各地,0.35,594,－,572
20260824,豊島,1600,相対,1600,巨峰,山梨,5,6480,－,5400
20260824,豊洲,33774,相対,24496,シャインマスカ,各地,5,12420,9720,7020
20260824,豊洲,33774,第三者販売,8644,シャインマスカ,各地,5,12960,8640,7560
20260824,豊洲,33774,せり・入札,634,シャインマスカ,山梨,5,7560,－,6480
20260824,豊洲,33774,相対,24496,シャインマスカ,山梨,5,8640,7560,6480
20260824,豊洲,33774,第三者販売,8644,シャインマスカ,山梨,5,9180,8640,7020
20260824,豊洲,33774,相対,24496,シャインマスカ,長野,5,16200,10800,9720
20260824,豊洲,33774,第三者販売,8644,シャインマスカ,長野,5,－,10800,－
20260824,豊洲,33774,相対,24496,デラウェア,山形,2,－,1728,－
20260824,豊洲,33774,第三者販売,8644,デラウェア,山形,2,1944,972,756
20260824,豊洲,33774,相対,24496,ピオーネ,各地,5,5400,－,4320
20260824,豊洲,33774,相対,24496,ピオーネ,山梨,0.4,648,594,518
20260824,豊洲,33774,第三者販売,8644,ピオーネ,山梨,0.4,594,－,540
20260824,豊洲,33774,相対,24496,ピオーネ,岡山,5,－,5400,－
20260824,豊洲,33774,せり・入札,634,巨峰,山梨,5,4860,4320,3780
20260824,豊洲,33774,相対,24496,巨峰,山梨,5,6480,－,6156
20260824,豊洲,33774,第三者販売,8644,巨峰,山梨,5,6480,－,6156
20260824,豊洲,33774,相対,24496,巨峰,長野,0.35,594,－,486
20260825,世田谷,1400,相対,1400,シャインマスカ,山梨,5,8640,－,－
20260825,北足立,9600,相対,9600,シャインマスカ,各地,5,7560,－,－
20260825,北足立,9600,相対,9600,シャインマスカ,山梨,5,－,8640,－
20260825,北足立,9600,相対,9600,デラウェア,山形,2,1944,1728,1080
20260825,北足立,9600,相対,9600,ピオーネ,山梨,5,－,6480,－
20260825,北足立,9600,相対,9600,巨峰,山梨,5,－,5940,－
20260825,多摩NT,569,相対,569,シャインマスカ,山梨,5,17280,14040,12960
20260825,多摩NT,569,相対,569,シャインマスカ,長野,5,16200,－,－
20260825,多摩NT,569,相対,569,デラウェア,山形,2,1944,1620,1296
20260825,多摩NT,569,相対,569,デラウェア,山梨,2,1944,－,－
20260825,多摩NT,569,相対,569,ピオーネ,山梨,0.4,648,－,－
20260825,多摩NT,569,相対,569,巨峰,山梨,5,7560,－,－
20260825,多摩NT,569,相対,569,巨峰,長野,0.35,756,－,－
20260825,大田,109820,相対,107251,シャインマスカ,各地,5,16200,9720,5940
20260825,大田,109820,第三者販売,275,シャインマスカ,各地,5,8640,－,7560
20260825,大田,109820,せり・入札,1994,シャインマスカ,山梨,5,7560,6480,5940
20260825,大田,109820,商物分離,300,シャインマスカ,山梨,5,8640,－,－
20260825,大田,109820,相対,107251,シャインマスカ,山梨,5,16200,8640,4320
20260825,大田,109820,相対,107251,シャインマスカ,長野,5,14040,10800,10260
20260825,大田,109820,相対,107251,デラウェア,山形,2,1944,1404,864
20260825,大田,109820,相対,107251,デラウェア,山梨,2,1836,－,－
20260825,大田,109820,せり・入札,1994,ピオーネ,各地,5,4860,4320,3780
20260825,大田,109820,相対,107251,ピオーネ,各地,5,7560,6372,5400
20260825,大田,109820,相対,107251,ピオーネ,山梨,0.4,648,540,324
20260825,大田,109820,相対,107251,ピオーネ,岡山,5,10800,6048,4860
20260825,大田,109820,せり・入札,1994,巨峰,各地,0.35,432,－,216
20260825,大田,109820,相対,107251,巨峰,各地,0.35,486,－,378
20260825,大田,109820,せり・入札,1994,巨峰,山梨,5,4860,4320,3780
20260825,大田,109820,相対,107251,巨峰,山梨,5,7560,6480,4860
20260825,大田,109820,相対,107251,巨峰,長野,0.35,702,－,486
20260825,板橋,4400,相対,4050,シャインマスカ,山梨,5,8100,7344,7020
20260825,板橋,4400,第三者販売,350,シャインマスカ,山梨,5,7020,－,6480
20260825,板橋,4400,相対,4050,デラウェア,山梨,2,－,8640,－
20260825,板橋,4400,相対,4050,ピオーネ,山梨,5,5184,4644,4320
20260825,板橋,4400,相対,4050,巨峰,山梨,5,6480,－,5940
20260825,板橋,4400,第三者販売,350,巨峰,山梨,5,6480,－,－
20260825,淀橋,18409,相対,18409,シャインマスカ,山梨,5,10800,－,7560
20260825,淀橋,18409,相対,18409,シャインマスカ,長野,5,14040,－,12960
20260825,淀橋,18409,相対,18409,デラウェア,山形,2,2160,1944,1728
20260825,淀橋,18409,相対,18409,ピオーネ,山梨,5,8100,－,－
20260825,淀橋,18409,相対,18409,巨峰,山梨,5,7020,－,5940
20260825,淀橋,18409,相対,18409,巨峰,長野,0.35,756,－,－
20260825,葛西,3200,相対,3200,シャインマスカ,各地,5,－,7560,－
20260825,葛西,3200,相対,3200,デラウェア,各地,2,－,378,－
20260825,葛西,3200,相対,3200,巨峰,各地,0.35,－,540,－
20260825,豊島,1700,相対,1700,シャインマスカ,山梨,5,9180,－,－
20260825,豊島,1700,相対,1700,シャインマスカ,長野,5,11880,－,10800
20260825,豊島,1700,相対,1700,デラウェア,山形,0.33,302,270,238
20260825,豊島,1700,相対,1700,ピオーネ,山梨,5,7020,－,－
20260825,豊島,1700,相対,1700,巨峰,各地,0.35,594,－,572
20260825,豊島,1700,相対,1700,巨峰,山梨,5,6480,－,－
20260825,豊洲,28827,相対,19017,シャインマスカ,各地,5,12960,8640,6480
20260825,豊洲,28827,第三者販売,8463,シャインマスカ,各地,5,10800,9720,9180
20260825,豊洲,28827,せり・入札,347,シャインマスカ,山梨,5,6480,5400,4320
20260825,豊洲,28827,商物分離,1000,シャインマスカ,山梨,5,9720,－,8640
20260825,豊洲,28827,相対,19017,シャインマスカ,山梨,5,8640,7560,6480
20260825,豊洲,28827,第三者販売,8463,シャインマスカ,山梨,5,8748,8640,8100
20260825,豊洲,28827,相対,19017,シャインマスカ,長野,5,15120,10800,9720
20260825,豊洲,28827,第三者販売,8463,シャインマスカ,長野,5,－,10800,－
20260825,豊洲,28827,相対,19017,デラウェア,山形,2,1728,864,648
20260825,豊洲,28827,第三者販売,8463,デラウェア,山形,2,－,1728,－
20260825,豊洲,28827,相対,19017,ピオーネ,山梨,0.4,648,594,540
20260825,豊洲,28827,せり・入札,347,巨峰,山梨,5,4860,－,3780
20260825,豊洲,28827,相対,19017,巨峰,山梨,5,6480,6156,5940
20260825,豊洲,28827,第三者販売,8463,巨峰,山梨,5,6480,－,6156
20260825,豊洲,28827,相対,19017,巨峰,長野,0.35,518,－,486
20260827,世田谷,600,相対,600,シャインマスカ,山梨,5,7560,－,－
20260827,世田谷,600,相対,600,巨峰,山梨,5,6480,－,－
20260827,北足立,11000,相対,11000,シャインマスカ,各地,5,7560,－,－
20260827,北足立,11000,相対,11000,デラウェア,山形,2,1944,1728,1080
20260827,多摩NT,1181,相対,1181,シャインマスカ,山梨,5,17280,14040,12960
20260827,多摩NT,1181,相対,1181,シャインマスカ,長野,5,16200,－,－
20260827,多摩NT,1181,相対,1181,デラウェア,山形,2,1944,1620,1296
20260827,多摩NT,1181,相対,1181,デラウェア,山梨,2,1944,－,－
20260827,多摩NT,1181,相対,1181,巨峰,山梨,5,7560,－,－
20260827,多摩NT,1181,相対,1181,巨峰,長野,0.35,756,－,－
20260827,大田,133098,相対,131013,シャインマスカ,各地,5,16200,8640,4860
20260827,大田,133098,せり・入札,1868,シャインマスカ,山梨,5,14040,6480,5400
20260827,大田,133098,商物分離,217,シャインマスカ,山梨,5,8640,－,－
20260827,大田,133098,相対,131013,シャインマスカ,山梨,5,14040,8640,4320
20260827,大田,133098,相対,131013,シャインマスカ,長野,5,15120,10800,8640
20260827,大田,133098,相対,131013,デラウェア,山形,2,1836,1404,864
20260827,大田,133098,相対,131013,デラウェア,山梨,2,1188,－,－
20260827,大田,133098,せり・入札,1868,ピオーネ,各地,5,6480,5400,4860
20260827,大田,133098,相対,131013,ピオーネ,各地,5,10800,7776,5400
20260827,大田,133098,せり・入札,1868,ピオーネ,山梨,0.4,486,－,－
20260827,大田,133098,相対,131013,ピオーネ,山梨,0.4,594,540,486
20260827,大田,133098,相対,131013,ピオーネ,岡山,5,10800,6264,4320
20260827,大田,133098,相対,131013,巨峰,各地,0.35,594,－,378
20260827,大田,133098,せり・入札,1868,巨峰,山梨,5,5400,4860,4320
20260827,大田,133098,相対,131013,巨峰,山梨,5,7560,6480,4860
20260827,大田,133098,相対,131013,巨峰,長野,0.35,648,－,454
20260827,板橋,5300,相対,5215,シャインマスカ,山梨,5,7560,7020,6480
20260827,板橋,5300,相対,5215,デラウェア,山梨,2,－,8640,－
20260827,板橋,5300,相対,5215,ピオーネ,山梨,5,5940,5400,4320
20260827,板橋,5300,相対,5215,巨峰,山梨,5,7128,－,6480
20260827,板橋,5300,第三者販売,85,巨峰,山梨,5,6480,－,－
20260827,淀橋,19349,相対,19349,シャインマスカ,山梨,5,10800,－,7560
20260827,淀橋,19349,相対,19349,シャインマスカ,長野,5,12960,－,－
20260827,淀橋,19349,相対,19349,デラウェア,山形,2,2160,1944,1728
20260827,淀橋,19349,相対,19349,ピオーネ,山梨,5,8100,－,－
20260827,淀橋,19349,相対,19349,巨峰,山梨,5,7020,－,5940
20260827,淀橋,19349,相対,19349,巨峰,長野,0.35,702,－,－
20260827,葛西,3200,相対,3200,シャインマスカ,各地,5,－,6480,－
20260827,葛西,3200,相対,3200,デラウェア,各地,2,－,378,－
20260827,葛西,3200,相対,3200,巨峰,各地,0.35,－,378,－
20260827,豊島,2000,相対,2000,シャインマスカ,山梨,5,9180,－,－
20260827,豊島,2000,相対,2000,シャインマスカ,長野,5,10800,－,－
20260827,豊島,2000,相対,2000,デラウェア,山形,0.33,281,238,216
20260827,豊島,2000,相対,2000,ピオーネ,山梨,5,7020,－,6480
20260827,豊島,2000,相対,2000,巨峰,各地,0.35,594,－,572
20260827,豊島,2000,相対,2000,巨峰,山梨,5,6480,5940,5400
20260827,豊洲,35952,相対,27129,シャインマスカ,各地,5,8640,－,5400
20260827,豊洲,35952,第三者販売,7748,シャインマスカ,各地,5,－,16200,－
20260827,豊洲,35952,せり・入札,75,シャインマスカ,山梨,5,5400,4860,4320
20260827,豊洲,35952,商物分離,1000,シャインマスカ,山梨,5,9720,－,8640
20260827,豊洲,35952,相対,27129,シャインマスカ,山梨,5,8100,7560,6480
20260827,豊洲,35952,第三者販売,7748,シャインマスカ,山梨,5,10800,8640,7560
20260827,豊洲,35952,相対,27129,シャインマスカ,長野,5,10800,10260,8640
20260827,豊洲,35952,第三者販売,7748,シャインマスカ,長野,5,11340,－,10260
20260827,豊洲,35952,相対,27129,デラウェア,山形,2,1728,864,324
20260827,豊洲,35952,第三者販売,7748,デラウェア,山形,2,－,1728,－
20260827,豊洲,35952,相対,27129,ピオーネ,各地,5,－,5400,－
20260827,豊洲,35952,相対,27129,ピオーネ,山梨,0.4,594,－,518
20260827,豊洲,35952,第三者販売,7748,ピオーネ,山梨,0.4,－,594,－
20260827,豊洲,35952,相対,27129,巨峰,山梨,5,7020,6480,5940
20260827,豊洲,35952,第三者販売,7748,巨峰,山梨,5,7128,－,6912
20260827,豊洲,35952,相対,27129,巨峰,長野,0.35,594,562,454
20260827,豊洲,35952,第三者販売,7748,巨峰,長野,0.35,－,562,－
20260828,世田谷,900,相対,900,シャインマスカ,山梨,5,7560,－,－
20260828,世田谷,900,相対,900,巨峰,山梨,5,6480,－,－
20260828,北足立,10000,相対,10000,シャインマスカ,各地,5,7560,－,－
20260828,北足立,10000,相対,10000,シャインマスカ,山梨,5,－,8640,－
20260828,北足立,10000,相対,10000,デラウェア,山形,2,1944,1728,1080
20260828,北足立,10000,相対,10000,ピオーネ,山梨,5,－,7020,－
20260828,北足立,10000,相対,10000,巨峰,山梨,5,7020,－,－
20260828,多摩NT,888,相対,888,シャインマスカ,山梨,5,17280,14040,12960
20260828,多摩NT,888,相対,888,シャインマスカ,長野,5,16200,－,－
20260828,多摩NT,888,相対,888,デラウェア,山形,2,1944,1620,1296
20260828,多摩NT,888,相対,888,デラウェア,山梨,2,1944,－,－
20260828,多摩NT,888,相対,888,ピオーネ,山梨,0.4,648,－,－
20260828,多摩NT,888,相対,888,巨峰,山梨,5,7560,－,－
20260828,多摩NT,888,相対,888,巨峰,長野,0.35,756,－,－
20260828,大田,114585,相対,111740,シャインマスカ,各地,5,12960,8640,4320
20260828,大田,114585,第三者販売,701,シャインマスカ,各地,5,8640,－,－
20260828,大田,114585,せり・入札,1972,シャインマスカ,山梨,5,7560,5940,5400
20260828,大田,114585,相対,111740,シャインマスカ,山梨,5,16200,8640,4320
20260828,大田,114585,相対,111740,シャインマスカ,長野,5,12960,10800,10260
20260828,大田,114585,相対,111740,デラウェア,山形,2,1836,1404,864
20260828,大田,114585,せり・入札,1972,ピオーネ,各地,5,4320,－,－
20260828,大田,114585,相対,111740,ピオーネ,各地,5,8640,6048,5400
20260828,大田,114585,相対,111740,ピオーネ,山梨,0.4,594,540,378
20260828,大田,114585,相対,111740,ピオーネ,岡山,5,10800,6804,5400
20260828,大田,114585,相対,111740,巨峰,各地,0.35,486,－,378
20260828,大田,114585,せり・入札,1972,巨峰,山梨,5,4860,4320,－
20260828,大田,114585,相対,111740,巨峰,山梨,5,7020,6480,4320
20260828,大田,114585,相対,111740,巨峰,長野,0.35,626,－,454
20260828,板橋,4200,相対,3695,シャインマスカ,山梨,5,8640,6804,5940
20260828,板橋,4200,第三者販売,505,シャインマスカ,山梨,5,7560,7020,4860
20260828,板橋,4200,相対,3695,ピオーネ,岡山,5,5940,4320,3780
20260828,板橋,4200,相対,3695,巨峰,山梨,5,5940,5400,4320
20260828,板橋,4200,第三者販売,505,巨峰,山梨,5,6480,－,－
20260828,淀橋,19575,相対,19575,シャインマスカ,山梨,5,10800,－,7560
20260828,淀橋,19575,相対,19575,シャインマスカ,長野,5,14040,－,－
20260828,淀橋,19575,相対,19575,デラウェア,山形,2,2160,1944,1728
20260828,淀橋,19575,相対,19575,ピオーネ,山梨,5,8100,－,－
20260828,淀橋,19575,相対,19575,巨峰,山梨,5,7020,－,5940
20260828,淀橋,19575,相対,19575,巨峰,長野,0.35,648,－,－
20260828,葛西,4000,相対,4000,シャインマスカ,各地,5,－,6480,－
20260828,葛西,4000,相対,4000,デラウェア,各地,2,－,378,－
20260828,葛西,4000,相対,4000,巨峰,各地,0.35,－,540,－
20260828,豊島,1900,相対,1900,シャインマスカ,山梨,5,9720,8640,7560
20260828,豊島,1900,相対,1900,デラウェア,山形,0.33,324,－,270
20260828,豊島,1900,相対,1900,ピオーネ,山梨,5,7020,6480,5940
20260828,豊島,1900,相対,1900,巨峰,各地,0.35,572,－,－
20260828,豊島,1900,相対,1900,巨峰,山梨,5,6480,5940,5400
20260828,豊洲,32841,相対,19099,シャインマスカ,各地,5,10800,9180,7560
20260828,豊洲,32841,第三者販売,11850,シャインマスカ,各地,5,16200,7560,7020
20260828,豊洲,32841,せり・入札,892,シャインマスカ,山梨,5,6480,5940,5400
20260828,豊洲,32841,商物分離,1000,シャインマスカ,山梨,5,9720,－,8640
20260828,豊洲,32841,相対,19099,シャインマスカ,山梨,5,8100,7560,6480
20260828,豊洲,32841,第三者販売,11850,シャインマスカ,山梨,5,9180,8640,7560
20260828,豊洲,32841,相対,19099,シャインマスカ,長野,5,14040,10260,9720
20260828,豊洲,32841,第三者販売,11850,シャインマスカ,長野,5,14040,－,10260
20260828,豊洲,32841,相対,19099,デラウェア,山形,2,1728,540,432
20260828,豊洲,32841,第三者販売,11850,デラウェア,山形,2,－,1728,－
20260828,豊洲,32841,相対,19099,ピオーネ,各地,5,3780,－,3240
20260828,豊洲,32841,相対,19099,ピオーネ,山梨,0.4,648,594,540
20260828,豊洲,32841,第三者販売,11850,ピオーネ,山梨,0.4,594,540,486
20260828,豊洲,32841,せり・入札,892,巨峰,山梨,5,4320,－,3240
20260828,豊洲,32841,相対,19099,巨峰,山梨,5,7020,6480,5940
20260828,豊洲,32841,第三者販売,11850,巨峰,山梨,5,6480,6156,5940
20260828,豊洲,32841,相対,19099,巨峰,長野,0.35,562,－,454
20260828,豊洲,32841,第三者販売,11850,巨峰,長野,0.35,562,－,540
20260829,世田谷,700,相対,700,シャインマスカ,山梨,5,7560,－,－
20260829,世田谷,700,相対,700,巨峰,山梨,5,6480,－,－
20260829,北足立,11100,相対,10500,シャインマスカ,各地,5,7560,－,－
20260829,北足立,11100,相対,10500,シャインマスカ,山梨,5,－,8640,－
20260829,北足立,11100,商物分離,600,デラウェア,山形,0.35,378,346,334
20260829,北足立,11100,相対,10500,デラウェア,山形,2,1944,1728,1080
20260829,北足立,11100,相対,10500,ピオーネ,山梨,5,－,7020,－
20260829,北足立,11100,相対,10500,巨峰,山梨,5,7020,－,－
20260829,多摩NT,1867,相対,1862,シャインマスカ,山梨,5,17280,14040,12960
20260829,多摩NT,1867,相対,1862,シャインマスカ,長野,5,16200,－,－
20260829,多摩NT,1867,第三者販売,5,シャインマスカ,長野,5,16200,－,－
20260829,多摩NT,1867,相対,1862,デラウェア,山形,2,1944,1620,1296
20260829,多摩NT,1867,相対,1862,デラウェア,山梨,2,1944,－,－
20260829,多摩NT,1867,相対,1862,ピオーネ,山梨,0.4,648,－,－
20260829,多摩NT,1867,相対,1862,巨峰,山梨,5,7560,－,－
20260829,多摩NT,1867,相対,1862,巨峰,長野,0.35,756,－,－
20260829,大田,130949,相対,128400,シャインマスカ,各地,5,16200,8640,4860
20260829,大田,130949,せり・入札,2196,シャインマスカ,山梨,5,7560,7020,6480
20260829,大田,130949,相対,128400,シャインマスカ,山梨,5,16200,8640,4320
20260829,大田,130949,相対,128400,シャインマスカ,長野,5,14040,10800,8640
20260829,大田,130949,相対,128400,デラウェア,山形,2,1836,1404,1080
20260829,大田,130949,せり・入札,2196,ピオーネ,各地,5,4320,3672,3240
20260829,大田,130949,相対,128400,ピオーネ,各地,5,10800,6480,4860
20260829,大田,130949,せり・入札,2196,ピオーネ,山梨,0.4,324,－,－
20260829,大田,130949,相対,128400,ピオーネ,山梨,0.4,594,540,486
20260829,大田,130949,相対,128400,ピオーネ,岡山,5,10800,6264,4860
20260829,大田,130949,せり・入札,2196,巨峰,各地,0.35,486,－,432
20260829,大田,130949,相対,128400,巨峰,各地,0.35,540,－,378
20260829,大田,130949,せり・入札,2196,巨峰,山梨,5,5400,4320,4104
20260829,大田,130949,相対,128400,巨峰,山梨,5,7020,6480,4320
20260829,大田,130949,相対,128400,巨峰,長野,0.35,648,－,432
20260829,板橋,5300,相対,4930,シャインマスカ,山梨,5,8640,6480,3780
20260829,板橋,5300,第三者販売,370,シャインマスカ,山梨,5,6696,6480,5940
20260829,板橋,5300,相対,4930,ピオーネ,山梨,5,5940,4320,3780
20260829,板橋,5300,相対,4930,巨峰,山梨,5,5940,5400,4320
20260829,淀橋,19431,相対,19431,シャインマスカ,山梨,5,10800,－,7560
20260829,淀橋,19431,相対,19431,シャインマスカ,長野,5,14040,－,－
20260829,淀橋,19431,相対,19431,デラウェア,山形,2,2160,1944,1728
20260829,淀橋,19431,相対,19431,ピオーネ,山梨,5,8100,－,－
20260829,淀橋,19431,相対,19431,巨峰,山梨,5,7020,－,5940
20260829,淀橋,19431,相対,19431,巨峰,長野,0.35,648,－,－
20260829,葛西,4300,相対,4300,シャインマスカ,各地,5,－,6480,－
20260829,葛西,4300,相対,4300,デラウェア,各地,2,－,378,－
20260829,葛西,4300,相対,4300,巨峰,各地,0.35,－,540,－
20260829,豊島,1600,相対,1600,シャインマスカ,山梨,5,9720,8640,7560
20260829,豊洲,34044,相対,25789,シャインマスカ,各地,5,8640,7560,5400
20260829,豊洲,34044,商物分離,650,シャインマスカ,山梨,5,9720,－,8640
20260829,豊洲,34044,相対,25789,シャインマスカ,山梨,5,8100,7560,6480
20260829,豊洲,34044,第三者販売,7605,シャインマスカ,山梨,5,8640,7560,6480
20260829,豊洲,34044,相対,25789,シャインマスカ,長野,5,10800,10260,9180
20260829,豊洲,34044,第三者販売,7605,シャインマスカ,長野,5,－,9720,－
20260829,豊洲,34044,相対,25789,デラウェア,山形,2,1728,－,324
20260829,豊洲,34044,第三者販売,7605,デラウェア,山形,2,1944,－,1728
20260829,豊洲,34044,相対,25789,ピオーネ,各地,5,－,3240,－
20260829,豊洲,34044,相対,25789,ピオーネ,山梨,0.4,648,594,540
20260829,豊洲,34044,第三者販売,7605,ピオーネ,山梨,0.4,－,540,－
20260829,豊洲,34044,相対,25789,巨峰,山梨,5,8100,6480,5940
20260829,豊洲,34044,第三者販売,7605,巨峰,山梨,5,7020,6480,6156
20260829,豊洲,34044,相対,25789,巨峰,長野,0.35,562,518,486
20260831,世田谷,850,相対,850,シャインマスカ,山梨,5,6480,－,4320
20260831,世田谷,850,相対,850,巨峰,山梨,5,4860,－,3780
20260831,北足立,10900,相対,10900,シャインマスカ,山梨,5,－,8640,－
20260831,北足立,10900,相対,10900,デラウェア,山形,2,1944,1728,1080
20260831,北足立,10900,相対,10900,ピオーネ,山梨,5,－,7020,－
20260831,北足立,10900,相対,10900,巨峰,山梨,5,7020,－,－
20260831,多摩NT,1581,相対,1581,シャインマスカ,山梨,5,17280,14040,12960
20260831,多摩NT,1581,相対,1581,シャインマスカ,長野,5,16200,－,－
20260831,多摩NT,1581,相対,1581,デラウェア,山形,2,1944,1620,1296
20260831,多摩NT,1581,相対,1581,デラウェア,山梨,2,1944,－,－
20260831,多摩NT,1581,相対,1581,巨峰,山梨,5,7560,－,－
20260831,多摩NT,1581,相対,1581,巨峰,長野,0.35,756,－,－
20260831,大田,131986,相対,127846,シャインマスカ,各地,5,16200,8640,4320
20260831,大田,131986,せり・入札,2419,シャインマスカ,山梨,5,7560,6480,4860
20260831,大田,131986,商物分離,1605,シャインマスカ,山梨,5,11880,9720,8640
20260831,大田,131986,相対,127846,シャインマスカ,山梨,5,12960,7560,4320
20260831,大田,131986,相対,127846,シャインマスカ,長野,5,12960,10800,9720
20260831,大田,131986,相対,127846,デラウェア,山形,2,1836,1512,1080
20260831,大田,131986,せり・入札,2419,ピオーネ,各地,5,5400,－,4320
20260831,大田,131986,相対,127846,ピオーネ,各地,5,9720,5832,4860
20260831,大田,131986,相対,127846,ピオーネ,山梨,0.4,594,540,486
20260831,大田,131986,相対,127846,ピオーネ,岡山,5,10800,6804,4860
20260831,大田,131986,相対,127846,巨峰,各地,0.35,540,－,378
20260831,大田,131986,せり・入札,2419,巨峰,山梨,5,5940,4320,3780
20260831,大田,131986,相対,127846,巨峰,山梨,5,7020,6480,3780
20260831,大田,131986,相対,127846,巨峰,長野,0.35,594,－,432
20260831,板橋,4200,相対,3465,シャインマスカ,山梨,5,8640,7020,5940
20260831,板橋,4200,第三者販売,735,シャインマスカ,山梨,5,6696,6480,5940
20260831,板橋,4200,相対,3465,ピオーネ,山梨,5,5400,4860,3780
20260831,板橋,4200,第三者販売,735,ピオーネ,山梨,5,5400,－,－
20260831,板橋,4200,相対,3465,巨峰,山梨,5,6804,－,6480
20260831,板橋,4200,第三者販売,735,巨峰,山梨,5,6480,－,－
20260831,淀橋,20873,相対,20873,シャインマスカ,山梨,5,10800,－,7560
20260831,淀橋,20873,相対,20873,シャインマスカ,長野,5,14040,－,－
20260831,淀橋,20873,相対,20873,デラウェア,山形,2,2160,1944,1728
20260831,淀橋,20873,相対,20873,ピオーネ,山梨,5,8100,－,－
20260831,淀橋,20873,相対,20873,巨峰,山梨,5,7020,－,5940
20260831,淀橋,20873,相対,20873,巨峰,長野,0.35,648,－,－
20260831,葛西,4700,相対,4700,シャインマスカ,各地,5,－,6480,－
20260831,葛西,4700,相対,4700,デラウェア,各地,2,－,378,－
20260831,葛西,4700,相対,4700,巨峰,各地,0.35,－,540,－
20260831,豊島,2200,相対,2200,シャインマスカ,山梨,5,8640,－,－
20260831,豊島,2200,相対,2200,シャインマスカ,長野,5,9720,－,7560
20260831,豊島,2200,相対,2200,デラウェア,山形,0.33,302,270,216
20260831,豊島,2200,相対,2200,ピオーネ,山梨,5,7020,5724,5184
20260831,豊島,2200,相対,2200,巨峰,各地,0.35,572,－,－
20260831,豊島,2200,相対,2200,巨峰,山梨,5,6804,6480,5400
20260831,豊洲,35612,相対,22882,シャインマスカ,各地,5,10800,7560,7020
20260831,豊洲,35612,第三者販売,12380,シャインマスカ,各地,5,9180,－,7560
20260831,豊洲,35612,商物分離,355,シャインマスカ,山梨,5,8748,－,7776
20260831,豊洲,35612,相対,22882,シャインマスカ,山梨,5,8640,7560,6480
20260831,豊洲,35612,第三者販売,12380,シャインマスカ,山梨,5,8640,7560,6480
20260831,豊洲,35612,相対,22882,シャインマスカ,長野,5,10800,9720,8640
20260831,豊洲,35612,第三者販売,12380,シャインマスカ,長野,5,9720,－,9504
20260831,豊洲,35612,相対,22882,デラウェア,山形,2,648,－,324
20260831,豊洲,35612,第三者販売,12380,デラウェア,山形,2,－,1728,－
20260831,豊洲,35612,相対,22882,ピオーネ,各地,5,6480,－,5400
20260831,豊洲,35612,相対,22882,ピオーネ,山梨,0.4,648,594,540
20260831,豊洲,35612,第三者販売,12380,ピオーネ,山梨,0.4,648,－,594
20260831,豊洲,35612,相対,22882,巨峰,山梨,5,7020,6480,5616
20260831,豊洲,35612,第三者販売,12380,巨峰,山梨,5,6480,－,6156
20260831,豊洲,35612,相対,22882,巨峰,長野,0.35,540,486,324
20260831,豊洲,35612,第三者販売,12380,巨峰,長野,0.35,－,540,－
